# callgrind format
version: 1
creator: callgrind-3.15.0
pid: 12840
cmd:  ../11-SobaZabave/test/Test/build/Test
part: 1


desc: I1 cache: 
desc: D1 cache: 
desc: LL cache: 

desc: Timerange: Basic block 0 - 3018404
desc: Trigger: Program termination

positions: line
events: Ir
summary: 15811256


ob=(25) /usr/lib/x86_64-linux-gnu/libdouble-conversion.so.3.1
fl=(210) ???
fn=(1474) 0x00000000000022a0
0 12

fn=(10352) 0x00000000000021f0
0 5

fn=(10342) 0x0000000000002260
0 9
cob=(2) ???
cfi=(18) ???
cfn=(10348) 0x00000000066cf0e0
calls=1 0 
0 383
0 1
cfn=(10352)
calls=1 0 
0 5
0 3

ob=(20) /usr/lib/x86_64-linux-gnu/libglib-2.0.so.0.6400.6
fl=(199) ???
fn=(1190) g_private_set
0 12
cob=(2)
cfi=(18)
cfn=(1192) 0x00000000067001c0
calls=1 0 
0 37
0 7

fn=(1200) 0x000000000003df80
0 26
cfn=(1206) g_realloc
calls=1 0 
0 228
0 5
cfn=(1212) g_malloc0_n
calls=1 0 
0 247
0 7

fn=(1196) g_malloc
0 12
cob=(2)
cfi=(18)
cfn=(1122) 0x00000000067005c0
calls=2 0 
0 382
0 8

fn=(1118) g_private_get
0 12
cob=(2)
cfi=(18)
cfn=(1134) 0x0000000006700570
calls=1 0 
0 15
0 3
cfn=(1120) 0x000000000009f6e0
calls=1 0 
0 238
0 4

fn=(1206)
0 8
cob=(2)
cfi=(18)
cfn=(1208) 0x00000000067006b0
calls=1 0 
0 218
0 2

fn=(10500) 0x000000000001db90
0 5

fn=(1080) 0x000000000001db60
0 7
cfn=(1084) 0x000000000004cdf0
calls=1 0 
0 416
0 1
cfn=(1096) 0x000000000004ced0
calls=1 0 
0 405
0 10
cfn=(1112) g_hash_table_new
calls=1 0 
0 2056
0 3
cfn=(1196)
calls=1 0 
0 201
0 5

fn=(1096)
0 15
cob=(2)
cfi=(18)
cfn=(1086) 0x00000000066ffde0
calls=1 0 
0 377
0 13

fn=(1112)
0 4
cfn=(1114) g_hash_table_new_full
calls=1 0 
0 2052

fn=(1182) 0x000000000007bb60
0 7
cfn=(1184) g_malloc0
calls=1 0 
0 365
0 4
cfn=(1190)
calls=1 0 
0 56
0 5

fn=(1084)
0 26
cob=(2)
cfi=(18)
cfn=(1086)
calls=1 0 
0 381
0 9

fn=(1114)
0 12
cfn=(1116) g_slice_alloc
calls=1 0 
0 1502
0 3
cfn=(1198) g_atomic_ref_count_init
calls=1 0 
0 5
0 10
cfn=(1200)
calls=1 0 
0 513
0 7

fn=(1138) 0x000000000006fef0
0 8
cob=(2)
cfi=(18)
cfn=(1142) 0x0000000006700890
calls=1 0 
0 46
0 12
cob=(2)
cfi=(18)
cfn=(1086)
calls=1 0 
0 377
0 8
cfn=(1168) g_get_real_time
calls=1 0 
0 25
0 44

fn=(1074) 0x000000000001dc40
0 12

fn=(1116)
0 11
cfn=(1118)
calls=1 0 
0 272
0 9
cfn=(1196)
calls=1 0 
0 201
0 19
cfn=(1136) g_mutex_lock
calls=1 0 
0 6
0 3
cfn=(1138)
calls=1 0 
0 520
0 2
cfn=(1180) g_mutex_unlock
calls=1 0 
0 6
0 10
cfn=(1182)
calls=1 0 
0 437
0 6

fn=(1180)
0 6

fn=(1184)
0 16
cob=(2)
cfi=(18)
cfn=(1186) 0x00000000067003f0
calls=2 0 
0 577
0 8

fn=(1212)
0 11
cfn=(1184)
calls=1 0 
0 236

fn=(10490) 0x000000000001dc00
0 9
cob=(2)
cfi=(18)
cfn=(10496) 0x00000000066ffdb0
calls=1 0 
0 383
0 1
cfn=(10500)
calls=1 0 
0 5
0 3

fn=(1168)
0 8
cob=(2)
cfi=(18)
cfn=(1170) 0x0000000006700270
calls=1 0 
0 10
0 7

fn=(1120)
0 6
cob=(2)
cfi=(18)
cfn=(1122)
calls=1 0 
0 184
0 6
cob=(2)
cfi=(18)
cfn=(1128) 0x0000000006700780
calls=1 0 
0 34
0 8

fn=(1136)
0 6

fn=(1198)
0 5

ob=(30) /usr/lib/x86_64-linux-gnu/libQt5Gui.so.5.12.8
fl=(216) ???
fn=(10054) 0x00000000004c8200
0 5
cob=(2)
cfi=(18)
cfn=(1792) 0x0000000005c501f0
calls=1 0 
0 46
0 3
cob=(2)
cfi=(18)
cfn=(1792)
calls=1 0 
0 46
0 3
cob=(2)
cfi=(18)
cfn=(1792)
calls=1 0 
0 46
0 3
cob=(2)
cfi=(18)
cfn=(1792)
calls=1 0 
0 46
0 4
cob=(2)
cfi=(18)
cfn=(1792)
calls=1 0 
0 46

fn=(10086) 0x0000000000128ab0
0 8

fn=(10154) 0x00000000000e7cc0
0 5

fn=(1746) 0x00000000000e7870
0 9
cob=(2)
cfi=(18)
cfn=(1750) 0x0000000005c52780
calls=1 0 
0 1422
0 3

fn=(1788) 0x00000000000e7bf0
0 3
cfn=(1790) 0x00000000004c8250
calls=1 0 
0 4392
0 5
cob=(2)
cfi=(18)
cfn=(1664) 0x0000000005c52e20
calls=1 0 
0 74

fn=(10064) 0x000000000040b130
0 8

fn=(10092) 0x0000000000128b40
0 8

fn=(1770) 0x00000000000e7880
0 21

fn=(1790)
0 5
cob=(2)
cfi=(18)
cfn=(1792)
calls=1 0 
0 3923
0 3
cob=(2)
cfi=(18)
cfn=(1792)
calls=1 0 
0 115
0 3
cob=(2)
cfi=(18)
cfn=(1792)
calls=1 0 
0 112
0 3
cob=(2)
cfi=(18)
cfn=(1792)
calls=1 0 
0 112
0 4
cob=(2)
cfi=(18)
cfn=(1792)
calls=1 0 
0 112

fn=(1872) 0x00000000000e7c70
0 7
cob=(2)
cfi=(18)
cfn=(1750)
calls=1 0 
0 148
0 5
cob=(2)
cfi=(18)
cfn=(1664)
calls=1 0 
0 74

fn=(10052) 0x00000000004e8820
0 6
cob=(2)
cfi=(18)
cfn=(10048) 0x0000000005c52c40
calls=1 0 
0 304

fn=(10098) 0x00000000000fe6f0
0 8

fn=(1610) 0x00000000000e7d70
0 12

fn=(1766) 0x00000000002d7a10
0 52

fn=(1858) 0x00000000000e7c20
0 7
cob=(2)
cfi=(18)
cfn=(1750)
calls=1 0 
0 1771
0 5
cob=(2)
cfi=(18)
cfn=(1664)
calls=1 0 
0 74

fn=(10038) 0x00000000000e7d30
0 9
cob=(2)
cfi=(18)
cfn=(10044) 0x0000000005c50040
calls=1 0 
0 6846
0 1
cfn=(10154)
calls=1 0 
0 5
0 3

fn=(10046) 0x00000000004e88d0
0 6
cob=(2)
cfi=(18)
cfn=(10048)
calls=1 0 
0 1433

fn=(10070) 0x0000000000128a20
0 20

fn=(10074) 0x0000000000128b10
0 8

fn=(1786) 0x00000000000e7b90
0 12
cob=(2)
cfi=(18)
cfn=(1664)
calls=1 0 
0 74

fn=(1616) 0x00000000000e7510
0 5
cob=(2)
cfi=(18)
cfn=(1618) 0x0000000005c52cf0
calls=1 0 
0 6182
0 4
cob=(2)
cfi=(18)
cfn=(1664)
calls=1 0 
0 1181
0 4
cob=(2)
cfi=(18)
cfn=(1670) 0x0000000005c51f70
calls=1 0 
0 1008
0 4
cob=(2)
cfi=(18)
cfn=(1664)
calls=1 0 
0 74
0 6
cob=(2)
cfi=(18)
cfn=(1670)
calls=1 0 
0 16
0 5
cob=(2)
cfi=(18)
cfn=(1664)
calls=1 0 
0 74

fn=(1716) 0x00000000000e7820
0 16
cob=(2)
cfi=(18)
cfn=(1720) 0x0000000005c519f0
calls=1 0 
0 3041
0 2

fn=(1764) 0x00000000000e78a0
0 5
cfn=(1766)
calls=1 0 
0 52
0 40
cfn=(1770)
calls=1 0 
0 7
0 10
cfn=(1770)
calls=1 0 
0 7
0 29
cfn=(1770)
calls=1 0 
0 7
0 37

fn=(10080) 0x0000000000128ae0
0 8

fn=(10104) 0x00000000001058c0
0 10
cob=(2)
cfi=(18)
cfn=(10106) 0x0000000005c51fe0
calls=1 0 
0 880
0 23
cob=(2)
cfi=(18)
cfn=(10122) 0x0000000005c51a60
calls=1 0 
0 879
0 2
cob=(2)
cfi=(18)
cfn=(10128) 0x0000000005c50070
calls=1 0 
0 25
0 12

fn=(1680) 0x00000000000e75a0
0 3
cob=(2)
cfi=(18)
cfn=(1682) 0x0000000005c527a0
calls=1 0 
0 755
0 9
cob=(2)
cfi=(18)
cfn=(1664)
calls=1 0 
0 74
0 6
cob=(2)
cfi=(18)
cfn=(1664)
calls=1 0 
0 74
0 6
cob=(2)
cfi=(18)
cfn=(1664)
calls=1 0 
0 74
0 5
cob=(2)
cfi=(18)
cfn=(1664)
calls=1 0 
0 74
0 6
cob=(2)
cfi=(18)
cfn=(1664)
calls=1 0 
0 74
0 6
cob=(2)
cfi=(18)
cfn=(1664)
calls=1 0 
0 74
0 5
cob=(2)
cfi=(18)
cfn=(1664)
calls=1 0 
0 74
0 5
cob=(2)
cfi=(18)
cfn=(1664)
calls=1 0 
0 74
0 7
cob=(2)
cfi=(18)
cfn=(1664)
calls=1 0 
0 74

fn=(1706) 0x00000000000e76e0
0 33
cob=(2)
cfi=(18)
cfn=(1708) 0x0000000005c50dd0
calls=1 0 
0 1308
0 5

ob=(18) /lib/x86_64-linux-gnu/libpcre.so.3.13.3
fl=(197) ???
fn=(10536) 0x00000000000022f0
0 5

fn=(1054) 0x00000000000023a0
0 12

fn=(10526) 0x0000000000002360
0 9
cob=(2)
cfi=(18)
cfn=(10532) 0x0000000008496160
calls=1 0 
0 383
0 1
cfn=(10536)
calls=1 0 
0 5
0 3

ob=(33) /usr/lib/x86_64-linux-gnu/valgrind/vgpreload_core-amd64-linux.so
fl=(224) ???
fn=(9960) 0x0000000000001070
0 5

fn=(2228) 0x0000000000001120
0 12

fn=(9950) 0x00000000000010e0
0 9
cob=(2)
cfi=(18)
cfn=(9956) 0x0000000004831040
calls=1 0 
0 383
0 1
cfn=(9960)
calls=1 0 
0 5
0 3

ob=(9) /usr/lib/x86_64-linux-gnu/libxcb.so.1.1.0
fl=(152) ???
fn=(10904) 0x000000000000b630
0 5

fn=(10894) 0x000000000000b6a0
0 9
cob=(2)
cfi=(18)
cfn=(10900) 0x0000000008829320
calls=1 0 
0 383
0 1
cfn=(10904)
calls=1 0 
0 5
0 3

fn=(486) 0x000000000000b6e0
0 12

ob=(12) /usr/lib/x86_64-linux-gnu/libgraphite2.so.3.2.1
fl=(156) ???
fn=(10846) 0x0000000000003460
0 5

fn=(518) 0x0000000000003510
0 12

fn=(10836) 0x00000000000034d0
0 9
cob=(2)
cfi=(18)
cfn=(10842) 0x00000000086b7150
calls=1 0 
0 383
0 1
cfn=(10846)
calls=1 0 
0 5
0 3

ob=(5) /lib/x86_64-linux-gnu/libpthread-2.31.so
fl=(219) /build/glibc-B3wQXB/glibc-2.31/nptl/pthread_cond_init.c
fn=(1654) pthread_cond_init@@GLIBC_2.3.2
28 2
+5 8
+6 12
+6 4
+1 2
+2 2
+3 4

fl=(217) /build/glibc-B3wQXB/glibc-2.31/nptl/pthread_condattr_init.c
fn=(1640) pthread_condattr_init
25 2
+7 2
+3 4

fl=(263) /build/glibc-B3wQXB/glibc-2.31/nptl/../sysdeps/unix/sysv/linux/close.c
fn=(8858) close
26 2
+1 14
+1 2

fl=(192) /build/glibc-B3wQXB/glibc-2.31/nptl/pthread_mutexattr_destroy.c
fn=(960) pthread_mutexattr_destroy
24 1
+2 2

fl=(244) /build/glibc-B3wQXB/glibc-2.31/nptl/../sysdeps/unix/sysv/linux/open64.c
fn=(6320) open
37 2
+3 1
-3 8
+3 6
+8 10
+2 7
-2 5

fl=(183) /build/glibc-B3wQXB/glibc-2.31/nptl/pthread_setspecific.c
fn=(680) pthread_setspecific
26 18
+7 3
-7 3
+11 6
+3 15
+2 3
-2 9
+4 9
+3 6
+35 3
+6 3
-1 6
+3 3
+1 18

fl=(261) /build/glibc-B3wQXB/glibc-2.31/nptl/../sysdeps/unix/sysv/linux/connect.c
fn=(8442) connect
24 4
+2 48

fl=(165) /build/glibc-B3wQXB/glibc-2.31/nptl/../nptl/pthread_mutex_lock.c
fn=(600) pthread_mutex_lock
64 58
+3 174
+2 58
+2 116
-7 116
+11 116
+2 66
+3 88
+1 66
+75 57
+3 57
+2 57
+3 57
+2 57
+1 174
-83 72
+11 144
+4 36
+3 72
+3 3
+4 2
+2 2
+4 70
+2 105
+1 70

fl=(189) /build/glibc-B3wQXB/glibc-2.31/nptl/pthread_mutexattr_init.c
fn=(942) pthread_mutexattr_init
25 1
+11 1
+3 2

fl=(245) /build/glibc-B3wQXB/glibc-2.31/nptl/../csu/errno-loc.c
fn=(6330) __errno_location
25 23
+1 46
+1 23

fl=(218) /build/glibc-B3wQXB/glibc-2.31/nptl/pthread_condattr_setclock.c
fn=(1648) pthread_condattr_setclock
29 2
+5 2
-3 4
+10 2
+1 2
-1 2
+1 2
+2 2
-2 2
+3 2

fl=(274) /build/glibc-B3wQXB/glibc-2.31/nptl/pthread_cond_destroy.c
fn=(10142) pthread_cond_destroy@@GLIBC_2.3.2
43 2
+1 1
+6 7
fi=(275) /build/glibc-B3wQXB/glibc-2.31/nptl/pthread_cond_common.c
326 2
fe=(274)
52 1
fi=(170) /build/glibc-B3wQXB/glibc-2.31/nptl/../sysdeps/nptl/futex-internal.h
+89 1
fi=(275)
326 3
fe=(274)
52 3
+8 3

fl=(177) /build/glibc-B3wQXB/glibc-2.31/nptl/pthread_mutex_unlock.c
fn=(650) pthread_mutex_unlock
356 59
41 177
+1 177
+5 118
+8 58
+3 58
-6 58
+6 232
+2 58
358 118
64 74
+6 148
+4 111
+3 110

fl=(276) /build/glibc-B3wQXB/glibc-2.31/nptl/pthread_mutex_destroy.c
fn=(10150) pthread_mutex_destroy
27 5
+1 5
+4 15
+2 5
+1 5
-1 10
+6 5
+2 5
+1 5

fl=(253) /build/glibc-B3wQXB/glibc-2.31/nptl/cleanup_defer_compat.c
fn=(7284) _pthread_cleanup_pop_restore
62 4
+3 4
-2 4
+2 4
+3 12
+23 8
+1 4

fn=(7266) _pthread_cleanup_push_defer
25 4
+3 4
+1 4
-3 4
+4 8
+2 12
+3 12
+17 12
+2 4
+1 4

fl=(139) /build/glibc-B3wQXB/glibc-2.31/nptl/pthread_mutex_conf.c
fn=(416) __pthread_tunables_init
42 2
+1 2
-1 3
+1 2
cob=(2)
cfi=(18)
cfn=(418) 0x00000000055f8a10
calls=1 -43 
* 1476
+2 5

fl=(171) /build/glibc-B3wQXB/glibc-2.31/nptl/pthread_getspecific.c
fn=(624) pthread_getspecific
25 36
+5 72
+1 180
+24 36
+1 72
+4 198
+5 72

fl=(190) /build/glibc-B3wQXB/glibc-2.31/nptl/pthread_mutexattr_settype.c
fn=(948) pthread_mutexattr_settype
25 1
+4 1
-1 2
+5 3
+5 3
+2 1
-2 1
+3 1

fl=(243) /build/glibc-B3wQXB/glibc-2.31/nptl/pthread_cond_broadcast.c
fn=(4222) pthread_cond_broadcast@@GLIBC_2.3.2
40 16
+1 2
+2 2
+1 6
+45 18

fl=(129) /build/glibc-B3wQXB/glibc-2.31/nptl/nptl-init.c
fn=(378) __pthread_initialize_minimal
244 7
+2 1
fi=(130) /build/glibc-B3wQXB/glibc-2.31/nptl/../sysdeps/unix/sysv/linux/pthread-pids.h
29 1
fe=(129)
244 4
fi=(130)
29 3
fe=(129)
248 2
+1 1
+5 1
+8 1
-4 1
+4 1
-8 3
+8 1
+10 3
+4 1
-1 1
fi=(281) /build/glibc-B3wQXB/glibc-2.31/nptl/../include/list.h
46 1
-2 1
+4 1
fe=(129)
280 2
+3 3
+7 3
-1 18
+1 1
-2 1
+2 1
-2 1
+2 1
cfi=(131) /build/glibc-B3wQXB/glibc-2.31/nptl/../sysdeps/unix/sysv/linux/sigaction.c
cfn=(382) __libc_sigaction
calls=1 43 
* 51
+5 3
-2 1
+1 1
-1 1
+2 1
cfi=(131)
cfn=(382)
calls=1 43 
* 51
+9 3
-3 1
+3 1
-3 1
+3 2
+7 3
cob=(2)
cfi=(18)
cfn=(384) 0x00000000055f8a30
calls=1 0 
* 1565
+3 4
+2 1
+2 2
+5 2
-5 4
+5 1
cob=(2)
cfi=(18)
cfn=(398) 0x00000000055f85d0
calls=1 0 
* 1053
* 3
+1 3
+4 4
+7 2
+1 3
+5 6
+1 1
-1 1
+1 3
+1 1
+1 1
-1 1
+2 4
+5 2
+2 1
-2 1
+3 1
+2 1
-5 1
+4 3
+3 1
+3 1
-3 1
+3 2
+8 1
-8 1
+8 2
-8 2
+8 1
cob=(2)
cfi=(18)
cfn=(404) 0x00000000055f8940
calls=1 0 
* 1478
+4 1
-6 1
+9 1
cfi=(139)
cfn=(416)
calls=1 42 
* 1490
+2 8

fl=(220) /build/glibc-B3wQXB/glibc-2.31/nptl/pthread_condattr_destroy.c
fn=(1660) pthread_condattr_destroy
24 2
+3 4

fl=(279) /build/glibc-B3wQXB/glibc-2.31/nptl/../nptl/pthread_mutex_trylock.c
fn=(10630) pthread_mutex_trylock
36 7
+2 1
+4 9
460 7
49 2
+11 4
+5 1
+1 1
-3 1
+1 1
+2 1

fl=(168) /build/glibc-B3wQXB/glibc-2.31/nptl/cleanup_compat.c
fn=(618) _pthread_cleanup_pop
40 5
+3 10
+4 10
+2 5

fn=(610) _pthread_cleanup_push
26 5
+3 5
+1 5
+1 10
+2 5
+1 5

fl=(131)
fn=(382)
43 7068
+5 2356
+2 1178
+1 1178
+7 1178
-7 4712
-1 1178
+3 1178
-2 5890
+7 1178
-5 1178
+5 1178
-7 1178
+2 1178
-2 1178
+2 3534
+5 2356
-7 4712
+7 7068
+4 3532
+2 588
+1 2352
-1 588
+2 588
-1 3528
+1 588
+1 588
-2 1176
+2 588
-2 2352
+5 7068

fl=(169) /build/glibc-B3wQXB/glibc-2.31/nptl/pthread_key_create.c
fn=(616) pthread_key_create
26 4
+2 12
+2 4
+2 8
-2 6
+2 20
-4 24
+6 12
+4 12
+6 4
-3 4
+3 4

fl=(240) /build/glibc-B3wQXB/glibc-2.31/nptl/../nptl/sigaction.c
fn=(3230) sigaction
23 1176
+1 3528
fi=(241) /build/glibc-B3wQXB/glibc-2.31/nptl/../sysdeps/unix/sysv/linux/internal-signals.h
+22 1176
fe=(240)
-22 2352
+6 1176
cfi=(131)
cfn=(382)
calls=1176 +13 
* 74088

fl=(191) /build/glibc-B3wQXB/glibc-2.31/nptl/pthread_mutex_init.c
fn=(954) pthread_mutex_init
53 30
+12 6
+3 5
+21 4
+3 3
+2 2
+8 2
+3 2
+31 4
+4 1
+9 1
+2 1
+1 3
-12 2
+9 2
+2 2
+1 24
-47 2
-16 4
+3 2
-3 6

fl=(167) /build/glibc-B3wQXB/glibc-2.31/nptl/pthread_once.c
fn=(608) __pthread_once_slow
68 4
fi=(170)
+73 8
fe=(167)
-73 32
+8 4
+4 8
+52 36
-44 8
+4 8
+9 8
+13 20
cfi=(168)
cfn=(610)
calls=4 -88 
* 28
+2 4
cob=(24) /usr/lib/x86_64-linux-gnu/libstdc++.so.6.0.28
cfi=(207) ???
cfn=(4112) __once_proxy
calls=1 0 
* 80
cob=(29) /usr/lib/x86_64-linux-gnu/libQt5Core.so.5.12.8
cfi=(214) ???
cfn=(3676) 0x00000000000bddc0
calls=1 0 
* 978
cob=(24)
cfi=(207)
cfn=(2274) 0x00000000000be590
calls=1 0 
* 83264
cob=(10) /lib/x86_64-linux-gnu/libdl-2.31.so
cfi=(166) /build/glibc-B3wQXB/glibc-2.31/dlfcn/dlerror.c
cfn=(612) init
calls=1 +67 
* 31
+2 12
cfi=(168)
cfn=(618)
calls=4 -78 
* 24
fi=(170)
364 20
fe=(167)
124 4
fi=(170)
364 12
fe=(167)

fn=(609) __pthread_once_slow'2
68 1
fi=(170)
+73 2
fe=(167)
-73 8
+8 1
+4 2
+52 9
-44 2
+4 2
+9 2
+13 5
cfi=(168)
cfn=(610)
calls=1 -88 
* 7

ob=(7) /usr/lib/x86_64-linux-gnu/libXdmcp.so.6.0.0
fl=(150) ???
fn=(10940) 0x00000000000021a0
0 5

fn=(466) 0x0000000000002250
0 9

ob=(5)
fl=(167)
fn=(609)
116 1
cob=(24)
cfi=(207)
cfn=(2300) 0x00000000000bc270
calls=1 0 
* 2463
+2 3
cfi=(168)
cfn=(618)
calls=1 -78 
* 6
fi=(170)
364 5
fe=(167)
124 1
fi=(170)
364 3
fe=(167)

fn=(606) pthread_once
136 67
+3 67
+1 134
+4 126
-1 4
cfn=(608)
calls=4 -75 
* 84593

fn=(607) pthread_once'2
136 14
+3 14
+1 28
+4 26
-1 1
cfn=(609)
calls=1 -75 
* 2523

fl=(141) /build/glibc-B3wQXB/glibc-2.31/nptl/../sysdeps/unix/sysv/linux/x86/elision-conf.c
fn=(430) elision_init
105 2
+5 1
-5 1
+5 1
-5 3
+5 3
cob=(2)
cfi=(18)
cfn=(418)
calls=1 0 
* 21
+2 4
cob=(2)
cfi=(18)
cfn=(418)
calls=1 0 
* 21
+2 4
cob=(2)
cfi=(18)
cfn=(418)
calls=1 0 
* 21
+2 4
cob=(2)
cfi=(18)
cfn=(418)
calls=1 0 
* 21
+2 4
cob=(2)
cfi=(18)
cfn=(418)
calls=1 0 
* 21
+4 3
+1 1
+1 6

fl=(140) ???
fn=(10554) 0x0000000000006b10
0 5

fn=(424) 0x0000000000006bc0
0 12

fn=(10544) 0x0000000000006b80
0 9
cob=(2)
cfi=(18)
cfn=(10550) 0x00000000055f8580
calls=1 0 
0 383
0 1
cfn=(10554)
calls=1 0 
0 5
0 3

ob=(7)
fl=(150)
fn=(466)
0 3

fn=(10930) 0x0000000000002210
0 9
cob=(2)
cfi=(18)
cfn=(10936) 0x00000000088520e0
calls=1 0 
0 383
0 1
cfn=(10940)
calls=1 0 
0 5

ob=(5)
fl=(277) /build/glibc-B3wQXB/glibc-2.31/nptl/pthread_key_delete.c
fn=(10274) pthread_key_delete
26 2
+3 4
+2 10
+2 4
+1 8
+3 2
+4 2

ob=(7)
fl=(150)
fn=(10930)
0 3

ob=(21) /usr/lib/x86_64-linux-gnu/libharfbuzz.so.0.20600.4
fl=(204) ???
fn=(10482) 0x0000000000009c90
0 5

fn=(10472) 0x0000000000009d00
0 9
cob=(2)
cfi=(18)
cfn=(10478) 0x00000000068d8650
calls=1 0 
0 383
0 1
cfn=(10482)
calls=1 0 
0 5
0 3

ob=(15) /usr/lib/x86_64-linux-gnu/libfreetype.so.6.17.1
fl=(160) ???
fn=(10764) 0x000000000000c820
0 9
cob=(2)
cfi=(18)
cfn=(10770) 0x00000000086013e0
calls=1 0 
0 383
0 1
cfn=(10774) 0x000000000000c7b0
calls=1 0 
0 5
0 3

fn=(558) 0x000000000000c860
0 12

ob=(21)
fl=(204)
fn=(1226) 0x0000000000009d40
0 10

ob=(15)
fl=(160)
fn=(10774)
0 4

ob=(21)
fl=(204)
fn=(1226)
0 2

ob=(15)
fl=(160)
fn=(10774)
0 1

ob=(28) /usr/lib/x86_64-linux-gnu/libicui18n.so.66.1
fl=(213) ???
fn=(1504) 0x00000000000fc680
0 12

fn=(10298) 0x00000000000fc5d0
0 5

fn=(10288) 0x00000000000fc640
0 9
cob=(2)
cfi=(18)
cfn=(10294) 0x000000000624d580
calls=1 0 
0 383
0 1
cfn=(10298)
calls=1 0 
0 5
0 3

ob=(17) /usr/lib/x86_64-linux-gnu/libGLX.so.0.0.0
fl=(188) ???
fn=(794) 0x0000000000003760
0 8
cob=(2)
cfi=(18)
cfn=(796) 0x00000000085c4500
calls=1 0 
0 1891
0 3
cob=(2)
cfi=(18)
cfn=(808) 0x00000000085c4490
calls=1 0 
0 3206
0 2
cfn=(842) 0x000000000001bc50
calls=1 0 
0 27732
0 1
cfn=(928) 0x000000000001c8b0
calls=1 0 
0 767
0 6
cfn=(940) 0x000000000001b9f0
calls=1 0 
0 6
0 3
cfn=(946) 0x000000000001ba10
calls=1 0 
0 15
0 3
cfn=(952) 0x000000000001b9a0
calls=1 0 
0 50
0 2
cfn=(958) 0x000000000001ba00
calls=1 0 
0 5
0 1
cfn=(964) 0x000000000000ac20
calls=1 0 
0 45586
0 2
cob=(2)
cfi=(18)
cfn=(844) 0x00000000085c4590
calls=1 0 
0 373
0 10

fn=(928)
0 4
cob=(2)
cfi=(18)
cfn=(844)
calls=1 0 
0 381
0 4
cob=(2)
cfi=(18)
cfn=(844)
calls=1 0 
0 373
0 5

fn=(10738) 0x0000000000003840
0 5

fn=(10602) 0x0000000000003f10
0 18
cfn=(10608) 0x000000000001ba50
calls=1 0 
0 33
0 5
cfn=(10616) 0x000000000001ba80
calls=1 0 
0 23
0 2
cfn=(10622) 0x000000000001ba30
calls=1 0 
0 16
0 2
cfn=(10628) 0x000000000001b9d0
calls=1 0 
0 37
0 15
cob=(5)
cfi=(177)
cfn=(650)
calls=1 356 
0 31

fn=(946)
0 2
cob=(5)
cfi=(190)
cfn=(948)
calls=1 25 
0 13

fn=(974) 0x000000000001cad0
0 6876
cob=(2)
cfi=(18)
cfn=(1026) 0x00000000085c45c0
calls=903 0 
0 21925
0 2150

fn=(10576) 0x0000000000004e80
0 15

fn=(10616)
0 10
cob=(5)
cfi=(177)
cfn=(650)
calls=5 356 
0 95
0 10

fn=(10644) 0x000000000001ca60
0 16
cob=(2)
cfi=(18)
cfn=(10648) 0x00000000085c44e0
calls=1 0 
0 1269
0 126
cob=(2)
cfi=(18)
cfn=(10648)
calls=42 0 
0 4368
0 88
cob=(2)
cfi=(18)
cfn=(10648)
calls=1 0 
0 84
0 7

fn=(842)
0 4
cob=(2)
cfi=(18)
cfn=(844)
calls=1 0 
0 1484
0 5
cob=(2)
cfi=(18)
cfn=(852) 0x00000000085c4640
calls=1 0 
0 2503
0 8
cob=(2)
cfi=(18)
cfn=(852)
calls=1 0 
0 1368
0 8
cob=(2)
cfi=(18)
cfn=(852)
calls=1 0 
0 1621
0 8
cob=(2)
cfi=(18)
cfn=(852)
calls=1 0 
0 1515
0 8
cob=(2)
cfi=(18)
cfn=(852)
calls=1 0 
0 1416
0 8
cob=(2)
cfi=(18)
cfn=(852)
calls=1 0 
0 1451
0 8
cob=(2)
cfi=(18)
cfn=(852)
calls=1 0 
0 1411
0 8
cob=(2)
cfi=(18)
cfn=(852)
calls=1 0 
0 1519
0 8
cob=(2)
cfi=(18)
cfn=(852)
calls=1 0 
0 1484
0 8
cob=(2)
cfi=(18)
cfn=(852)
calls=1 0 
0 1513
0 8
cob=(2)
cfi=(18)
cfn=(852)
calls=1 0 
0 1585
0 8
cob=(2)
cfi=(18)
cfn=(852)
calls=1 0 
0 1496
0 22
cob=(2)
cfi=(18)
cfn=(852)
calls=1 0 
0 1330
0 8
cob=(2)
cfi=(18)
cfn=(852)
calls=1 0 
0 1456
0 8
cob=(2)
cfi=(18)
cfn=(852)
calls=1 0 
0 1544
0 8
cob=(2)
cfi=(18)
cfn=(852)
calls=1 0 
0 1456
0 8
cob=(2)
cfi=(18)
cfn=(852)
calls=1 0 
0 1420
0 9

fn=(10564) 0x0000000000004ee0
0 2
cob=(2)
cfi=(18)
cfn=(10566) 0x00000000085c44b0
calls=1 0 
0 1065
0 9
cfn=(10576)
calls=1 0 
0 15
0 3

fn=(10662) 0x000000000001ba40
0 2
cob=(5)
cfi=(165)
cfn=(600)
calls=1 64 
0 29
0 2

fn=(964)
0 3
cfn=(966) 0x000000000001ca50
calls=1 0 
0 2
0 9
cfn=(972) 0x000000000001cb50
calls=1 0 
0 2689
0 126
cfn=(972)
calls=42 0 
0 42626
0 131

fn=(10608)
0 8
cob=(5)
cfi=(165)
cfn=(600)
calls=4 64 
0 116
0 8

fn=(10640) 0x000000000000ac60
0 9
cfn=(10644)
calls=1 0 
0 5958
0 3
cfn=(10662)
calls=1 0 
0 33
0 5
cfn=(10616)
calls=1 0 
0 23
0 2
cfn=(10608)
calls=1 0 
0 33
0 5
cfn=(10616)
calls=1 0 
0 23
0 2
cfn=(10622)
calls=1 0 
0 16
0 2
cfn=(10608)
calls=1 0 
0 33
0 5
cfn=(10616)
calls=1 0 
0 23
0 2
cfn=(10622)
calls=1 0 
0 16
0 2
cfn=(10608)
calls=1 0 
0 33
0 5
cfn=(10616)
calls=1 0 
0 23
0 2
cfn=(10622)
calls=1 0 
0 16
0 12

fn=(10728) 0x00000000000038b0
0 9
cob=(2)
cfi=(18)
cfn=(10734) 0x00000000085c4390
calls=1 0 
0 383
0 1
cfn=(10738)
calls=1 0 
0 5
0 3

fn=(788) 0x00000000000038f0
0 12

fn=(10628)
0 2
cob=(5)
cfi=(279)
cfn=(10630)
calls=1 36 
0 35

fn=(952)
0 2
cob=(5)
cfi=(191)
cfn=(954)
calls=1 53 
0 48

fn=(940)
0 2
cob=(5)
cfi=(189)
cfn=(942)
calls=1 25 
0 4

fn=(958)
0 2
cob=(5)
cfi=(192)
cfn=(960)
calls=1 24 
0 3

fn=(966)
0 2

fn=(972)
0 387
cfn=(974)
calls=43 0 
0 30951
0 262
cob=(2)
cfi=(18)
cfn=(988) 0x00000000085c4690
calls=1 0 
0 1269
0 10
cob=(2)
cfi=(18)
cfn=(1002) 0x00000000085c45a0
calls=1 0 
0 1358
0 210
cob=(2)
cfi=(18)
cfn=(1002)
calls=42 0 
0 10306
0 562

fn=(10562) 0x0000000000003720
0 3
cfn=(10564)
calls=1 0 
0 1094
0 1
cob=(2)
cfi=(18)
cfn=(10590) 0x00000000085c43d0
calls=1 0 
0 2006
0 4
cfn=(10602)
calls=1 0 
0 182
0 2
cfn=(10640)
calls=1 0 
0 6286
0 2
cob=(2)
cfi=(18)
cfn=(10700) 0x00000000085c44a0
calls=1 0 
0 2007

fn=(10622)
0 8
cob=(5)
cfi=(276)
cfn=(10150)
calls=4 27 
0 48
0 8

ob=(26) /usr/lib/x86_64-linux-gnu/libpcre2-16.so.0.9.0
fl=(211) ???
fn=(10334) 0x0000000000002300
0 5

fn=(10324) 0x0000000000002370
0 9
cob=(2)
cfi=(18)
cfn=(10330) 0x000000000664b170
calls=1 0 
0 383
0 1
cfn=(10334)
calls=1 0 
0 5
0 3

fn=(1484) 0x00000000000023b0
0 12

ob=(1) /lib/x86_64-linux-gnu/ld-2.31.so
fl=(43) /build/glibc-B3wQXB/glibc-2.31/misc/../sysdeps/unix/sysv/linux/mmap64.c
fn=(136) mmap
48 147
+3 294
-3 588
+6 294
+5 882
+2 441
-7 82

fl=(38) /build/glibc-B3wQXB/glibc-2.31/elf/dl-misc.c
fn=(350) _dl_higher_prime_number
300 2
+38 2
-1 2
+3 2
+2 80
+1 37
-3 24
+18 2
+1 2
-15 6

fn=(120) _dl_name_match_p
282 12846
+1 4282
cfi=(22) /build/glibc-B3wQXB/glibc-2.31/string/../sysdeps/x86_64/strcmp.S
cfn=(58) strcmp
calls=2141 111 
* 67856
* 2141
+1 2141
-1 4282
+3 2141
+2 4282
+4 2098
-4 4196
+1 6780
cfi=(22)
cfn=(58)
calls=2260 111 
* 74357
* 4520
-5 162
+11 2627
-1 1979
+1 5937

fn=(162) _dl_sysdep_read_whole_file
44 2
+3 1
-3 6
+3 1
-3 1
+3 1
cfi=(39) /build/glibc-B3wQXB/glibc-2.31/io/../sysdeps/unix/sysv/linux/open64_nocancel.c
cfn=(124) __open_nocancel
calls=1 -13 
* 19
+1 2
+23 7
-21 5
cfi=(42) /build/glibc-B3wQXB/glibc-2.31/io/../sysdeps/unix/sysv/linux/wordsize-64/fxstat.c
cfn=(132) _fxstat
calls=1 -17 
* 11
* 2
+2 2
+3 2
+13 2
cfi=(46) /build/glibc-B3wQXB/glibc-2.31/io/../sysdeps/unix/sysv/linux/close_nocancel.c
cfn=(144) __GI___close_nocancel
calls=1 -43 
* 6
* 1
-11 6
cfi=(43)
cfn=(136)
calls=1 -9 
* 20
* 2

fl=(272) /build/glibc-B3wQXB/glibc-2.31/elf/dl-fini.c
fn=(9920) _dl_fini
30 9
+20 3
-3 6
+3 4
+3 2
cob=(5)
cfi=(165)
cfn=(600)
calls=1 +11 
* 35
+2 1
+3 2
+2 6
+8 2
-3 1
+3 15
+5 2
+2 66
+2 66
+2 66
+1 33
+1 33
+4 33
-12 99
+14 6
+1 4
+6 3
cfi=(57) /build/glibc-B3wQXB/glibc-2.31/elf/dl-sort-maps.c
cfn=(180) _dl_sort_maps
calls=1 -66 
* 25791
+10 2
cob=(5)
cfi=(177)
cfn=(650)
calls=1 356 
* 31
+5 6
+2 1
+2 3
-2 32
+2 96
+3 66
+3 99
+4 62
+11 31
+1 31
-1 31
+2 31
-2 31
+2 31
-2 31
+3 155
+1 31
cob=(6) /usr/lib/x86_64-linux-gnu/libbsd.so.0.10.0
cfi=(149) ???
cfn=(10948) 0x0000000000004eb0
calls=1 0 
* 401
cob=(7)
cfi=(150)
cfn=(10930)
calls=1 0 
* 401
cob=(8) /usr/lib/x86_64-linux-gnu/libXau.so.6.0.0
cfi=(151) ???
cfn=(10912) 0x00000000000013d0
calls=1 0 
* 401
cob=(9)
cfi=(152)
cfn=(10894)
calls=1 0 
* 401
cob=(10)
cfi=(166)
cfn=(10872) fini
calls=1 +81 
* 18
cob=(11) /usr/lib/x86_64-linux-gnu/libX11.so.6.3.0
cfi=(155) ???
cfn=(10854) 0x0000000000019710
calls=1 0 
* 401
cob=(12)
cfi=(156)
cfn=(10836)
calls=1 0 
* 401
cob=(13) /lib/x86_64-linux-gnu/libz.so.1.2.11
cfi=(157) ???
cfn=(10818) 0x00000000000022f0
calls=1 0 
* 401
cob=(4) /lib/x86_64-linux-gnu/libm-2.31.so
cfi=(158) ???
cfn=(10800) 0x000000000000d440
calls=1 0 
* 401
cob=(14) /usr/lib/x86_64-linux-gnu/libpng16.so.16.37.0
cfi=(159) ???
cfn=(10782) 0x0000000000005590
calls=1 0 
* 401
cob=(15)
cfi=(160)
cfn=(10764)
calls=1 0 
* 401
cob=(16) /usr/lib/x86_64-linux-gnu/libGLdispatch.so.0.0.0
cfi=(161) ???
cfn=(10746) 0x00000000000402e0
calls=1 0 
* 401
cob=(17)
cfi=(188)
cfn=(10562)
calls=1 0 
* 11587
cob=(5)
cfi=(140)
cfn=(10544)
calls=1 0 
* 401
cob=(18)
cfi=(197)
cfn=(10526)
calls=1 0 
* 401
cob=(19) /usr/lib/x86_64-linux-gnu/libicudata.so.66.1
cfi=(198) ???
cfn=(10508) 0x00000000000010b0
calls=1 0 
* 400
cob=(20)
cfi=(199)
cfn=(10490)
calls=1 0 
* 401
cob=(21)
cfi=(204)
cfn=(10472)
calls=1 0 
* 401
cob=(22) /usr/lib/x86_64-linux-gnu/libGL.so.1.7.0
cfi=(205) ???
cfn=(10424) 0x00000000000431c0
calls=1 0 
* 6147
cob=(23) /lib/x86_64-linux-gnu/libgcc_s.so.1
cfi=(206) ???
cfn=(10406) 0x0000000000003cd0
calls=1 0 
* 401
cob=(24)
cfi=(207)
cfn=(10360) 0x00000000000a7160
calls=1 0 
* 2591
cob=(25)
cfi=(210)
cfn=(10342)
calls=1 0 
* 401
cob=(26)
cfi=(211)
cfn=(10324)
calls=1 0 
* 401
cob=(27) /usr/lib/x86_64-linux-gnu/libicuuc.so.66.1
cfi=(212) ???
cfn=(10306) 0x00000000000697e0
calls=1 0 
* 401
cob=(28)
cfi=(213)
cfn=(10288)
calls=1 0 
* 401
cob=(29)
cfi=(214)
cfn=(10162) 0x00000000000a2210
calls=1 0 
* 5
cob=(30)
cfi=(216)
cfn=(10038)
calls=1 0 
* 6864
cob=(31) /usr/lib/x86_64-linux-gnu/libQt5Widgets.so.5.12.8
cfi=(221) ???
cfn=(9996) 0x0000000000164030
calls=1 0 
* 2384
cob=(32) /usr/lib/x86_64-linux-gnu/libQt5Network.so.5.12.8
cfi=(223) ???
cfn=(9968) 0x0000000000042670
calls=1 0 
* 1503
cob=(33)
cfi=(224)
cfn=(9950)
calls=1 0 
* 401
cob=(34) /home/faks/Desktop/projekat/2023_Analysis_SobaZabave/11-SobaZabave/test/Test/build/Test
cfi=(225) ???
cfn=(9922) 0x000000000001ec80
calls=1 0 
* 401
* 4
cob=(10)
cfi=(153) ???
cfn=(10876) 0x00000000000012a0
calls=1 0 
* 401
cob=(17)
cfi=(188)
cfn=(10728)
calls=1 0 
* 401
cob=(22)
cfi=(205)
cfn=(10454) 0x0000000000043290
calls=1 0 
* 401
cob=(29)
cfi=(214)
cfn=(10166) 0x00000000000a2360
calls=1 0 
* 2883
-1 171
+5 62
+1 93
cob=(2)
cfi=(18)
cfn=(10964) 0x000000000886ae6c
calls=1 0 
* 4
cob=(2)
cfi=(18)
cfn=(10946) 0x0000000008853a04
calls=1 0 
* 4
cob=(2)
cfi=(18)
cfn=(10928) 0x000000000884c054
calls=1 0 
* 4
cob=(2)
cfi=(18)
cfn=(10910) 0x000000000883c69c
calls=1 0 
* 4
cob=(2)
cfi=(18)
cfn=(10892) 0x0000000005b7317c
calls=1 0 
* 4
cob=(2)
cfi=(18)
cfn=(10870) 0x0000000008783928
calls=1 0 
* 4
cob=(2)
cfi=(18)
cfn=(10852) 0x00000000086d8184
calls=1 0 
* 4
cob=(2)
cfi=(18)
cfn=(10834) 0x0000000005b67f9c
calls=1 0 
* 4
cob=(2)
cfi=(18)
cfn=(10816) 0x00000000058aafa8
calls=1 0 
* 4
cob=(2)
cfi=(18)
cfn=(10798) 0x00000000068c02a0
calls=1 0 
* 4
cob=(2)
cfi=(18)
cfn=(10780) 0x0000000008680278
calls=1 0 
* 4
cob=(2)
cfi=(18)
cfn=(10762) 0x0000000008585000
calls=1 0 
* 4
cob=(2)
cfi=(18)
cfn=(10744) 0x00000000085de48c
calls=1 0 
* 4
cob=(2)
cfi=(18)
cfn=(10560) 0x0000000005608538
calls=1 0 
* 4
cob=(2)
cfi=(18)
cfn=(10542) 0x00000000084e6ab0
calls=1 0 
* 4
cob=(2)
cfi=(18)
cfn=(10524) 0x00000000069d40fc
calls=1 0 
* 4
cob=(2)
cfi=(18)
cfn=(10506) 0x0000000006783b14
calls=1 0 
* 4
cob=(2)
cfi=(18)
cfn=(10488) 0x000000000699e844
calls=1 0 
* 4
cob=(2)
cfi=(18)
cfn=(10470) 0x000000000686f000
calls=1 0 
* 4
cob=(2)
cfi=(18)
cfn=(10422) 0x000000000595c058
calls=1 0 
* 4
cob=(2)
cfi=(18)
cfn=(10404) 0x000000000579b334
calls=1 0 
* 4
cob=(2)
cfi=(18)
cfn=(10358) 0x00000000066da170
calls=1 0 
* 4
cob=(2)
cfi=(18)
cfn=(10340) 0x00000000066a22fc
calls=1 0 
* 4
cob=(2)
cfi=(18)
cfn=(10322) 0x00000000065ac968
calls=1 0 
* 4
cob=(2)
cfi=(18)
cfn=(10304) 0x00000000063c717c
calls=1 0 
* 4
cob=(2)
cfi=(18)
cfn=(10286) 0x000000000540b834
calls=1 0 
* 4
cob=(2)
cfi=(18)
cfn=(10160) 0x00000000060684c8
calls=1 0 
* 4
cob=(2)
cfi=(18)
cfn=(10036) 0x0000000004f1e2dc
calls=1 0 
* 4
cob=(2)
cfi=(18)
cfn=(9994) 0x00000000049b3c0c
calls=1 0 
* 4
cob=(2)
cfi=(18)
cfn=(9966) 0x000000000483129c
calls=1 0 
* 4
cob=(2)
cfi=(18)
cfn=(9948) 0x00000000001accc8
calls=1 0 
* 4
+6 198
+19 33
-59 101
+11 6
-26 7
+80 6
+6 2
+7 8

fl=(14) /build/glibc-B3wQXB/glibc-2.31/string/../sysdeps/x86_64/multiarch/../strlen.S
fn=(30) strlen
41 158
+38 158
+1 158
+1 158
+1 158
+1 158
+1 158
+1 158
+2 158
+2 158
+31 156
+1 156
+1 156
+1 156
+1 156
+1 43
+2 43
+4 113
+1 113
+1 113
+1 113
+1 113
+1 113
+1 113
+1 113
+1 113
+1 113
+1 113
+1 113
+5 898
+4 2
+1 28
+1 12
+15 2
+1 2
+1 4
+51 2
+1 2
+1 2
+1 2
+1 2
+1 2
+1 2
+1 2
-7 3
+1 3
+1 3
+1 3
+1 3
+1 3
+1 3
+1 3
+16 5
+2 5
+1 70
+2 5
+1 5
+1 5
+2 5

fl=(15) /build/glibc-B3wQXB/glibc-2.31/elf/../misc/sbrk.c
fn=(32) sbrk
32 5
+8 6
+4 2
+16 5

fl=(31) /build/glibc-B3wQXB/glibc-2.31/string/../sysdeps/x86_64/multiarch/../strchr.S
fn=(88) index
23 141
+1 141
+1 141
+1 141
+1 141
+1 141
+1 141
+1 141
+1 141
+1 141
+1 141
+1 141
+1 141
+1 141
+1 141
+1 141
+1 141
+1 141
+1 109
+4 109
+1 109
+1 109
+1 109
+2 109
+4 32
+1 32
+1 32
+1 32
+1 32
+1 32
+1 32
+1 32
+1 32
+1 32
+1 32
+1 32
+1 32
+1 32
+1 32
+1 32
+1 32
+1 32
+1 32
+1 32
+1 32
+1 32
+1 32
+1 34
+5 1
+1 1
+3 1
+1 1
+1 1
+1 1
+1 1
+1 1
+1 1
+1 1
+1 1
+1 1
+1 1
+1 1
+1 1
+1 1
+1 1
+1 1
+1 1
+1 1
+2 1
+1 1
+2 1
+1 1
+1 1
+1 1
+1 1
+1 1
+1 1
+1 1
+2 1
+1 1
+1 1
+1 1
+1 1
+1 1
+1 1
+1 1
+1 1
+1 1
+3 1
+4 1
+1 1
+1 1
+1 1
+2 1
-9 31
+4 31
+1 31
+1 31
+1 31
+2 31

fl=(33) /build/glibc-B3wQXB/glibc-2.31/elf/dl-debug.c
fn=(100) _dl_debug_state
73 2
+1 2

fn=(96) _dl_debug_initialize
46 33
+3 66
+5 64
+5 2
-1 1
+1 2
+1 2
-1 1
+5 1
-14 33
+4 66
+3 1
+1 34

fl=(1) ???
fn=(0) 0x0000000000001100
0 2
cfi=(2) /build/glibc-B3wQXB/glibc-2.31/elf/rtld.c
cfn=(2) _dl_start
calls=1 463 
0 9571011
0 14
cfi=(128) /build/glibc-B3wQXB/glibc-2.31/elf/dl-init.c
cfn=(372) _dl_init
calls=1 79 
0 260750
0 3
cob=(34)
cfi=(225)
cfn=(2236) _start
calls=1 0 
0 5979476

fl=(7) /build/glibc-B3wQXB/glibc-2.31/elf/../elf/dl-sysdep.c
fn=(364) _dl_sysdep_start_cleanup
258 1
+1 1

fn=(12) _dl_sysdep_start
89 9
+25 1
-1 1
+1 169
+6 1
-3 1
+1 1
-4 1
+3 1
+3 8
-29 1
-1 2
+30 20
+1 108
+61 1
+1 1
-1 1
+1 1
-63 75
+34 1
-34 2
+35 1
-35 2
+46 1
-46 1
+47 1
-1 1
-46 3
+40 1
-40 1
+41 1
-1 1
-40 3
+37 1
-37 2
+38 1
-38 3
+13 1
-13 2
+14 1
-14 2
+10 1
-10 2
+11 1
-11 2
+7 1
-7 4
+4 1
-4 4
223 1
cfi=(8) /build/glibc-B3wQXB/glibc-2.31/elf/dl-tunables.c
cfn=(14) __GI___tunables_init
calls=1 +64 
* 24253
fi=(10) /build/glibc-B3wQXB/glibc-2.31/elf/../sysdeps/unix/sysv/linux/dl-sysdep.c
36 2
cfi=(11) /build/glibc-B3wQXB/glibc-2.31/elf/../sysdeps/unix/sysv/linux/x86_64/brk.c
cfn=(20) brk
calls=1 -8 
* 10
fi=(12) /build/glibc-B3wQXB/glibc-2.31/elf/../sysdeps/x86/cpu-features.c
309 1
+13 1
-12 1
+1 1
+11 2
+3 6
476 3
+1 1
+3 2
+1 1
+6 1
+6 1
-5 1
+5 1
-3 1
+3 1
-4 1
+4 1
cfi=(8)
cfn=(26) __tunable_get_val
calls=1 368 
* 18
+2 4
cfi=(8)
cfn=(26)
calls=1 368 
* 20
* 1
+2 3
-2 1
+2 1
cfi=(8)
cfn=(26)
calls=1 368 
* 20
* 1
+2 3
-2 1
+2 1
cfi=(8)
cfn=(26)
calls=1 368 
* 20
* 1
+12 1
-1 1
-11 1
+12 1
+47 4
cfi=(8)
cfn=(26)
calls=1 368 
* 18
+2 4
cfi=(8)
cfn=(26)
calls=1 368 
* 18
fi=(13) /build/glibc-B3wQXB/glibc-2.31/elf/../sysdeps/unix/sysv/linux/x86/cpu-features.c
28 6
fe=(7)
234 3
+1 1
cfi=(14)
cfn=(30)
calls=1 41 
* 17
* 1
+2 2
cfi=(15)
cfn=(32)
calls=1 32 
* 18
* 3
+12 3
+3 5
cfi=(2)
cfn=(34) dl_main
calls=1 1090 
* 9544782
+1 1
+1 8
fi=(12)
515 3
+28 2
-9 3
+2 4
+1 2
+2 4
+1 2
331 6
cfn=(24) get_common_indices.constprop.0
calls=1 71 
* 99
49 4
+1 2
+1 6
+5 2
+1 6
+5 2
+1 6
336 7
+89 4
-96 1
+96 2
-99 1
+12 10
+38 2
+14 1
+10 5
+14 2
+1 1
fe=(7)

fl=(19) /build/glibc-B3wQXB/glibc-2.31/elf/dl-minimal.c
fn=(84) strsep
262 2
+3 4
+2 2
+1 4
+4 33
+7 84
-2 56
+13 1
+4 4
-22 14
+15 14
-15 30

fn=(42) calloc
92 136
+4 68
+4 68
-1 136
+1 136
+3 68
cob=(2)
cfi=(18)
cfn=(44) 0x00000000040010a0
calls=68 0 
* 2196

fn=(46) malloc
49 845
+1 676
+11 338
+3 169
-3 169
+3 978
+18 169
+1 169
+2 676
-16 36
+1 18
+2 9
+1 63
cfi=(43)
cfn=(136)
calls=9 -25 
* 180
* 9
+2 18
+2 18
+2 28
-23 1
-1 1
+1 1
+1 2
-2 4
+24 8

fn=(94) free
109 34
+2 136

fl=(48) /build/glibc-B3wQXB/glibc-2.31/elf/dl-deps.c
fn=(148) _dl_map_object_deps
159 2
+1 3
-1 2
+1 1
-1 1
+1 1
-1 5
+1 3
-1 1
+1 1
-1 1
+1 7
-15 1
+15 2
-8 1
-6 1
-1 1
+15 1
-16 1
+8 3
-6 1
+6 1
+24 3
-28 3
-2 1
+31 1
-33 2
+2 5
-1 4
+7 4
+24 7
+4 1
fi=(56) /build/glibc-B3wQXB/glibc-2.31/elf/../include/scratch_buffer.h
77 3
fe=(48)
198 1
fi=(56)
78 1
fe=(48)
200 2
+87 1
-89 1
+4 1
+7 1
+4 4
-4 32
+4 128
+11 72
-18 3
+18 6
433 99
+2 31
+3 31
-3 62
+3 62
cob=(2)
cfi=(18)
cfn=(44)
calls=31 0 
* 837
* 31
+1 62
+6 31
+1 155
cfi=(20) /build/glibc-B3wQXB/glibc-2.31/string/../sysdeps/x86_64/multiarch/memmove-vec-unaligned-erms.S
cfn=(48) memcpy
calls=31 127 
* 437
+1 155
cfi=(20)
cfn=(48)
calls=31 127 
* 437
+4 31
-1 31
+5 132
202 96
458 96
-1 33
+1 66
199 3
+27 30
+11 30
-5 30
-6 60
+5 30
+2 60
+1 60
+3 120
+66 30
-97 30
+97 30
-66 30
+66 60
-65 90
+6 120
cfi=(27) /build/glibc-B3wQXB/glibc-2.31/elf/dl-load.c
cfn=(150) _dl_dst_count
calls=30 -13 
* 1404
* 312
cfi=(27)
cfn=(150)
calls=78 -13 
* 3612
* 324
+4 324
-2 108
+2 108
cob=(2)
cfi=(18)
cfn=(110) 0x0000000004001090
calls=108 0 
* 337596
+1 216
+9 108
+2 216
+5 155
+6 31
+2 31
-8 62
+3 31
+1 31
+1 31
+1 31
+4 155
+4 324
+1 300
-43 3416
+1 1648
+44 2238
-38 216
fi=(56)
85 3
fe=(48)
464 6
+1 1
+3 5
+11 4
cob=(2)
cfi=(18)
cfn=(44)
calls=1 0 
* 27
* 1
+2 2
+5 6
+1 1
+2 4
+2 1
+4 3
+4 2
-10 3
+2 32
+4 96
+4 64
-10 96
+13 2
+51 3
+2 1
-1 1
+1 2
+35 5
cfi=(20)
cfn=(48)
calls=1 127 
* 69
+4 5
cfi=(57)
cfn=(180)
calls=1 28 
* 23712
+3 1
+2 1
+1 1
-1 1
+2 2
+7 3
+3 3
+3 8
214 228
+3 31
fi=(56)
-86 93
cfi=(55) /build/glibc-B3wQXB/glibc-2.31/malloc/scratch_buffer_set_array_size.c
cfn=(176) __libc_scratch_buffer_set_array_size
calls=31 30 
* 558
fe=(48)
+86 62
+4 93
-61 2
380 64

fn=(152) openaux
61 324
+7 108
-4 216
+1 108
-1 864
cfi=(27)
cfn=(118) _dl_map_object
calls=108 1927 
* 329064
* 108
+5 216

fl=(20)
fn=(48)
127 216
+1 216
+6 216
+1 216
+1 186
+1 186
+5 76
+1 76
+1 76
+1 76
+5 76
280 30
+1 30
+1 3
+1 3
+1 3
+1 3
+1 1
+1 1
+1 1
+2 1
+22 27
+1 27
+1 27
+1 27
+1 27
+10 2
+1 2
+1 2
+1 2
+1 2
+10 110
+1 110
+1 99
+1 99
+2 21
+1 21
+1 21
+1 21
+1 21
+1 21
+1 21
+1 21
+1 21
+1 21
+1 21
+1 21
+1 21
+1 21
+1 21
+1 21
+2 21
+3 78
+1 78
+1 78
+1 78
+1 78
+1 78
+1 78
+1 78
+2 78
+3 11
+1 11
+2 11
+3 11
+1 11
+1 11
+1 11
+1 11
+2 11
+1 11
+3 11
+1 11
+2 11
+2 11
+2 11
+2 11
+8 11
+1 11
+1 11
+1 11
+1 11
+1 11
+1 11
+1 11
+1 11
+1 11
+1 11
+1 11
+1 11
-12 14
+1 14
+1 14
+1 14
+1 14
+1 14
+1 14
+1 14
+1 14
+1 14
+1 14
+1 14
+1 14
+2 11
+1 11
+1 11
+1 11
+2 11
+2 11

fn=(78) mempcpy
114 145
+1 145
+1 145
+1 145
+17 145
+1 145
+1 53
+1 53
+5 25
+1 25
+1 25
+1 25
+5 25
280 92
+1 92
+1 39
+1 39
+1 34
+1 34
+1 32
+4 32
+22 53
+1 53
+1 53
+1 53
+1 53
+3 5
+1 5
+1 5
+1 5
+1 5
+3 2
+1 2
+1 2
+1 2
+1 2
+10 28
+1 28
+1 28
+1 28
+2 1
+1 1
+1 1
+1 1
+1 1
+1 1
+1 1
+1 1
+1 1
+1 1
+1 1
+1 1
+1 1
+1 1
+1 1
+1 1
+2 1
+3 27
+1 27
+1 27
+1 27
+1 27
+1 27
+1 27
+1 27
+2 27

fl=(176) /build/glibc-B3wQXB/glibc-2.31/elf/dl-open.c
fn=(648) _dl_find_dso_for_object
201 315
+4 105
+1 140
+1 3508
+1 70
-2 2526
+5 70
+4 245

fl=(53) /build/glibc-B3wQXB/glibc-2.31/misc/../sysdeps/unix/syscall-template.S
fn=(368) munmap
78 5
+1 1

fn=(170) mprotect
78 225
+1 45

fl=(35) /build/glibc-B3wQXB/glibc-2.31/string/../sysdeps/x86_64/strcspn.S
fn=(104) strcspn
28 1
+2 1
+7 1
+1 1
+2 1
+1 1
+1 1
+1 1
+1 33
+3 3
+7 1
+1 1
+1 1
+1 1
+2 1
+1 1
+1 1
+1 1
+2 1
+1 1
+1 1
+9 3
+12 1
+2 1
+1 1
+1 1
-4 16
+2 16
+1 16
+1 16
+2 16
+1 16
+1 16
+2 16
+1 16
+1 16
+2 16
+1 16
+1 16
+6 1
+7 1
+4 1

fl=(132) /build/glibc-B3wQXB/glibc-2.31/elf/../sysdeps/x86_64/dl-trampoline.h
fn=(390) _dl_runtime_resolve_xsave
67 172
+5 172
+3 172
+2 172
+10 172
+6 172
+1 172
+1 172
+1 172
+1 172
+1 172
+1 172
+4 172
+1 172
+3 172
+1 172
+2 172
+1 172
+1 172
+1 172
+1 172
+1 172
+2 172
+7 172
+1 172
+1 172
cfi=(133) /build/glibc-B3wQXB/glibc-2.31/elf/../elf/dl-runtime.c
cfn=(392) _dl_fixup
calls=172 -60 
* 177044
+1 172
+5 172
+1 172
+1 172
+2 172
+1 172
+1 172
+1 172
+1 172
+1 172
+1 172
+2 172
+2 172
+4 172
+3 172

fn=(391) _dl_runtime_resolve_xsave'2
67 85
+5 85
+3 85
+2 85
+10 85
+6 85
+1 85
+1 85
+1 85
+1 85
+1 85
+1 85
+4 85
+1 85
+3 85
+1 85
+2 85
+1 85
+1 85
+1 85
+1 85
+1 85
+2 85
+7 85
+1 85
+1 85
cfi=(133)
cfn=(392)
calls=85 -60 
* 92037
+1 85
+5 85
+1 85
+1 85
+2 85
+1 85
+1 85
+1 85
+1 85
+1 85
+1 85
+2 85
+2 85
+4 85
+3 85

fl=(12)
fn=(24)
71 2
+4 4
+3 3
+4 2
-4 1
+4 1
-4 1
+3 1
+1 1
+1 4
+1 4
+1 3
+1 2
+7 2
+1 3
+6 1
-6 4
+6 1
+1 7
+7 3
+4 2
+2 4
225 2
+4 3
+1 2
+3 1
-1 1
+4 1
+2 1
-2 1
+5 2
+50 3
118 2
+3 4
+3 2
+8 1
-5 3
+8 2
+2 2
+2 3
+4 2
+4 2
+7 3

fl=(10)
fn=(68) _dl_discover_osversion
46 5
+2 3
+85 5
-45 2
cfi=(26) /build/glibc-B3wQXB/glibc-2.31/posix/../sysdeps/unix/syscall-template.S
cfn=(70) uname
calls=1 -10 
* 6
+15 1
-15 2
+20 1
-1 1
+3 12
+4 3
-2 6
+2 9
+7 3
-1 3
+4 3
-2 3
+2 10
+5 2

fl=(17) /build/glibc-B3wQXB/glibc-2.31/elf/dl-object.c
fn=(38) _dl_new_object
59 352
+3 32
-3 64
+3 64
+15 124
cfi=(14)
cfn=(30)
calls=31 -36 
* 769
* 155
+12 124
cob=(2)
cfi=(18)
cfn=(40) 0x00000000040010c0
calls=31 -89 
* 1412
* 4
cob=(2)
cfi=(18)
cfn=(40)
calls=1 -89 
* 45
* 32
+3 64
+4 32
+5 32
-6 32
+6 32
-5 32
+5 32
-5 32
+5 32
-1 32
+1 32
-1 32
+1 32
cfi=(20)
cfn=(48)
calls=32 +26 
* 371
* 32
+15 64
-15 32
+15 32
-13 32
+13 126
+6 1
+2 7
+3 2
-3 217
+3 62
+2 32
+4 32
+3 72
+2 1
-2 3
+2 15
-2 45
+16 64
-5 32
+5 32
-6 32
+6 32
-6 32
+6 64
+2 62
+3 62
-3 62
+7 356
+4 62
+2 1
+6 1
+3 1
+10 2
-10 1
+10 1
-10 31
+10 62
-10 31
+10 31
+2 31
+21 31
-21 31
cfi=(14)
cfn=(30)
calls=31 41 
* 1111
+4 31
-4 93
+17 31
-13 93
+50 93
cfi=(20)
cfn=(78)
calls=31 114 
* 635
* 31
+5 62
+1 62
-1 956
+1 956
+2 62
+3 31
+3 31
+4 288
128 64
+37 93
-15 1
+7 4
-21 62
+60 62
cob=(2)
cfi=(18)
cfn=(44)
calls=31 0 
* 837
* 31
+1 124
64 2
+1 6
+9 1
-5 2

fn=(50) _dl_add_to_namespace_list
31 64
+2 32
-2 64
+2 32
-2 64
+2 32
cfi=(2)
cfn=(52) rtld_lock_default_lock_recursive
calls=32 801 
* 96
+2 223
+3 2108
+2 31
+2 31
+4 31
+4 31
+1 31
-5 62
+1 62
+1 31
+3 31
-3 31
+3 31
-1 31
cfi=(2)
cfn=(54) rtld_lock_default_unlock_recursive
calls=31 807 
* 93
-4 1
+4 1
+1 1
-5 2
+1 2
+1 1
+3 1
-3 1
+3 1
-1 1
cfi=(2)
cfn=(54)
calls=1 807 
* 3
-5 2

fl=(36) /build/glibc-B3wQXB/glibc-2.31/elf/dl-error-skeleton.c
fn=(108) _dl_catch_error
225 10
+2 2
cob=(2)
cfi=(18)
cfn=(110)
calls=1 0 
* 2830
+1 2
+1 1
+1 1
-1 1
+1 1
+2 5

fn=(112) _dl_catch_exception
175 872
+3 218
+22 109
-1 109
+7 218
-6 109
+3 218
+3 109
cfi=(37) /build/glibc-B3wQXB/glibc-2.31/setjmp/../sysdeps/x86_64/setjmp.S
cfn=(114) __sigsetjmp
calls=109 30 
* 2616
* 436
+2 327
cfi=(48)
cfn=(152)
calls=108 61 
* 331008
cfi=(2)
cfn=(116) map_doit
calls=1 606 
* 2769
+2 109
-1 109
+1 109
-1 109
+1 218
+9 436

fn=(182) _dl_receive_error
238 6
+1 1
+1 1
+3 1
+1 1
+2 1
cfi=(2)
cfn=(184) version_check_doit
calls=1 639 
* 150259
+2 1
+1 1
+1 4

fl=(2)
fn=(52)
801 157
+1 157
+1 157

fn=(2)
463 10
66 3
fi=(5) /build/glibc-B3wQXB/glibc-2.31/elf/../sysdeps/x86_64/dl-machine.h
-7 1
fe=(2)
+7 1
fi=(3) /build/glibc-B3wQXB/glibc-2.31/elf/get-dynamic-info.h
-18 1
fi=(5)
+11 2
fe=(2)
507 1
-3 1
fi=(3)
48 2
+15 1
+5 1
+3 1
+1 1
+1 1
-4 1
-2 1
-3 2
-1 20
+1 12
-16 4
+26 4
-26 8
+2 36
+23 13
-25 13
+26 13
-26 27
+26 1
-26 2
+33 2
+20 4
+1 4
+1 4
+1 4
+2 4
+5 4
+1 4
+1 4
+5 3
+5 2
+7 3
+1 3
+8 3
+3 3
+4 2
+1 2
fe=(2)
518 2
+7 1
66 1
430 1
66 3
430 1
cfi=(6) /build/glibc-B3wQXB/glibc-2.31/elf/dl-lookup.c
cfn=(10) _dl_setup_hash
calls=1 961 
* 24
+1 1
+18 2
-18 1
+1 2
+1 2
+1 2
+9 1
+6 1
cfi=(7)
cfn=(12)
calls=1 89 
* 9569927
* 1
+2 2
+99 9
fi=(3)
65 5
+3 4
fe=(2)
523 25
fi=(4) /build/glibc-B3wQXB/glibc-2.31/elf/do-rel.h
84 1
-1 1
+28 3
+1 2
fi=(5)
541 2
fi=(4)
112 82
fi=(5)
541 82
+1 42
fi=(4)
111 42
fi=(5)
542 84
fi=(4)
111 84
+5 2
fi=(5)
421 1
fi=(4)
124 2
fi=(5)
333 18
fi=(4)
124 27
+12 9
+3 9
-3 9
fi=(5)
301 9
fi=(4)
139 9
-3 9
+1 18
fi=(5)
301 18
+8 90
+3 18
+21 45
fi=(3)
71 4
+1 3
+1 2
fi=(5)
353 18
+1 9
fe=(2)

fn=(190) init_tls
699 1
+2 1
+4 1
-4 1
+4 1
+11 1
-1 3
cob=(2)
cfi=(18)
cfn=(40)
calls=1 0 
* 38
-4 1
+15 1
-12 1
+6 1
-9 1
+11 1
+4 1
+2 3
-1 2
+3 99
+4 4
+2 4
-2 4
-5 12
-1 8
+10 2
+3 1
cfi=(34) /build/glibc-B3wQXB/glibc-2.31/elf/../elf/dl-tls.c
cfn=(192) _dl_determine_tlsoffset
calls=1 135 
* 169
+7 1
cfi=(34)
cfn=(194) _dl_allocate_tls_storage
calls=1 332 
* 394
* 1
+1 2
+6 1
+3 1
-3 1
+3 6
+6 1
-3 1
+3 2
-35 29
-1 59

fn=(54)
807 157
+1 157
+1 157

fn=(102) handle_preload_list
858 10
+5 5
-4 1
+10 2
-3 3
cfi=(35)
cfn=(104)
calls=1 28 
* 273
* 1
+1 3
+9 1
168 1
878 2
168 2
880 2
780 2
-10 1
+8 1
+2 2
-6 1
+6 1
-5 1
+1 1
+4 1
cob=(2)
cfi=(18)
cfn=(106) 0x00000000040010f0
calls=1 0 
* 2855
+1 3
+8 4
+74 2
+21 9
-15 4
cfi=(20)
cfn=(48)
calls=1 127 
* 27
+1 2

fn=(34)
1090 2
+12 1
-12 10
+12 1
+4 2
-16 1
+22 1
-22 1
+16 1
+6 1
-6 1
2533 1
+7 1
1106 1
2535 1
-2 1
+7 3
1106 1
2540 1
-4 1
+4 1
+2 4
cfi=(16) /build/glibc-B3wQXB/glibc-2.31/elf/dl-environ.c
cfn=(36) _dl_next_ld_env_entry
calls=1 28 
* 53
* 4
cfi=(16)
cfn=(36)
calls=2 28 
* 300
* 9
+4 6
-2 2
+2 42
+1 19
-1 57
+9 12
2704 3
+32 3
1122 3
2631 3
+1 3
-56 2
+7 2
1330 7
cfi=(17)
cfn=(38)
calls=1 59 
* 231
* 1
+2 2
+1 1
+1 1
+5 2
-5 1
+1 2
+4 1
cfi=(17)
cfn=(50)
calls=1 31 
* 35
+1 2
1099 1
1369 1
-5 1
-2 1
+4 1
+3 1
-5 1
+5 5
+56 1
1096 1
1425 1
-15 2
-22 1
+22 1
+15 3
-55 102
fi=(21) /build/glibc-B3wQXB/glibc-2.31/elf/../sysdeps/x86/dl-prop.h
142 4
+1 1
+1 2
+1 1
fe=(2)
1369 24
1478 7
+3 2
+2 2
+2 3
+13 3
+3 2
-2 1
+2 1
-2 2
cfi=(22)
cfn=(58)
calls=1 111 
* 25
* 2
+7 1
+3 1
-5 1
+3 1
+2 1
+1 2
+4 2
+2 2
fi=(3)
33 1
+9 2
+6 1
-2 1
+2 2
+15 1
+5 1
+4 1
-1 1
-2 1
-5 2
-1 24
+1 15
-16 5
+26 5
-26 10
+2 66
+23 28
-25 28
+26 28
-26 56
+33 3
+20 3
+1 4
+1 4
+1 4
+2 4
+5 4
+1 4
+1 4
+5 3
+5 2
+7 2
+1 3
+18 3
+5 2
+2 2
+2 2
+2 2
+3 3
+2 3
+1 2
+9 2
+5 2
+3 2
fe=(2)
1521 2
cfi=(6)
cfn=(10)
calls=1 961 
* 24
+3 2
fi=(23) /build/glibc-B3wQXB/glibc-2.31/elf/./setup-vdso.h
24 2
fi=(21)
+35 6
190 2
67 2
189 1
67 1
189 1
64 1
+3 1
-2 1
+2 2
+70 5
-1 1
-69 4
+3 4
+1 2
+1 2
+4 3
+4 3
+3 3
+1 2
+4 1
+1 3
+11 1
+1 4
+5 2
-12 2
-1 1
+1 2
+3 2
fe=(2)
1398 1
-9 1
+27 1
-27 1
+2 1
-3 1
+10 2
-19 2
-10 1
+10 1
-10 2
+56 8
-1 4
+1 4
-1 4
+2 8
+1 1
+3 2
+1 2
-1 6
+1 6
+1 4
+1 10
+1 1
-65 3
+5 2
-5 1
+5 1
-5 2
+1 14
+95 2
-96 1
+96 2
-96 3
fi=(24) /build/glibc-B3wQXB/glibc-2.31/elf/../sysdeps/unix/sysv/linux/dl-vdso.h
40 1
+1 2
fi=(25) /build/glibc-B3wQXB/glibc-2.31/elf/../sysdeps/unix/sysv/linux/dl-vdso-setup.h
+4 1
fe=(2)
1549 2
cfi=(10)
cfn=(68)
calls=1 46 
* 80
* 8
fi=(3)
65 5
fe=(2)
1461 1
-92 1
+92 1
-92 2
fi=(3)
68 4
+3 4
+1 4
fe=(2)
1554 2
cfi=(27)
cfn=(72) _dl_init_paths
calls=1 681 
* 1823
+3 3
cfi=(33)
cfn=(96)
calls=1 46 
* 18
+7 1
-7 1
+2 1
+5 1
+4 1
+3 1
-3 3
+1 2
+3 1
+5 1
-7 1
+7 1
+18 2
+1 2
+5 1
-3 2
+2 1
+1 2
+5 3
+1 5
-1 2
+15 3
+1 1
-2 1
+2 3
+18 1
cfi=(34)
cfn=(98) _dl_count_modids
calls=1 108 
* 6
* 1
+8 3
+3 2
+4 3
+5 2
+1 1
cfi=(33)
cfn=(100)
calls=1 73 
* 2
+1 1
+4 3
+16 3
+2 1
+2 2
+8 2
+15 3
cfi=(47) /build/glibc-B3wQXB/glibc-2.31/io/../sysdeps/unix/sysv/linux/access.c
cfn=(146) access
calls=1 25 
* 9
* 2
+76 4
66 1
1805 1
66 2
1805 1
66 1
1805 6
cfi=(48)
cfn=(148)
calls=1 159 
* 382392
73 1
1810 1
73 2
+9 2
1810 2
+1 5
-1 4
+1 64
-1 128
+4 3
+1 3
+1 1
+2 3
+1 4
-1 51
+1 72
+12 1
+1 1
-1 2
+1 2
+2 1
+2 4
+2 1
-4 1
+5 1
-1 2
+14 2
+1 2
+1 3
+2 2
+1 1
-28 2
1609 2
+6 1
-6 2
+6 1
-37 6
fi=(3)
181 3
-20 2
fe=(2)
1567 4
1865 1
+1 1
-1 1
+2 4
-2 3
+2 1
cfi=(36)
cfn=(182)
calls=1 238 
* 150276
+10 1
+1 1
-1 1
+1 1
+3 2
817 1
fi=(282) /build/glibc-B3wQXB/glibc-2.31/elf/../sysdeps/unix/sysv/linux/dl-osinfo.h
64 2
fe=(2)
819 1
fi=(282)
77 1
fe=(2)
828 1
+7 1
-5 1
1886 3
2116 3
+60 1
+6 1
-10 1
+10 1
-6 1
+9 2
+8 1
fi=(21)
33 3
cfi=(59) /build/glibc-B3wQXB/glibc-2.31/elf/../sysdeps/x86/dl-cet.c
cfn=(196) _dl_cet_check
calls=1 343 
* 31
fe=(2)
2239 3
+3 1
66 2
2246 1
66 2
2247 103
+2 66
+5 66
+2 66
+6 33
+2 66
+1 256
cfi=(60) /build/glibc-B3wQXB/glibc-2.31/elf/dl-reloc.c
cfn=(200) _dl_relocate_object
calls=32 148 
* 8992891
+4 74
+1 12
cfi=(34)
cfn=(300) _dl_add_to_slotinfo
calls=4 887 
* 112
* 4
+13 4
+2 1
+7 3
cfi=(34)
cfn=(362) _dl_allocate_tls_init
calls=1 437 
* 354
+3 2
-37 1
+1 1
-3 2
73 3
+1 1
2278 1
74 1
2278 1
1829 3
2304 3
+2 2
+24 1
cfi=(7)
cfn=(364)
calls=1 258 
* 2
+4 3
+21 3
cfi=(33)
cfn=(96)
calls=1 46 
* 9
+1 1
-1 1
+2 1
cfi=(33)
cfn=(100)
calls=1 73 
* 2
+1 1
+4 1
cfi=(50) /build/glibc-B3wQXB/glibc-2.31/elf/dl-cache.c
cfn=(366) _dl_unload_cache
calls=1 348 
* 17
+5 8
2583 4
+2 2
+1 1
+46 2
+2 2
+1 1
fi=(25)
30 5
+3 1
+3 1
+3 1
fi=(24)
+16 2
fe=(2)
+11 1
2319 1
+1 3
66 3
2320 2
cfi=(60)
cfn=(200)
calls=1 148 
* 9602
73 3
+9 3
fi=(21)
+31 2
+3 1
+4 1
fe=(2)
1879 1
cfn=(190)
calls=1 699 
* 861
* 2
66 1
1690 1
66 2
1690 1
66 1
1690 2
cfn=(102)
calls=1 858 
* 3223
* 1
73 3
+9 3
1789 17
+1 1
-1 1
+4 3
+1 1
+1 2
+1 2
-7 2

fn=(184)
639 3
+2 4
cfi=(58) /build/glibc-B3wQXB/glibc-2.31/elf/dl-version.c
cfn=(186) _dl_check_all_versions
calls=1 362 
* 150248
* 2
+4 2

fn=(116)
606 2
+2 1
-2 1
+2 1
+1 2
-1 2
+1 3
cfi=(27)
cfn=(118)
calls=1 1927 
* 2754
* 1
+2 2

fl=(39)
fn=(124)
34 69
+3 69
-3 207
+3 414
+8 483
+2 32
-2 111
+2 37

fl=(40) /build/glibc-B3wQXB/glibc-2.31/io/../sysdeps/unix/sysv/linux/read_nocancel.c
fn=(126) __read_nocancel
25 31
+1 124
+1 31

fl=(50)
fn=(366)
348 1
+1 4
-1 1
+3 2
cfi=(53)
cfn=(368)
calls=1 78 
* 6
+1 1
+2 2

fn=(160) _dl_load_cache_lookup
187 300
+8 60
+3 90
+66 87
+6 150
+11 30
-2 30
fi=(52) /build/glibc-B3wQXB/glibc-2.31/elf/../sysdeps/x86/dl-procinfo.h
39 60
+3 90
cfi=(22)
cfn=(58)
calls=30 +69 
* 750
* 120
fe=(50)
285 120
cfi=(8)
cfn=(26)
calls=30 +83 
* 600
* 60
+8 60
+15 3522
cfn=(168) _dl_cache_libcmp
calls=271 141 
* 23531
* 1890
cfn=(168)
calls=33 141 
* 3175
* 201
-14 30
-1 60
+1 60
-1 60
+15 660
+16 60
+4 60
+8 90
cfi=(14)
cfn=(30)
calls=30 41 
* 1050
* 390
+1 60
-1 30
+1 30
cfi=(20)
cfn=(48)
calls=30 127 
* 546
* 30
+1 30
cfi=(32) /build/glibc-B3wQXB/glibc-2.31/string/strdup.c
cfn=(90) strdup
calls=30 40 
* 3002
+1 240
-3 60
201 4
cfi=(38)
cfn=(162)
calls=1 44 
* 99
* 1
+8 5
+1 8
+3 1
fi=(51) /build/glibc-B3wQXB/glibc-2.31/elf/../sysdeps/generic/dl-cache.h
-60 5
fe=(50)
320 210
218 1
+1 2

fn=(168)
141 304
+1 1346
+2 7248
+20 3486
+2 3486
+5 2952
-1 1476
+1 1476
-29 2952
+32 99
-28 138
+6 66
+2 66
-2 66
+1 132
-1 66
+2 207
+1 27
-1 36
+2 198
-3 66
+3 75
+1 27
-1 36
+2 132
+1 3
+8 534
-5 6

fl=(49) /build/glibc-B3wQXB/glibc-2.31/io/../sysdeps/unix/sysv/linux/wordsize-64/xstat.c
fn=(158) _xstat
33 32
+1 16
+1 32
+4 1
-4 28

fl=(128)
fn=(374) call_init.part.0
28 264
+8 33
-8 33
+11 33
-3 66
+3 99
+5 96
+5 62
+9 186
cob=(2)
cfi=(18)
cfn=(2224) 0x0000000004831000
calls=1 -58 
* 7
cob=(2)
cfi=(18)
cfn=(2168) 0x0000000004887000
calls=1 -58 
* 7
cob=(2)
cfi=(18)
cfn=(1876) 0x0000000004b5b000
calls=1 -58 
* 7
cob=(2)
cfi=(18)
cfn=(1606) 0x0000000005c4c000
calls=1 -58 
* 7
cob=(2)
cfi=(18)
cfn=(1510) 0x000000000512c000
calls=1 -58 
* 7
cob=(2)
cfi=(18)
cfn=(1500) 0x000000000624b000
calls=1 -58 
* 7
cob=(2)
cfi=(18)
cfn=(1490) 0x00000000064c8000
calls=1 -58 
* 7
cob=(2)
cfi=(18)
cfn=(1480) 0x000000000664b000
calls=1 -58 
* 7
cob=(2)
cfi=(18)
cfn=(1470) 0x00000000066cf000
calls=1 -58 
* 7
cob=(2)
cfi=(18)
cfn=(1276) 0x00000000056ab000
calls=1 -58 
* 7
cob=(2)
cfi=(18)
cfn=(1264) 0x000000000594b000
calls=1 -58 
* 7
cob=(2)
cfi=(18)
cfn=(1232) 0x0000000006850000
calls=1 -58 
* 7
cob=(2)
cfi=(18)
cfn=(1222) 0x00000000068d8000
calls=1 -58 
* 7
cob=(2)
cfi=(18)
cfn=(1070) 0x00000000066ff000
calls=1 -58 
* 7
cob=(2)
cfi=(18)
cfn=(1060) 0x00000000069d4000
calls=1 -58 
* 7
cob=(2)
cfi=(18)
cfn=(1050) 0x0000000008496000
calls=1 -58 
* 7
cob=(2)
cfi=(18)
cfn=(784) 0x00000000085c4000
calls=1 -58 
* 7
cob=(2)
cfi=(18)
cfn=(564) 0x0000000008547000
calls=1 -58 
* 7
cob=(2)
cfi=(18)
cfn=(554) 0x0000000008601000
calls=1 -58 
* 7
cob=(2)
cfi=(18)
cfn=(544) 0x000000000689c000
calls=1 -58 
* 7
cob=(2)
cfi=(18)
cfn=(534) 0x0000000005804000
calls=1 -58 
* 7
cob=(2)
cfi=(18)
cfn=(524) 0x0000000005b57000
calls=1 -58 
* 7
cob=(2)
cfi=(18)
cfn=(514) 0x00000000086b7000
calls=1 -58 
* 7
cob=(2)
cfi=(18)
cfn=(504) 0x00000000086f9000
calls=1 -58 
* 7
cob=(2)
cfi=(18)
cfn=(492) 0x0000000005b72000
calls=1 -58 
* 7
cob=(2)
cfi=(18)
cfn=(482) 0x0000000008829000
calls=1 -58 
* 7
cob=(2)
cfi=(18)
cfn=(472) 0x000000000884b000
calls=1 -58 
* 7
cob=(2)
cfi=(18)
cfn=(462) 0x0000000008852000
calls=1 -58 
* 7
cob=(2)
cfi=(18)
cfn=(452) 0x000000000885c000
calls=1 -58 
* 7
cob=(3) /lib/x86_64-linux-gnu/libc-2.31.so
cfi=(142) /build/glibc-B3wQXB/glibc-2.31/csu/init-first.c
cfn=(432) _init
calls=1 -6 
* 122
cob=(2)
cfi=(18)
cfn=(376) 0x00000000055f8000
calls=1 -58 
* 5857
* 31
+4 62
+6 31
+2 62
-2 62
+3 155
+1 124
cob=(33)
cfi=(224)
cfn=(2228)
calls=1 -72 
* 12
cob=(32)
cfi=(223)
cfn=(2172) 0x00000000000426b0
calls=1 -72 
* 12
cob=(31)
cfi=(221)
cfn=(1880) 0x0000000000164070
calls=1 -72 
* 12
cob=(30)
cfi=(216)
cfn=(1610)
calls=1 -72 
* 12
cob=(29)
cfi=(214)
cfn=(1514) 0x00000000000a23a0
calls=1 -72 
* 12
cob=(28)
cfi=(213)
cfn=(1504)
calls=1 -72 
* 12
cob=(27)
cfi=(212)
cfn=(1494) 0x0000000000069820
calls=1 -72 
* 12
cob=(26)
cfi=(211)
cfn=(1484)
calls=1 -72 
* 12
cob=(25)
cfi=(210)
cfn=(1474)
calls=1 -72 
* 12
cob=(24)
cfi=(207)
cfn=(1280) 0x00000000000a71a0
calls=1 -72 
* 12
cob=(23)
cfi=(206)
cfn=(1268) __cpu_indicator_init
calls=1 -72 
* 160
cob=(22)
cfi=(205)
cfn=(1236) 0x00000000000432d0
calls=1 -72 
* 12
cob=(21)
cfi=(204)
cfn=(1226)
calls=1 -72 
* 12
cob=(20)
cfi=(199)
cfn=(1074)
calls=1 -72 
* 12
cob=(19)
cfi=(198)
cfn=(1064) 0x00000000000010f0
calls=1 -72 
* 12
cob=(18)
cfi=(197)
cfn=(1054)
calls=1 -72 
* 12
cob=(17)
cfi=(188)
cfn=(788)
calls=1 -72 
* 12
cob=(16)
cfi=(161)
cfn=(568) 0x0000000000040320
calls=1 -72 
* 12
cob=(15)
cfi=(160)
cfn=(558)
calls=1 -72 
* 12
cob=(14)
cfi=(159)
cfn=(548) 0x00000000000055d0
calls=1 -72 
* 12
cob=(4)
cfi=(158)
cfn=(538) 0x000000000000d480
calls=1 -72 
* 12
cob=(13)
cfi=(157)
cfn=(528) 0x0000000000002330
calls=1 -72 
* 12
cob=(12)
cfi=(156)
cfn=(518)
calls=1 -72 
* 12
cob=(11)
cfi=(155)
cfn=(508) 0x0000000000019750
calls=1 -72 
* 12
cob=(10)
cfi=(153)
cfn=(496) 0x00000000000012e0
calls=1 -72 
* 12
cob=(9)
cfi=(152)
cfn=(486)
calls=1 -72 
* 12
cob=(8)
cfi=(151)
cfn=(476) 0x0000000000001410
calls=1 -72 
* 12
cob=(7)
cfi=(150)
cfn=(466)
calls=1 -72 
* 12
cob=(6)
cfi=(149)
cfn=(456) 0x0000000000004ef0
calls=1 -72 
* 12
cob=(3)
cfi=(146) /build/glibc-B3wQXB/glibc-2.31/libio/vtables.c
cfn=(442) check_stdfiles_vtables
calls=1 +11 
* 12
cob=(5)
cfi=(140)
cfn=(424)
calls=1 -72 
* 12
* 160
cob=(32)
cfi=(223)
cfn=(2220) 0x00000000000425c0
calls=1 -72 
* 158
cob=(32)
cfi=(223)
cfn=(2178) 0x0000000000042580
calls=1 -72 
* 2721
cob=(31)
cfi=(221)
cfn=(2164) 0x0000000000163f70
calls=1 -72 
* 535
cob=(31)
cfi=(221)
cfn=(2156) 0x0000000000163f20
calls=1 -72 
* 1544
cob=(31)
cfi=(221)
cfn=(2154) 0x0000000000163ee0
calls=1 -72 
* 84
cob=(31)
cfi=(221)
cfn=(2152) 0x0000000000163ea0
calls=1 -72 
* 81
cob=(31)
cfi=(221)
cfn=(1898) 0x0000000000163e50
calls=1 -72 
* 13676
cob=(31)
cfi=(221)
cfn=(1886) 0x0000000000163dc0
calls=1 -72 
* 1328
cob=(30)
cfi=(216)
cfn=(1872)
calls=1 -72 
* 234
cob=(30)
cfi=(216)
cfn=(1858)
calls=1 -72 
* 1857
cob=(30)
cfi=(216)
cfn=(1788)
calls=1 -72 
* 4474
cob=(30)
cfi=(216)
cfn=(1786)
calls=1 -72 
* 86
cob=(30)
cfi=(216)
cfn=(1764)
calls=1 -72 
* 194
cob=(30)
cfi=(216)
cfn=(1746)
calls=1 -72 
* 1434
cob=(30)
cfi=(216)
cfn=(1716)
calls=1 -72 
* 3059
cob=(30)
cfi=(216)
cfn=(1706)
calls=1 -72 
* 1346
cob=(30)
cfi=(216)
cfn=(1680)
calls=1 -72 
* 1479
cob=(30)
cfi=(216)
cfn=(1616)
calls=1 -72 
* 8563
cob=(29)
cfi=(214)
cfn=(1530) 0x00000000000a22a0
calls=1 -72 
* 5977
cob=(29)
cfi=(214)
cfn=(1528) 0x00000000000a2280
calls=1 -72 
* 78
cob=(29)
cfi=(214)
cfn=(1520) 0x00000000000a2260
calls=1 -72 
* 1162
cob=(24)
cfi=(207)
cfn=(1464) 0x00000000000a7090
calls=1 -72 
* 237
cob=(24)
cfi=(207)
cfn=(1438) 0x00000000000a6fd0
calls=1 -72 
* 50
cob=(24)
cfi=(207)
cfn=(1412) 0x00000000000a6f10
calls=1 -72 
* 50
cob=(24)
cfi=(207)
cfn=(1394) 0x00000000000a6e90
calls=1 -72 
* 34
cob=(24)
cfi=(207)
cfn=(1376) 0x00000000000a6e10
calls=1 -72 
* 34
cob=(24)
cfi=(207)
cfn=(1372) 0x00000000000a6dd0
calls=1 -72 
* 159
cob=(24)
cfi=(207)
cfn=(1370) 0x00000000000a6bc0
calls=1 -72 
* 52
cob=(24)
cfi=(207)
cfn=(1344) 0x00000000000a6ab0
calls=1 -72 
* 74
cob=(24)
cfi=(207)
cfn=(1334) 0x00000000000a6a30
calls=1 -72 
* 1306
cob=(24)
cfi=(207)
cfn=(1312) 0x00000000000a6a10
calls=1 -72 
* 2793
cob=(24)
cfi=(207)
cfn=(1286) 0x00000000000a6980
calls=1 -72 
* 2236
cob=(23)
cfi=(206)
cfn=(1270) 0x0000000000003d10
calls=1 -72 
* 12
cob=(22)
cfi=(205)
cfn=(1242) 0x00000000000431f0
calls=1 -72 
* 4168
cob=(20)
cfi=(199)
cfn=(1080)
calls=1 -72 
* 3104
cob=(17)
cfi=(188)
cfn=(794)
calls=1 -72 
* 79672
cob=(16)
cfi=(161)
cfn=(574) 0x0000000000040250
calls=1 -72 
* 105790
cob=(10)
cfi=(154) /build/glibc-B3wQXB/glibc-2.31/dlfcn/dlfcn.c
cfn=(502) init
calls=1 -44 
* 4
cob=(3)
cfi=(147) /build/glibc-B3wQXB/glibc-2.31/string/../sysdeps/x86/cacheinfo.c
cfn=(444) init_cacheinfo
calls=1 488 
* 1688
cob=(5)
cfi=(141)
cfn=(430)
calls=1 +33 
* 142
-1 213
+3 198
-29 3
-5 3

fn=(372)
79 12
+1 1
+1 1
+3 3
+8 2
+25 1
+1 5
+1 2
-89 2
+89 64
-89 192
cfn=(374)
calls=32 -2 
* 254282
+88 99
+7 8
-95 3
cfn=(374)
calls=1 -2 
* 6071
+57 2

fl=(47)
fn=(146)
25 1
+2 7
+4 1

fl=(60)
fn=(200)
148 363
+15 33
-15 66
+15 33
+1 165
+6 66
+6 165
-18 46
+22 46
+7 132
+40 33
fi=(5)
76 33
fe=(60)
227 66
fi=(5)
76 97
+6 44
+4 66
+14 22
-8 22
+8 44
+20 44
+11 88
fe=(60)
255 1199
-96 22
fi=(5)
481 66
fe=(60)
159 44
+96 22
fi=(4)
48 22
fe=(60)
255 22
fi=(4)
47 22
+11 22
-11 44
+11 44
fe=(60)
255 11
-96 11
fi=(5)
481 33
fe=(60)
159 22
+96 11
fi=(4)
48 11
fe=(60)
255 11
fi=(4)
47 11
+11 11
-11 22
+11 22
fe=(60)
255 33
fi=(4)
48 33
fe=(60)
255 33
fi=(4)
47 33
+11 33
-11 66
+11 66
-7 22
-1 44
+11 44
fi=(5)
552 11788
+4 11788
+3 17682
+1 5894
fi=(4)
61 17844
+2 23800
+2 170
-4 6
+13 44
+1 14
+1 112
fi=(5)
552 56
+25 112
+2 56
cob=(4)
cfi=(106) /build/glibc-B3wQXB/glibc-2.31/math/../sysdeps/x86_64/fpu/multiarch/s_sin.c
cfn=(336) sin
calls=1 27 
* 9
cob=(4)
cfi=(117) /build/glibc-B3wQXB/glibc-2.31/math/../sysdeps/x86_64/fpu/multiarch/e_atan2.c
cfn=(334) __atan2_finite@GLIBC_2.15
calls=1 26 
* 9
cob=(4)
cfi=(116) /build/glibc-B3wQXB/glibc-2.31/math/../sysdeps/x86_64/fpu/multiarch/e_exp2f.c
cfn=(332) exp2f@@GLIBC_2.27
calls=1 27 
* 9
cob=(4)
cfi=(113) /build/glibc-B3wQXB/glibc-2.31/math/../sysdeps/x86_64/fpu/multiarch/e_asin.c
cfn=(330) __asin_finite@GLIBC_2.15
calls=1 27 
* 9
cob=(4)
cfi=(115) /build/glibc-B3wQXB/glibc-2.31/math/../sysdeps/x86_64/fpu/multiarch/s_sinf.c
cfn=(328) sinf
calls=1 26 
* 9
cob=(4)
cfi=(113)
cfn=(324) __acos_finite@GLIBC_2.15
calls=1 35 
* 9
cob=(4)
cfi=(112) /build/glibc-B3wQXB/glibc-2.31/math/../sysdeps/x86_64/fpu/multiarch/e_log.c
cfn=(322) __log_finite@GLIBC_2.15
calls=1 27 
* 9
cob=(4)
cfi=(111) /build/glibc-B3wQXB/glibc-2.31/math/../sysdeps/x86_64/fpu/multiarch/e_log2f.c
cfn=(320) log2f@@GLIBC_2.27
calls=1 27 
* 9
cob=(4)
cfi=(110) /build/glibc-B3wQXB/glibc-2.31/math/../sysdeps/x86_64/fpu/multiarch/e_pow.c
cfn=(318) __pow_finite@GLIBC_2.15
calls=1 27 
* 9
cob=(4)
cfi=(109) /build/glibc-B3wQXB/glibc-2.31/math/../sysdeps/x86_64/fpu/multiarch/e_powf.c
cfn=(316) powf@@GLIBC_2.27
calls=1 30 
* 9
cob=(4)
cfi=(108) /build/glibc-B3wQXB/glibc-2.31/math/../sysdeps/x86_64/fpu/multiarch/s_sincosf.c
cfn=(314) sincosf
calls=1 26 
* 9
cob=(4)
cfi=(107) /build/glibc-B3wQXB/glibc-2.31/math/../sysdeps/x86_64/fpu/multiarch/e_logf.c
cfn=(312) logf@@GLIBC_2.27
calls=1 27 
* 9
cob=(4)
cfi=(106)
cfn=(310) cos
calls=1 34 
* 9
cob=(4)
cfi=(105) /build/glibc-B3wQXB/glibc-2.31/math/../sysdeps/x86_64/fpu/multiarch/e_expf.c
cfn=(308) expf@@GLIBC_2.27
calls=1 27 
* 9
cob=(4)
cfi=(104) /build/glibc-B3wQXB/glibc-2.31/math/../sysdeps/x86_64/fpu/multiarch/e_exp.c
cfn=(306) __exp_finite@GLIBC_2.15
calls=1 27 
* 9
cob=(4)
cfi=(103) /build/glibc-B3wQXB/glibc-2.31/math/../sysdeps/x86_64/fpu/multiarch/s_cosf.c
cfn=(304) cosf
calls=1 26 
* 9
cob=(3)
cfi=(101) /build/glibc-B3wQXB/glibc-2.31/string/../sysdeps/x86_64/multiarch/strncase_l.c
cfn=(298) strncasecmp_l
calls=1 31 
* 6
cob=(3)
cfi=(100) /build/glibc-B3wQXB/glibc-2.31/string/../sysdeps/x86_64/multiarch/strchrnul.c
cfn=(296) strchrnul
calls=1 31 
* 10
cob=(3)
cfi=(98) /build/glibc-B3wQXB/glibc-2.31/wcsmbs/../sysdeps/x86_64/multiarch/wmemcmp.c
cfn=(292) wmemcmp
calls=1 29 
* 13
cob=(3)
cfi=(97) /build/glibc-B3wQXB/glibc-2.31/string/../sysdeps/x86_64/multiarch/stpcpy.c
cfn=(290) stpcpy
calls=1 33 
* 9
cob=(3)
cfi=(96) /build/glibc-B3wQXB/glibc-2.31/string/../sysdeps/x86_64/multiarch/stpncpy.c
cfn=(288) stpncpy
calls=1 31 
* 9
cob=(3)
cfi=(95) /build/glibc-B3wQXB/glibc-2.31/string/../sysdeps/x86_64/multiarch/strspn.c
cfn=(286) strspn
calls=1 29 
* 7
cob=(3)
cfi=(94) /build/glibc-B3wQXB/glibc-2.31/wcsmbs/../sysdeps/x86_64/multiarch/wcslen.c
cfn=(284) wcslen
calls=1 29 
* 10
cob=(3)
cfi=(93) /build/glibc-B3wQXB/glibc-2.31/string/../sysdeps/x86_64/multiarch/memchr.c
cfn=(282) memchr
calls=1 29 
* 10
cob=(3)
cfi=(92) /build/glibc-B3wQXB/glibc-2.31/string/../sysdeps/x86_64/multiarch/strcasecmp_l.c
cfn=(280) strcasecmp_l
calls=1 31 
* 6
cob=(3)
cfi=(91) /build/glibc-B3wQXB/glibc-2.31/string/../sysdeps/x86_64/multiarch/memrchr.c
cfn=(278) memrchr
calls=1 29 
* 10
cob=(3)
cfi=(90) /build/glibc-B3wQXB/glibc-2.31/string/../sysdeps/x86_64/multiarch/strlen.c
cfn=(276) strlen
calls=1 29 
* 10
cob=(3)
cfi=(89) /build/glibc-B3wQXB/glibc-2.31/string/../sysdeps/x86_64/multiarch/strchr.c
cfn=(274) index
calls=1 49 
* 9
cob=(3)
cfi=(88) /build/glibc-B3wQXB/glibc-2.31/string/../sysdeps/x86_64/multiarch/strpbrk.c
cfn=(272) strpbrk
calls=1 29 
* 7
cob=(3)
cfi=(87) /build/glibc-B3wQXB/glibc-2.31/wcsmbs/../sysdeps/x86_64/multiarch/wcscpy.c
cfn=(270) wcscpy
calls=1 43 
* 7
cob=(3)
cfi=(85) /build/glibc-B3wQXB/glibc-2.31/wcsmbs/../sysdeps/x86_64/multiarch/wmemset.c
cfn=(266) wmemset
calls=2 31 
* 34
cob=(3)
cfi=(84) /build/glibc-B3wQXB/glibc-2.31/wcsmbs/../sysdeps/x86_64/multiarch/wcsnlen.c
cfn=(264) wcsnlen
calls=1 49 
* 9
cob=(3)
cfi=(83) /build/glibc-B3wQXB/glibc-2.31/string/../sysdeps/x86_64/multiarch/memcpy.c
cfn=(260) memcpy@@GLIBC_2.14
calls=1 29 
* 17
cob=(3)
cfi=(82) /build/glibc-B3wQXB/glibc-2.31/string/../sysdeps/x86_64/multiarch/strcpy.c
cfn=(258) strcpy
calls=1 29 
* 9
cob=(3)
cfi=(81) /build/glibc-B3wQXB/glibc-2.31/string/../sysdeps/x86_64/multiarch/strncase.c
cfn=(256) strncasecmp
calls=1 31 
* 6
cob=(3)
cfi=(80) /build/glibc-B3wQXB/glibc-2.31/string/../sysdeps/x86_64/multiarch/strcspn.c
cfn=(254) strcspn
calls=1 29 
* 7
cob=(3)
cfi=(79) /build/glibc-B3wQXB/glibc-2.31/string/../sysdeps/x86_64/multiarch/strnlen.c
cfn=(252) strnlen
calls=2 31 
* 20
cob=(3)
cfi=(78) /build/glibc-B3wQXB/glibc-2.31/wcsmbs/../sysdeps/x86_64/multiarch/wcschr.c
cfn=(250) wcschr
calls=2 31 
* 20
cob=(3)
cfi=(76) /build/glibc-B3wQXB/glibc-2.31/string/../sysdeps/x86_64/multiarch/memset.c
cfn=(246) memset
calls=1 29 
* 19
cob=(3)
cfi=(75) /build/glibc-B3wQXB/glibc-2.31/string/../sysdeps/x86_64/multiarch/strcmp.c
cfn=(244) strcmp
calls=1 53 
* 9
cob=(3)
cfi=(74) /build/glibc-B3wQXB/glibc-2.31/string/../sysdeps/x86_64/multiarch/strncmp.c
cfn=(242) strncmp
calls=1 54 
* 9
cob=(3)
cfi=(72) /build/glibc-B3wQXB/glibc-2.31/string/../sysdeps/x86_64/multiarch/memcmp.c
cfn=(238) bcmp
calls=1 29 
* 13
cob=(3)
cfi=(71) /build/glibc-B3wQXB/glibc-2.31/string/../sysdeps/x86_64/multiarch/mempcpy.c
cfn=(234) mempcpy
calls=1 33 
* 17
cob=(3)
cfi=(70) /build/glibc-B3wQXB/glibc-2.31/wcsmbs/../sysdeps/x86_64/multiarch/wcscmp.c
cfn=(232) wcscmp
calls=1 30 
* 10
cob=(3)
cfi=(69) /build/glibc-B3wQXB/glibc-2.31/wcsmbs/../sysdeps/x86_64/multiarch/wmemchr.c
cfn=(230) wmemchr
calls=2 31 
* 20
cob=(3)
cfi=(68) /build/glibc-B3wQXB/glibc-2.31/string/../sysdeps/x86_64/multiarch/rawmemchr.c
cfn=(228) rawmemchr
calls=1 31 
* 10
cob=(3)
cfi=(67) /build/glibc-B3wQXB/glibc-2.31/string/../sysdeps/x86_64/multiarch/strrchr.c
cfn=(226) rindex
calls=1 28 
* 10
cob=(3)
cfi=(66) /build/glibc-B3wQXB/glibc-2.31/string/../sysdeps/x86_64/multiarch/strcat.c
cfn=(224) strcat
calls=1 29 
* 9
cob=(3)
cfi=(65) /build/glibc-B3wQXB/glibc-2.31/string/../sysdeps/x86_64/multiarch/strcasecmp.c
cfn=(222) strcasecmp
calls=1 31 
* 6
cob=(3)
cfi=(64) /build/glibc-B3wQXB/glibc-2.31/string/../sysdeps/x86_64/multiarch/strncpy.c
cfn=(220) strncpy
calls=1 29 
* 9
cob=(3)
cfi=(62) /build/glibc-B3wQXB/glibc-2.31/string/../sysdeps/x86_64/multiarch/memmove.c
cfn=(216) memmove
calls=2 29 
* 34
-27 56
+28 56
fi=(4)
75 170
fe=(60)
255 264
+3 132
+24 33
+3 66
+17 99
+2 264
177 66
+3 30
fi=(4)
-96 44
-1 44
+3 44
-3 44
+3 44
+12 44
-12 44
+12 88
+10 84
+10 36
+3 82
+3 82
-73 31
-1 31
fi=(5)
491 93
fi=(4)
127 61592
+9 30796
+1 15398
-1 30796
+1 15398
+2 15398
-2 15398
+2 30796
-1 30796
fi=(5)
276 30796
+21 30796
+4 30796
+7 61592
fi=(61) /build/glibc-B3wQXB/glibc-2.31/elf/../sysdeps/generic/ldsodefs.h
126 46137
fi=(5)
308 157130
fi=(4)
138 6569
fi=(5)
308 6569
fi=(4)
138 6569
fi=(5)
308 6569
fi=(4)
138 6569
fi=(5)
308 91966
cfi=(6)
cfn=(208) _dl_lookup_symbol_x
calls=6569 841 
* 6726957
* 39414
+1 46137
+24 92174
457 46095
+1 15365
fi=(4)
124 46194
+19 155
fi=(5)
367 12
+1 24
+61 69
+4 92
+5 23
+9 23
-9 46
+9 46
-72 12
+11 4
-9 8
+9 8
fi=(4)
111 116
+1 32
fi=(5)
536 32
fi=(4)
112 32
fi=(5)
536 64
fi=(4)
112 56813
fi=(5)
536 56813
fi=(4)
112 56813
fi=(5)
536 113626
+5 113690
+1 56845
fi=(4)
111 56845
fi=(5)
542 113690
fi=(4)
111 113690
+7 96
-67 3
160 12
+2 36
+9 27
-1 54
fi=(5)
276 18
+21 18
+4 18
+7 36
fi=(61)
126 27
fi=(5)
308 297
cfi=(6)
cfn=(208)
calls=9 841 
* 13834
* 63
+1 27
+24 92
-24 15368
+3 15311
-3 15311
+3 30622
+2 535
+3 214
+1 321
+1 214
+4 107
+7 107
cob=(4)
cfi=(106)
cfn=(310)
calls=1 34 
* 9
cob=(4)
cfi=(127) /build/glibc-B3wQXB/glibc-2.31/math/../sysdeps/x86_64/fpu/multiarch/s_atan.c
cfn=(360) atan
calls=1 26 
* 9
cob=(4)
cfi=(126) /build/glibc-B3wQXB/glibc-2.31/math/../sysdeps/x86_64/fpu/multiarch/s_tan.c
cfn=(358) tan
calls=1 26 
* 9
cob=(4)
cfi=(106)
cfn=(336)
calls=1 27 
* 9
cob=(3)
cfi=(125) /build/glibc-B3wQXB/glibc-2.31/debug/../sysdeps/x86_64/multiarch/memmove_chk.c
cfn=(354) __memmove_chk
calls=2 29 
* 34
cob=(3)
cfi=(124) /build/glibc-B3wQXB/glibc-2.31/string/../sysdeps/x86_64/multiarch/strncat.c
cfn=(352) strncat
calls=2 29 
* 18
cob=(3)
cfi=(122) /build/glibc-B3wQXB/glibc-2.31/debug/../sysdeps/x86_64/multiarch/memset_chk.c
cfn=(346) __memset_chk
calls=1 29 
* 19
cob=(3)
cfi=(88)
cfn=(272)
calls=1 29 
* 7
cob=(3)
cfi=(81)
cfn=(256)
calls=1 31 
* 6
cob=(3)
cfi=(121) /build/glibc-B3wQXB/glibc-2.31/time/../sysdeps/unix/sysv/linux/time.c
cfn=(344) time
calls=2 38 
* 14
cob=(3)
cfi=(80)
cfn=(254)
calls=1 29 
* 7
cob=(3)
cfi=(95)
cfn=(286)
calls=1 29 
* 7
cob=(3)
cfi=(97)
cfn=(290)
calls=1 33 
* 9
cob=(3)
cfi=(65)
cfn=(222)
calls=1 31 
* 6
cob=(3)
cfi=(120) /build/glibc-B3wQXB/glibc-2.31/string/../sysdeps/x86_64/multiarch/strstr.c
cfn=(342) strstr
calls=3 44 
* 21
cob=(3)
cfi=(66)
cfn=(224)
calls=2 29 
* 18
cob=(3)
cfi=(93)
cfn=(282)
calls=3 29 
* 30
cob=(3)
cfi=(67)
cfn=(226)
calls=3 28 
* 30
cob=(3)
cfi=(82)
cfn=(258)
calls=4 29 
* 36
cob=(3)
cfi=(64)
cfn=(220)
calls=4 29 
* 36
cob=(3)
cfi=(118) /build/glibc-B3wQXB/glibc-2.31/debug/../sysdeps/x86_64/multiarch/memcpy_chk.c
cfn=(338) __memcpy_chk
calls=6 29 
* 102
cob=(3)
cfi=(78)
cfn=(250)
calls=1 31 
* 10
cob=(3)
cfi=(62)
cfn=(216)
calls=8 29 
* 136
cob=(3)
cfi=(83)
cfn=(260)
calls=8 29 
* 136
cob=(3)
cfi=(75)
cfn=(244)
calls=7 53 
* 63
cob=(3)
cfi=(72)
cfn=(238)
calls=8 29 
* 104
cob=(3)
cfi=(76)
cfn=(246)
calls=8 29 
* 152
cob=(3)
cfi=(102) /build/glibc-B3wQXB/glibc-2.31/time/../sysdeps/unix/sysv/linux/gettimeofday.c
cfn=(302) gettimeofday
calls=3 41 
* 21
cob=(3)
cfi=(94)
cfn=(284)
calls=2 29 
* 20
cob=(3)
cfi=(89)
cfn=(274)
calls=6 49 
* 54
cob=(3)
cfi=(90)
cfn=(276)
calls=9 29 
* 90
cob=(3)
cfi=(74)
cfn=(242)
calls=5 54 
* 45
* 214
+3 214
-25 3939
+1 61168
131 3
fe=(60)
310 165
+3 33
-3 33
+3 33
+4 66
+1 132
cfi=(53)
cfn=(170)
calls=33 78 
* 198
* 66
fi=(5)
124 88
-2 44
fe=(60)
255 30
fi=(5)
+53 80190
457 27
+1 9
fi=(4)
160 29
+14 6
fi=(5)
309 3
+3 3
-3 3
+3 6
-3 12
-1 185572
fe=(60)

fl=(42)
fn=(132)
33 128
+1 64
+1 128
+4 32

fl=(57)
fn=(180)
28 26
+2 4
+4 38
+1 6
-1 2
+1 4
cfi=(30) /build/glibc-B3wQXB/glibc-2.31/string/../sysdeps/x86_64/multiarch/memset-vec-unaligned-erms.S
cfn=(80) memset
calls=2 +73 
* 34
* 16
-2 8
+6 8
+3 2
-3 4
+1 6
+2 2
-3 352
+3 88
-3 176
+1 264
+2 88
+12 444
+2 264
+1 176
-1 3612
+1 2408
+33 2532
-36 5064
+61 378
+7 16
-63 15540
+1 11964
+6 26
-1 78
+1 52
-1 52
+1 26
-1 78
cfi=(20)
cfn=(48)
calls=26 +62 
* 970
+4 52
-2 26
+2 156
+8 182
+41 372
cfi=(30)
cfn=(80)
calls=62 -10 
* 956
* 186
-34 156
cfi=(20)
cfn=(48)
calls=26 +43 
* 374
+1 78
+2 26
-2 26
+2 26
+3 1899
-44 180

fl=(6)
fn=(10)
961 33
+3 99
+2 33
+2 66
+2 33
-1 33
+3 99
+1 33
+4 33
-3 33
+7 33
-7 33
+3 33
-1 33
+3 33
+2 33
-7 33
+7 33
+5 33

fn=(212) check_match
75 89271
+3 13734
+13 27304
-13 27304
+13 13652
+3 23016
cfi=(22)
cfn=(58)
calls=2341 +17 
* 168565
* 4682
+4 6826
+1 13652
+2 12022
+19 12022
+1 48088
+2 112
+1 12
+36 6739
+7 40434
-18 1630
+2 1628
+1 814
-1 1628
+1 2442
-1 1628
+4 74
+1 259
+2 111
+2 37
+7 222
-7 50
+7 546
-45 17865
cfi=(22)
cfn=(58)
calls=5955 -11 
* 202365
* 11910
-44 168
+82 82

fn=(208)
841 68690
582 6869
841 27476
582 20607
-1 13738
+2 13738
-1 6869
+1 20607
-1 20607
+1 427972
-1 213986
+1 641958
-1 648827
847 6869
-4 6869
+1 6869
+7 6869
-8 6869
+1 6869
+7 18791
+3 34345
+6 13738
-7 41214
+7 5520
+1 100048
cfn=(210) do_lookup_x
calls=7696 368 
* 4389306
* 29864
+5 13738
+24 54072
+40 27104
+14 20328
+3 27104
+5 6776
+2 61821
-86 558
+17 93
+1 186
+59 2

fn=(210)
368 61568
+1 7696
-1 46176
+48 7696
+35 23088
-65 7696
-11 7696
+41 7696
-30 15392
+65 15392
-51 188943
+4 62981
+4 62981
-3 62981
+3 125962
+1 188943
+3 62981
+1 125962
+7 125962
-3 125962
-2 62981
+5 188943
+3 440867
571 168615
379 125962
+3 125962
+4 125962
+4 125962
+4 125962
+88 13552
fi=(61)
126 20328
fe=(6)
533 13552
+3 38810
+16 33255
+2 13552
427 30696
-1 20464
+2 20464
+2 9501
+6 28503
-6 9501
+6 85509
+7 45165
-10 108970
+3 6867
-1 13734
+1 13734
-1 6867
+2 13734
-1 82404
cfn=(212)
calls=6867 75 
* 750894
+4 20857
574 920
+1 61568
-35 11361
227 250
-1 125
+3 250
-2 125
+2 250
+2 125
-2 375
cfi=(2)
cfn=(52)
calls=125 801 
* 375
+2 125
+1 125
+1 250
-2 125
+2 125
+2 248
+1 124
-1 372
+1 124
-1 124
+1 248
-1 372
+1 248
-1 1264
+24 442
+3 137
+1 411
-24 1044
+1 80
cfi=(22)
cfn=(58)
calls=40 111 
* 2815
* 80
+2 200
+10 40
+1 160
+2 160
cfi=(2)
cfn=(54)
calls=40 807 
* 120
+1 40
474 5561
+2 74
267 1260
+61 680
+19 595
+5 340
cfi=(2)
cfn=(54)
calls=85 807 
* 255
+2 340
181 540
-2 89
+1 267
-3 348
+8 170
-1 85
+1 85
+2 85
-2 85
336 340
-72 136
+46 2
+9 4
cob=(2)
cfi=(18)
cfn=(40)
calls=1 0 
* 38
* 1
+1 2
+3 1
+1 2
-6 1
+7 1
-1 1
+1 1
-7 1
+7 16598
-51 8
cfi=(38)
cfn=(350)
calls=2 +26 
* 159
+2 4
-2 2
+2 2
cob=(2)
cfi=(18)
cfn=(40)
calls=2 0 
* 116
* 2
+1 4
+7 296
+1 276
+1 140
175 70
286 140
175 70
286 70
175 70
+1 70
-1 70
+1 210
+1 440
+2 14
+1 42
-3 168
+8 70
-1 70
+1 70
+2 70
-2 70
+3 70
-7 10
290 18
cfi=(19)
cfn=(94)
calls=2 109 
* 10
+1 2
+2 2
-19 2
+20 4
-3 2
+2 2
+1 47193

fl=(11)
fn=(20)
28 1
+3 5
+2 2
+6 1
+1 1

fl=(27)
fn=(118)
1927 1090
+8 218
+1 436
+3 4505
+5 9023
+2 3867
cfi=(38)
cfn=(120)
calls=1289 282 
* 122694
* 2578
+4 2422
+1 3633
+3 1001
+1 1001
+1 1001
-1 1001
+1 1001
cfi=(22)
cfn=(58)
calls=1001 111 
* 38940
* 2002
2238 981
1972 186
-43 31
+53 93
+36 62
-2 31
+2 31
cfi=(31)
cfn=(88)
calls=31 23 
* 1008
* 62
2169 2
-1 3
cfn=(86) expand_dynamic_string_token
calls=1 378 
* 246
+2 1
-3 1
+1 1
+2 2
+4 4
cfn=(122) open_verify.constprop.1
calls=1 1466 
* 285
* 1
+3 2
+12 4
+46 1
+1 3
-1 1
+1 9
cfn=(128) _dl_map_object_from_fd
calls=1 866 
* 1851
-1 30
+1 90
-1 30
+1 270
cfn=(128)
calls=30 866 
* 65758
* 93
2022 60
cfi=(14)
cfn=(30)
calls=30 41 
* 708
* 60
+2 60
+7 120
+36 360
cfn=(154) open_path
calls=30 1779 
* 9286
+6 30
-6 30
+6 120
659 30
2074 30
659 60
+3 24
2161 60
+28 120
+2 120
2035 150
+8 120
-3 264
659 88
2041 88
659 176
+3 24
+3 36
+3 12
+1 12
2082 30
+14 60
+2 90
+4 60
cfi=(50)
cfn=(160)
calls=30 187 
* 41810
* 30
+2 60
+4 60
+8 90
+23 180
cfn=(156) open_verify.constprop.0
calls=30 1466 
* 8674
+4 60
-4 30
+4 30
+1 60
-89 120
+1 240
659 30
2057 30
659 60
2066 60
+1 60
665 36
+3 12
+1 12

fn=(150)
231 216
+3 108
-3 216
+7 108
-7 216
+3 108
cfi=(31)
cfn=(88)
calls=108 23 
* 3072
+3 216
+20 756

fn=(86)
378 14
234 2
378 2
234 2
378 2
234 2
cfi=(31)
cfn=(88)
calls=2 23 
* 114
+3 4
403 2
-11 2
+11 12
-11 2
cfi=(32)
cfn=(90)
calls=2 40 
* 206

fn=(82) fillin_rpath
447 7
+2 1
-2 9
+4 3
cfi=(19)
cfn=(84)
calls=1 262 
* 240
* 3
cfi=(19)
cfn=(84)
calls=1 262 
* 8
* 6
+7 2
+2 3
cfn=(86)
calls=1 -82 
* 120
* 1
+4 2
+5 2
cfi=(14)
cfn=(30)
calls=1 41 
* 17
* 1
+1 2
+7 5
+9 17
+1 8
+57 2
cob=(2)
cfi=(18)
cfn=(92) 0x0000000004001080
calls=1 0 
* 7
* 1
-39 2
+4 8
cob=(2)
cfi=(18)
cfn=(44)
calls=1 0 
* 27
+2 3
+5 1
+1 2
-2 2
+2 1
cfi=(20)
cfn=(78)
calls=1 114 
* 13
+1 1
+2 1
-3 1
+1 1
+2 1
+6 4
+1 10
+1 4
-1 2
+1 4
-1 6
+3 1
+1 1
-1 1
+1 1
+8 1
-1 1
+4 3
-60 4
+23 2
+43 1
+3 9
-15 2

fn=(128)
866 310
+10 31
-10 31
+10 31
-10 93
+10 31
cfi=(33)
cfn=(96)
calls=31 46 
* 279
* 31
+7 124
+61 124
+10 62
+7 124
+33 62
877 31
997 217
cfi=(17)
cfn=(38)
calls=31 59 
* 11574
* 31
+1 62
+11 62
+5 31
-5 31
+1 31
+5 31
-5 31
+1 31
+2 31
-2 31
+2 62
+1 93
+20 62
-2 31
+2 527
+8 31
-8 31
+8 31
-8 31
+8 93
+90 31
-96 31
+96 31
-97 31
-5 62
1132 62
-89 2613
fi=(41) /build/glibc-B3wQXB/glibc-2.31/elf/../sysdeps/posix/dl-fileid.h
37 124
cfi=(42)
cfn=(132)
calls=31 -4 
* 341
* 62
fe=(27)
901 62
fi=(41)
40 62
+1 31
fe=(27)
901 31
fi=(41)
40 31
fe=(27)
901 1705
+1 1054
fi=(41)
49 1984
fe=(27)
1417 279
1018 9
-98 62
1066 620
+5 868
+8 124
+1 124
+1 124
-2 124
+1 248
+1 372
-1 124
+1 124
-1 248
+1 496
+3 124
-3 124
+1 248
+2 124
+4 248
+1 558
+5 186
-1 93
+1 93
-1 93
-14 93
+15 465
-52 558
+52 62
-1 31
+1 31
-1 31
-14 31
+15 155
-52 1518
1157 62
1010 62
1170 62
+10 124
fi=(44) /build/glibc-B3wQXB/glibc-2.31/elf/./dl-map-segments.h
56 31
fe=(27)
1180 62
fi=(44)
56 62
fe=(27)
1180 93
fi=(44)
56 62
-6 31
+6 31
-6 31
+6 31
cfi=(43)
cfn=(136)
calls=31 -8 
* 620
* 31
+4 62
+3 62
+1 31
+2 31
-3 31
+1 31
+2 31
+7 120
cfi=(53)
cfn=(170)
calls=12 +5 
* 72
* 24
+7 31
+2 31
fi=(45) /build/glibc-B3wQXB/glibc-2.31/elf/./dl-load.h
+8 248
+1 93
+2 248
fi=(44)
+11 496
+6 31
+2 31
-2 31
+1 31
+2 62
-1 62
+3 62
+5 62
+3 62
+8 217
cfi=(30)
cfn=(80)
calls=31 -23 
* 5402
+1 62
+5 62
+12 124
-59 620
+2 465
+2 744
cfi=(43)
cfn=(136)
calls=93 -46 
* 1674
* 186
fe=(27)
1107 12
+4 4
+1 8
+1 4
+3 20
+1 4
+3 4
-3 4
+8 16
-65 6
+1 3
+88 300
cfi=(21)
cfn=(134) _dl_process_pt_note
calls=60 153 
* 3692
* 240
1049 62
+5 62
+1 124
-37 5
+1 2
-1 1
+1 2
cfi=(54) /build/glibc-B3wQXB/glibc-2.31/io/../sysdeps/unix/sysv/linux/pread64_nocancel.c
cfn=(174) __pread64_nocancel
calls=1 29 
* 7
* 2
+24 422
1144 124
+2 31
-6 62
+1 31
+51 124
+9 93
fi=(3)
42 31
+6 31
-2 31
+2 62
+15 31
+5 31
+3 31
-2 31
-2 31
-3 62
-1 744
+1 465
-16 155
+26 155
-26 1016
+26 706
-26 1412
+2 1722
+23 1412
-8 155
+3 124
+3 124
+1 124
+9 62
+20 97
+1 124
+1 124
+1 124
+2 124
+5 123
+1 122
+1 124
+5 93
+5 60
+7 62
+1 93
+18 93
+5 30
+2 30
+1 5
+1 30
+2 30
+3 93
+2 33
+1 22
+9 22
+5 22
+3 62
fe=(27)
1208 62
+2 62
+19 93
+19 62
+2 155
+48 93
+1 8
+3 8
cfi=(46)
cfn=(144)
calls=4 25 
* 24
* 54
cfi=(46)
cfn=(144)
calls=27 25 
* 162
* 62
+9 62
+2 124
+2 62
+16 62
cfi=(6)
cfn=(10)
calls=31 961 
* 744
+4 62
+1 62
+1 20
+4 5
+4 5
-4 5
+5 5
-4 5
+3 10
cfi=(20)
cfn=(48)
calls=5 127 
* 55
+4 15
+4 62
+4 31
+5 31
-5 31
+5 31
+10 62
+9 62
+1 16
+5 4
cfi=(34)
cfn=(172) _dl_next_tls_modid
calls=4 48 
* 28
* 4
+7 12
cfi=(17)
cfn=(50)
calls=4 31 
* 328
* 81
cfi=(17)
cfn=(50)
calls=27 31 
* 2896
+4 93
fi=(45)
94 140
+2 28
-1 56
+1 28
-1 28
+1 28
-1 28
+1 28
-1 56
+3 112
fe=(27)
1354 4
fi=(44)
141 104
cfi=(43)
cfn=(136)
calls=13 -93 
* 234
+3 26
fe=(27)
1018 2
fi=(3)
181 27
-14 4
-6 18
fi=(41)
49 40
fe=(27)

fn=(154)
1779 240
+1 30
-1 180
+1 30
+6 60
+5 510
-7 30
1443 60
1791 30
-8 30
+8 60
+3 60
+9 180
+7 90
+1 30
-1 30
cfi=(20)
cfn=(78)
calls=30 114 
* 390
-12 30
+12 30
+55 60
-22 240
-32 201
+3 240
-3 240
+3 240
+4 259
cfi=(20)
cfn=(78)
calls=37 114 
* 515
* 148
cfi=(20)
cfn=(78)
calls=37 114 
* 481
+3 74
+3 111
+3 222
cfn=(156)
calls=37 1466 
* 1961
* 37
+2 111
+2 16
+62 30
+27 270
1811 609
+85 240
+7 60
-2 60
+2 60
+3 90
-51 116
+2 58
-46 74
+25 16
+1 56
+6 16
+2 24
-2 16
+2 8
cfi=(49)
cfn=(158)
calls=8 33 
* 109
* 8
+3 8
-3 16
+1 1
+2 1
-2 1
+2 23
-57 60

fn=(156)
1466 737
+39 201
+31 268
cfi=(39)
cfn=(124)
calls=67 34 
* 1384
* 67
+2 134
+11 60
+6 30
-6 30
+1 60
+5 150
cfi=(40)
cfn=(126)
calls=30 25 
* 180
+2 60
+2 90
+2 60
+6 60
+16 270
-65 37
1765 603
1583 210
+74 60
+5 60
+2 120
+6 60
+6 30
+1 30
-1 90
+1 30
-1 30
+1 60
+1 58
+20 120
1543 60
1698 1854
+1 802
+1 232
+4 232
+6 6
+1 48
+10 21
cfi=(54)
cfn=(174)
calls=3 29 
* 21
* 73
+8 378
+15 10
+6 15
-3 5
+1 5
+3 5
-3 10
+1 5
-1 5
-1 5
+4 10
1583 18
1761 60
cob=(2)
cfi=(18)
cfn=(92)
calls=30 0 
* 210
* 30
-29 522
+3 58
-4 58
+4 116
+5 5
+1 116
-60 15
+1 2
-1 1
+1 3
cfi=(54)
cfn=(174)
calls=1 29 
* 7
* 8
+23 165

fn=(72)
681 2
+13 2
-13 8
+13 3
cfi=(28) /build/glibc-B3wQXB/glibc-2.31/elf/dl-hwcaps.c
cfn=(74) _dl_important_hwcaps
calls=1 42 
* 747
+5 1
-5 1
+5 1
cob=(2)
cfi=(18)
cfn=(44)
calls=1 0 
* 27
-1 1
+2 2
+7 2
+1 4
-1 3
+4 4
cob=(2)
cfi=(18)
cfn=(44)
calls=1 0 
* 27
* 2
+2 2
+7 1
+10 1
-2 2
+2 1
+3 2
+9 1
-7 1
+7 2
-3 1
-20 1
+12 1
+3 1
+8 1
-3 17
cfi=(30)
cfn=(80)
calls=4 108 
* 52
+3 18
-14 9
+14 3
-12 6
+4 3
+4 3
-7 3
+3 3
+1 3
-2 3
+5 3
+1 3
-4 3
+4 3
+14 1
-11 1
+6 1
+1 1
+5 2
+2 4
+2 3
+38 5
-19 1
-2 1
+2 2
+21 2
cfi=(14)
cfn=(30)
calls=1 41 
* 17
* 10
-7 2
+7 9
cfi=(20)
cfn=(48)
calls=1 127 
* 11
* 1
+5 4
-1 2
+2 56
-1 57
+5 1
cob=(2)
cfi=(18)
cfn=(44)
calls=1 0 
* 27
-1 1
+1 1
+1 2
+6 6
cfn=(82)
calls=1 447 
* 588
+3 3
+6 1
+4 8
-30 2

fn=(122)
1466 1
+70 1
-70 4
+70 1
-70 6
+70 1
cfi=(39)
cfn=(124)
calls=1 34 
* 19
* 1
+2 2
+11 2
+6 1
-6 1
+1 2
+5 5
cfi=(40)
cfn=(126)
calls=1 25 
* 6
+2 2
+2 3
+2 2
+6 2
+16 9
1761 2
cob=(2)
cfi=(18)
cfn=(92)
calls=1 0 
* 7
+4 9
1583 7
+74 2
+5 2
+2 4
+6 2
+6 1
+1 1
-1 3
+1 1
-1 1
+1 2
+1 2
+20 4
1543 2
1698 66
+1 28
+1 8
+4 8
+17 4
+8 12
+3 18
+3 2
-4 2
+4 4
+6 4
-36 6

fl=(16)
fn=(36)
28 3
+1 3
+3 61
+13 51
-13 102
+2 106
+1 18
+5 2
-3 2
+3 2
+2 2
+7 1

fl=(22)
fn=(58)
111 14031
+33 14031
+1 14031
+2 14031
+1 14031
+21 14031
+1 14031
+1 11740
+1 11740
+1 9803
+1 9803
+1 9803
+1 9803
+21 9803
+1 9803
+1 9803
+1 9803
+1 9803
+1 9803
+1 9803
+5 1257
+1 3771
+9 1257
+1 1257
+1 1257
+1 1257
+1 1257
+1 1257
+1 1257
+1 1257
-7 4228
+1 4228
+1 4228
+1 4228
+1 4228
+1 4228
+1 4228
+1 4228
+1 3969
+1 2616
+1 2616
+1 2616
+2 2616
+1 2616
+1 2616
+1 2616
+1 2616
+1 2616
-5 1353
+1 1353
+1 1353
+1 1353
+1 1353
+1 1353
+10 1516
+1 1516
+1 1516
+2 1516
+6 1516
+1 1516
+1 1516
+1 1516
+1 1516
+5 1516
+2 1157
+1 1157
+1 2314
+8 1157
+1 1157
+3 1157
+1 1157
+1 1157
+1 1157
+1 1157
+1 1157
-9 50
+1 50
+3 50
+1 50
+1 50
+1 50
+1 50
+1 50
+6 85
+1 85
+1 85
+3 85
+1 85
+1 85
+1 85
+1 85
+1 85
+5 50
+1 50
+9 135
+1 135
+1 135
+1 135
+1 135
+2 135
+1 135
+1 135
+1 135
+1 135
+1 135
+1 135
+1 72
+3 72
+1 72
+1 72
+6 72
+1 72
+1 144
+4 72
+1 72
-1 4
+1 4
+3 76
+1 76
+1 76
+3 76
+1 76
+1 76
+6 76
+1 76
+1 76
+1 76
+1 76
+1 76
+6 8
+1 8
+2 8
+1 8
+2 8
+1 8
+1 8
+3 8
+1 8
+1 8
+6 8
+1 8
+1 8
+1 8
+1 8
+1 8
+6 4
+1 4
+1 4
+40 172
+1 172
+1 172
+1 172
+1 172
+2 172
+1 172
+1 172
+1 172
+1 172
+1 172
+1 172
+1 92
+3 92
+1 92
+1 92
+6 92
+1 92
+1 184
+4 92
+1 92
-1 4
+1 4

ob=(2)
fl=(18)
fn=(492)
0 7

fn=(622) 0x0000000005b72110
0 68
cob=(5)
cfi=(171)
cfn=(624)
calls=34 25 
0 640

fn=(674) 0x0000000005985560
0 8
cob=(3)
cfi=(182) /build/glibc-B3wQXB/glibc-2.31/string/../sysdeps/x86_64/multiarch/memset-vec-unaligned-erms.S
cfn=(676) __memset_avx2_unaligned_erms
calls=4 167 
0 292

fn=(1002)
0 86
cob=(3)
cfi=(193) /build/glibc-B3wQXB/glibc-2.31/string/strdup.c
cfn=(1006) strdup
calls=42 40 
0 10222
cob=(1)
cfi=(132)
cfn=(390)
calls=1 67 
0 1351
0 5

fn=(1026)
0 1806
cob=(3)
cfi=(196) /build/glibc-B3wQXB/glibc-2.31/string/../sysdeps/x86_64/multiarch/strcmp-avx2.S
cfn=(1032) __strcmp_avx2
calls=902 79 
0 19070
cob=(1)
cfi=(132)
cfn=(390)
calls=1 67 
0 1044
0 5

fn=(1336) 0x00000000056afef0
0 20180
cob=(3)
cfi=(172) /build/glibc-B3wQXB/glibc-2.31/malloc/malloc.c
cfn=(832) malloc
calls=10089 3023 
0 1048776
cob=(1)
cfi=(132)
cfn=(390)
calls=1 67 
0 1282
0 5

fn=(1470)
0 7

fn=(1876)
0 7

fn=(1940) 0x0000000004b68cc0
0 2
cob=(1)
cfi=(132)
cfn=(390)
calls=1 67 
0 927
0 5

fn=(2320) 0x00000000056b04d0
0 260
cob=(24)
cfi=(207)
cfn=(2324) std::locale::id::_M_id() const
calls=129 0 
0 1197
cob=(1)
cfi=(132)
cfn=(391)
calls=1 67 
0 925
0 5

fn=(2350) 0x00000000056b1620
0 2
cob=(1)
cfi=(132)
cfn=(391)
calls=1 67 
0 2629
0 5

fn=(2424) 0x00000000056af980
0 2
cob=(1)
cfi=(132)
cfn=(391)
calls=1 67 
0 1746
0 5

fn=(2580) 0x00000000056b1e30
0 2
cob=(1)
cfi=(132)
cfn=(391)
calls=1 67 
0 1459
0 5

fn=(2612) 0x00000000056b1860
0 2
cob=(1)
cfi=(132)
cfn=(391)
calls=1 67 
0 944
0 5

fn=(2640) 0x00000000056af4d0
0 2
cob=(1)
cfi=(132)
cfn=(391)
calls=1 67 
0 938
0 5

fn=(2650) 0x00000000056affd0
0 16
cob=(24)
cfi=(207)
cfn=(2654) std::ios_base::ios_base()
calls=7 0 
0 686
cob=(1)
cfi=(132)
cfn=(390)
calls=1 67 
0 1015
0 5

fn=(2704) 0x00000000056af3a0
0 14
cob=(24)
cfi=(207)
cfn=(2708) std::ctype<char> const& std::use_facet<std::ctype<char> >(std::locale const&)
calls=6 0 
0 1032
cob=(1)
cfi=(132)
cfn=(391)
calls=1 67 
0 1250
0 5

fn=(2754) 0x00000000056af320
0 8
cob=(24)
cfi=(207)
cfn=(2758) std::ctype<wchar_t> const& std::use_facet<std::ctype<wchar_t> >(std::locale const&)
calls=3 0 
0 357
cob=(1)
cfi=(132)
cfn=(391)
calls=1 67 
0 1190
0 5

fn=(2872) 0x000000000011add0
0 40
cob=(3)
cfi=(235) /build/glibc-B3wQXB/glibc-2.31/ctype/ctype.c
cfn=(2874) isalnum
calls=20 26 
0 160

fn=(2906) 0x000000000011b5a0
0 352
cob=(3)
cfi=(235)
cfn=(2908) tolower
calls=176 45 
0 1936

fn=(3032) 0x000000000011b3d0
0 6
cob=(24)
cfi=(207)
cfn=(2660) std::basic_ios<char, std::char_traits<char> >::init(std::basic_streambuf<char, std::char_traits<char> >*)
calls=3 0 
0 2970

fn=(3214) 0x00000000056af950
0 2930
cob=(3)
cfi=(238) /build/glibc-B3wQXB/glibc-2.31/time/../sysdeps/unix/sysv/linux/clock_gettime.c
cfn=(3218) clock_gettime@@GLIBC_2.17
calls=1464 31 
0 30744
cob=(1)
cfi=(132)
cfn=(390)
calls=1 67 
0 1136
0 5

fn=(3224) 0x000000000011aed0
0 392
cob=(3)
cfi=(239) /build/glibc-B3wQXB/glibc-2.31/signal/../sysdeps/unix/syscall-template.S
cfn=(3226) sigaltstack
calls=196 78 
0 1176

fn=(3858) 0x000000000488a3a0
0 6
cob=(29)
cfi=(214)
cfn=(3862) QIODevice::QIODevice(QIODevicePrivate&, QObject*)
calls=2 0 
0 1006
cob=(1)
cfi=(132)
cfn=(390)
calls=1 67 
0 1654
0 5

fn=(3976) 0x000000000011b450
0 8
cob=(29)
cfi=(214)
cfn=(3974) QMetaObject::Connection::~Connection()
calls=4 0 
0 36

fn=(4150) 0x00000000064c8520
0 16
cob=(3)
cfi=(163) /build/glibc-B3wQXB/glibc-2.31/string/../sysdeps/x86_64/multiarch/strlen-avx2.S
cfn=(588) __strlen_avx2
calls=8 42 
0 164

fn=(4214) 0x00000000064c8880
0 4
cob=(24)
cfi=(207)
cfn=(4216) std::condition_variable::notify_all()
calls=2 0 
0 1084

fn=(4286) 0x00000000064c8750
0 4
cob=(3)
cfi=(172)
cfn=(832)
calls=2 3023 
0 84

fn=(4480) 0x00000000064c8770
0 20
cob=(3)
cfi=(196)
cfn=(1032)
calls=10 79 
0 210

fn=(9142) 0x000000000011b2c0
0 4
cob=(24)
cfi=(207)
cfn=(1324) __cxa_guard_acquire
calls=2 0 
0 38

fn=(9146) 0x000000000011b6a0
0 4
cob=(5)
cfi=(245)
cfn=(6330)
calls=2 25 
0 8

fn=(9174) 0x00000000056b28d0
0 66
cob=(3)
cfi=(266) /build/glibc-B3wQXB/glibc-2.31/libio/iofwrite.c
cfn=(9178) fwrite
calls=32 31 
0 5515
cob=(1)
cfi=(132)
cfn=(390)
calls=1 67 
0 6614
0 5

fn=(7418) 0x000000000488a8a0
0 2
cob=(1)
cfi=(132)
cfn=(390)
calls=1 67 
0 1224
0 5

fn=(7454) 0x0000000004889fa0
0 2
cob=(1)
cfi=(132)
cfn=(390)
calls=1 67 
0 776
0 5

fn=(7650) 0x0000000004889f50
0 2
cob=(1)
cfi=(132)
cfn=(390)
calls=1 67 
0 943
0 5

fn=(8598) 0x000000000488a3f0
0 2
cob=(1)
cfi=(132)
cfn=(390)
calls=1 67 
0 1018
0 5

fn=(8684) 0x000000000488a750
0 4
cob=(29)
cfi=(214)
cfn=(8688) QVariant::convert(int, void*) const
calls=1 0 
0 354
cob=(1)
cfi=(132)
cfn=(390)
calls=1 67 
0 1255
0 5

fn=(8854) 0x000000000488c870
0 4
cob=(5)
cfi=(263)
cfn=(8858)
calls=1 26 
0 9
cob=(1)
cfi=(132)
cfn=(390)
calls=1 67 
0 779
0 5

fn=(8984) 0x000000000011b170
0 2
cob=(29)
cfi=(214)
cfn=(8986) QIODevice::errorString() const
calls=1 0 
0 26

fn=(9088) 0x000000000488b4d0
0 6
cob=(29)
cfi=(214)
cfn=(6466) QIODevicePrivate::~QIODevicePrivate()
calls=2 0 
0 168
cob=(1)
cfi=(132)
cfn=(391)
calls=1 67 
0 1476
0 5

fn=(9366) 0x000000000011abc0
0 2
cob=(24)
cfi=(207)
cfn=(9368) std::ios_base::Init::~Init()
calls=1 0 
0 9

fn=(9956)
0 2
cob=(3)
cfi=(273) /build/glibc-B3wQXB/glibc-2.31/stdlib/cxa_finalize.c
cfn=(9930) __cxa_finalize
calls=1 30 
0 381

fn=(10006) 0x0000000004b69600
0 4
cob=(29)
cfi=(214)
cfn=(10010) qUnregisterResourceData(int, unsigned char const*, unsigned char const*, unsigned char const*)
calls=1 0 
0 340
cob=(1)
cfi=(132)
cfn=(390)
calls=1 67 
0 1440
0 5

fn=(10128)
0 2
cob=(29)
cfi=(214)
cfn=(9664) QMutex::~QMutex()
calls=1 0 
0 23

fn=(10442) 0x0000000008547190
0 6
cob=(3)
cfi=(172)
cfn=(2886) free
calls=2 3087 
0 112
cob=(1)
cfi=(132)
cfn=(391)
calls=1 67 
0 1100
0 5

fn=(10506)
0 4

fn=(10816)
0 4

fn=(10860) 0x00000000086f9870
0 2
cob=(3)
cfi=(273)
cfn=(9930)
calls=1 30 
0 381

fn=(10882) 0x0000000005b72140
0 2
cob=(3)
cfi=(273)
cfn=(9930)
calls=1 30 
0 381

fn=(4592) 0x000000000011b720
0 4
cob=(29)
cfi=(214)
cfn=(4594) QString::fromUtf8_helper(char const*, int)
calls=2 0 
0 639

fn=(472)
0 7

fn=(554)
0 7

fn=(852)
0 34
cob=(10)
cfi=(164) /build/glibc-B3wQXB/glibc-2.31/dlfcn/dlsym.c
cfn=(598) dlsym
calls=16 56 
0 23553
cob=(1)
cfi=(132)
cfn=(390)
calls=1 67 
0 2496
0 5

fn=(1256) 0x0000000006850110
0 2
cob=(1)
cfi=(132)
cfn=(390)
calls=1 67 
0 2297
0 5

fn=(1606)
0 7

fn=(1888) 0x0000000004b69ba0
0 14
cob=(3)
cfi=(208) /build/glibc-B3wQXB/glibc-2.31/stdlib/cxa_atexit.c
cfn=(1302) __cxa_atexit
calls=6 69 
0 432
cob=(1)
cfi=(132)
cfn=(390)
calls=1 67 
0 1152
0 5

fn=(1968) 0x0000000005985550
0 4
cob=(3)
cfi=(172)
cfn=(632) calloc
calls=1 3366 
0 548
cob=(1)
cfi=(132)
cfn=(391)
calls=1 67 
0 1220
0 5

fn=(2270) 0x00000000056b05e0
0 56
cob=(5)
cfi=(167)
cfn=(606)
calls=27 136 
0 162
cob=(1)
cfi=(132)
cfn=(391)
calls=1 67 
0 84095
0 5

fn=(2271) 0x00000000056b05e0'2
0 28
cob=(5)
cfi=(167)
cfn=(607)
calls=14 136 
0 2606

fn=(2276) 0x00000000056b00e0
0 2
cob=(1)
cfi=(132)
cfn=(391)
calls=1 67 
0 82299
0 5

fn=(2668) 0x00000000056b15e0
0 22
cob=(24)
cfi=(207)
cfn=(2672) std::locale::operator=(std::locale const&)
calls=10 0 
0 170
cob=(1)
cfi=(132)
cfn=(391)
calls=1 67 
0 890
0 5

fn=(2680) 0x00000000056b24c0
0 14
cob=(24)
cfi=(207)
cfn=(2684) std::basic_ios<char, std::char_traits<char> >::_M_cache_locale(std::locale const&)
calls=6 0 
0 5214
cob=(1)
cfi=(132)
cfn=(391)
calls=1 67 
0 12138
0 5

fn=(2788) 0x000000000011ad90
0 2918
cob=(3)
cfi=(163)
cfn=(588)
calls=1459 42 
0 44597

fn=(2792) 0x000000000011b1a0
0 20222
cob=(3)
cfi=(194) /build/glibc-B3wQXB/glibc-2.31/string/../sysdeps/x86_64/multiarch/memmove-vec-unaligned-erms.S
cfn=(1012) __memcpy_avx_unaligned_erms
calls=10111 225 
0 181142

fn=(2828) 0x00000000056b21b0
0 728
cob=(3)
cfi=(222) /build/glibc-B3wQXB/glibc-2.31/string/../sysdeps/x86_64/multiarch/memcmp-avx2-movbe.S
cfn=(1996) __memcmp_avx2_movbe
calls=363 59 
0 8583
cob=(1)
cfi=(132)
cfn=(390)
calls=1 67 
0 989
0 5

fn=(106)
0 2
cob=(1)
cfi=(36)
cfn=(108)
calls=1 225 
0 2853

fn=(2998) 0x000000000011afb0
0 2
cob=(24)
cfi=(207)
cfn=(3000) std::__cxx11::basic_string<char, std::char_traits<char>, std::allocator<char> >::find_last_of(char const*, unsigned long, unsigned long) const
calls=1 0 
0 1224

fn=(3228) 0x000000000011af50
0 2352
cob=(5)
cfi=(240)
cfn=(3230)
calls=1176 23 
0 83496

fn=(3440) 0x00000000056b0100
0 340
cob=(24)
cfi=(207)
cfn=(2880) operator delete(void*)
calls=169 0 
0 16160
cob=(1)
cfi=(132)
cfn=(390)
calls=1 67 
0 834
0 5

fn=(3526) 0x00000000056b02c0
0 160
cob=(24)
cfi=(207)
cfn=(3530) std::__detail::_Prime_rehash_policy::_M_next_bkt(unsigned long) const
calls=79 0 
0 5527
cob=(1)
cfi=(132)
cfn=(390)
calls=1 67 
0 1195
0 5

fn=(3536) 0x000000000011ad50
0 264
cob=(3)
cfi=(182)
cfn=(676)
calls=132 167 
0 3849

fn=(3738) 0x000000000011af90
0 6
cob=(32)
cfi=(223)
cfn=(3740) QTcpSocket::QTcpSocket(QObject*)
calls=3 0 
0 15214

fn=(3840) 0x000000000488c460
0 2
cob=(1)
cfi=(132)
cfn=(390)
calls=1 67 
0 2321
0 5

fn=(9154) 0x000000000011b430
0 4
cob=(24)
cfi=(207)
cfn=(1330) __cxa_guard_release
calls=2 0 
0 16

fn=(7366) 0x000000000488af50
0 2
cob=(1)
cfi=(132)
cfn=(390)
calls=1 67 
0 3137
0 5

fn=(7704) 0x000000000488aff0
0 2
cob=(1)
cfi=(132)
cfn=(390)
calls=1 67 
0 1336
0 5

fn=(7734) 0x000000000488c920
0 4
cob=(29)
cfi=(214)
cfn=(7528) QIPAddressUtils::parseIp4(unsigned int&, QChar const*, QChar const*)
calls=1 0 
0 904
cob=(1)
cfi=(132)
cfn=(390)
calls=1 67 
0 2013
0 5

fn=(8142) 0x000000000488a160
0 4
cob=(29)
cfi=(214)
cfn=(8146) QListData::erase(void**)
calls=1 0 
0 39
cob=(1)
cfi=(132)
cfn=(390)
calls=1 67 
0 977
0 5

fn=(8310) 0x000000000488a0c0
0 4
cob=(3)
cfi=(260) /build/glibc-B3wQXB/glibc-2.31/socket/../sysdeps/unix/syscall-template.S
cfn=(8314) socket
calls=1 78 
0 6
cob=(1)
cfi=(132)
cfn=(390)
calls=1 67 
0 918
0 5

fn=(8588) 0x000000000488b180
0 2
cob=(1)
cfi=(132)
cfn=(390)
calls=1 67 
0 1007
0 5

fn=(8988) 0x000000000011acb0
0 2
cob=(29)
cfi=(214)
cfn=(8990) QDebug::putString(QChar const*, unsigned long)
calls=1 0 
0 1728

fn=(9928) 0x000000000011abb0
0 2
cob=(3)
cfi=(273)
cfn=(9930)
calls=1 30 
0 381

fn=(10044)
0 2
cob=(3)
cfi=(273)
cfn=(9930)
calls=1 30 
0 6844

fn=(10122)
0 2
cob=(1)
cfi=(132)
cfn=(390)
calls=1 67 
0 872
0 5

fn=(10322)
0 4

fn=(10366) 0x00000000056af060
0 2
cob=(3)
cfi=(273)
cfn=(9930)
calls=1 30 
0 2571

fn=(10448) 0x0000000006850120
0 2
cob=(1)
cfi=(132)
cfn=(390)
calls=1 67 
0 1815
0 5

fn=(10478)
0 2
cob=(3)
cfi=(273)
cfn=(9930)
calls=1 30 
0 381

fn=(10550)
0 2
cob=(3)
cfi=(273)
cfn=(9930)
calls=1 30 
0 381

fn=(10590)
0 2
cob=(1)
cfi=(132)
cfn=(390)
calls=1 67 
0 1999
0 5

fn=(10744)
0 4

fn=(10788) 0x000000000689c2a0
0 2
cob=(3)
cfi=(273)
cfn=(9930)
calls=1 30 
0 381

fn=(10928)
0 4

fn=(452)
0 7

fn=(524)
0 7

fn=(586) 0x0000000005985460
0 300
cob=(3)
cfi=(163)
cfn=(588)
calls=150 42 
0 2704

fn=(796)
0 2
cob=(1)
cfi=(132)
cfn=(390)
calls=1 67 
0 1884
0 5

fn=(1170)
0 2
cob=(3)
cfi=(102)
cfn=(1172) __gettimeofday_syscall
calls=1 32 
0 8

fn=(1208)
0 2
cob=(3)
cfi=(172)
cfn=(992) realloc
calls=1 3131 
0 216

fn=(1510)
0 7

fn=(1792)
0 20
cob=(29)
cfi=(214)
cfn=(1796) QVariantAnimation::registerInterpolator(QVariant (*)(void const*, void const*, double), int)
calls=9 0 
0 663
cob=(1)
cfi=(132)
cfn=(390)
calls=1 67 
0 3916
0 5

fn=(2368) 0x00000000056af8a0
0 2
cob=(1)
cfi=(132)
cfn=(391)
calls=1 67 
0 28624
0 5

fn=(2374) 0x00000000056b07b0
0 2
cob=(1)
cfi=(132)
cfn=(391)
calls=1 67 
0 27712
0 5

fn=(2416) 0x0000000005985590
0 98
cob=(3)
cfi=(222)
cfn=(1996)
calls=49 59 
0 1107

fn=(2484) 0x00000000056af760
0 2
cob=(1)
cfi=(132)
cfn=(391)
calls=1 67 
0 1492
0 5

fn=(2724) 0x00000000056af2c0
0 14
cob=(24)
cfi=(207)
cfn=(2728) bool std::has_facet<std::num_get<char, std::istreambuf_iterator<char, std::char_traits<char> > > >(std::locale const&)
calls=6 0 
0 726
cob=(1)
cfi=(132)
cfn=(391)
calls=1 67 
0 1579
0 5

fn=(2814) 0x000000000011b120
0 86
cob=(24)
cfi=(207)
cfn=(2816) std::_Rb_tree_insert_and_rebalance(bool, std::_Rb_tree_node_base*, std::_Rb_tree_node_base*, std::_Rb_tree_node_base&)
calls=43 0 
0 2140

fn=(2882) 0x00000000056b0960
0 19090
cob=(3)
cfi=(172)
cfn=(2886)
calls=9544 3087 
0 868265
cob=(1)
cfi=(132)
cfn=(390)
calls=1 67 
0 1128
0 5

fn=(2888) 0x000000000011af40
0 13350
cob=(24)
cfi=(207)
cfn=(2890) std::__cxx11::basic_string<char, std::char_traits<char>, std::allocator<char> >::_M_create(unsigned long&, unsigned long)
calls=6675 0 
0 641522

fn=(2948) 0x000000000011b140
0 68
cob=(24)
cfi=(207)
cfn=(2950) std::__cxx11::basic_string<char, std::char_traits<char>, std::allocator<char> >::_M_assign(std::__cxx11::basic_string<char, std::char_traits<char>, std::allocator<char> > const&)
calls=34 0 
0 10071

fn=(2956) 0x00000000056b2dc0
0 68
cob=(3)
cfi=(194)
cfn=(1012)
calls=33 225 
0 422
cob=(1)
cfi=(132)
cfn=(390)
calls=1 67 
0 1060
0 5

fn=(3748) 0x000000000488aed0
0 6
cob=(29)
cfi=(214)
cfn=(3752) QIODevicePrivate::QIODevicePrivate()
calls=2 0 
0 118
cob=(1)
cfi=(132)
cfn=(390)
calls=1 67 
0 1067
0 5

fn=(4110) 0x00000000064c8850
0 6
cob=(5)
cfi=(167)
cfn=(606)
calls=3 136 
0 157

fn=(4208) 0x00000000064c8740
0 2
cob=(3)
cfi=(162) /build/glibc-B3wQXB/glibc-2.31/stdlib/getenv.c
cfn=(584) getenv
calls=1 34 
0 375

fn=(9166) 0x00000000056b2ef0
0 68
cob=(24)
cfi=(207)
cfn=(9170) std::ostream::sentry::sentry(std::ostream&)
calls=33 0 
0 693
cob=(1)
cfi=(132)
cfn=(390)
calls=1 67 
0 908
0 5

fn=(4642) 0x000000000011acd0
0 4
cob=(29)
cfi=(214)
cfn=(4644) QTextStream::operator<<(QString const&)
calls=2 0 
0 588

fn=(7466) 0x000000000488b290
0 2
cob=(1)
cfi=(132)
cfn=(390)
calls=1 67 
0 1110
0 5

fn=(7912) 0x000000000488a140
0 8
cob=(29)
cfi=(214)
cfn=(6160) QListData::dispose(QListData::Data*)
calls=3 0 
0 291
cob=(1)
cfi=(132)
cfn=(390)
calls=1 67 
0 1081
0 5

fn=(8008) 0x000000000488c2b0
0 6
cob=(29)
cfi=(214)
cfn=(4880) QString::fromLatin1_helper(char const*, int)
calls=2 0 
0 364
cob=(1)
cfi=(132)
cfn=(390)
calls=1 67 
0 1225
0 5

fn=(8228) 0x000000000488a280
0 4
cob=(29)
cfi=(214)
cfn=(3648) QObjectPrivate::QObjectPrivate(int)
calls=1 0 
0 28
cob=(1)
cfi=(132)
cfn=(390)
calls=1 67 
0 978
0 5

fn=(8274) 0x000000000488b770
0 4
cob=(29)
cfi=(214)
cfn=(8278) QObject::setProperty(char const*, QVariant const&)
calls=1 0 
0 508
cob=(1)
cfi=(132)
cfn=(390)
calls=1 67 
0 1624
0 5

fn=(8354) 0x000000000488c500
0 4
cob=(3)
cfi=(260)
cfn=(8358) setsockopt
calls=1 78 
0 7
cob=(1)
cfi=(132)
cfn=(390)
calls=1 67 
0 1024
0 5

fn=(8474) 0x000000000488c140
0 8
cob=(29)
cfi=(214)
cfn=(8478) QMetaObject::tr(char const*, char const*, int) const
calls=3 0 
0 1163
cob=(1)
cfi=(132)
cfn=(390)
calls=1 67 
0 1417
0 5

fn=(8576) 0x000000000488c160
0 2
cob=(1)
cfi=(132)
cfn=(390)
calls=1 67 
0 990
0 5

fn=(8580) 0x000000000488a4c0
0 2
cob=(1)
cfi=(132)
cfn=(390)
calls=1 67 
0 1055
0 5

fn=(8584) 0x000000000488be90
0 2
cob=(1)
cfi=(132)
cfn=(390)
calls=1 67 
0 1546
0 5

fn=(8666) 0x000000000488bea0
0 2
cob=(1)
cfi=(132)
cfn=(390)
calls=1 67 
0 2032
0 5

fn=(8738) 0x000000000488c170
0 4
cob=(29)
cfi=(214)
cfn=(8742) qt_subtract_from_timeout(int, int)
calls=1 0 
0 8
cob=(1)
cfi=(132)
cfn=(390)
calls=1 67 
0 1030
0 5

fn=(8914) 0x000000000488b5d0
0 4
cob=(29)
cfi=(214)
cfn=(6409) QObject::~QObject()'2
calls=1 0 
0 703
cob=(1)
cfi=(132)
cfn=(390)
calls=1 67 
0 2729
0 5

fn=(9104) 0x000000000011afe0
0 6
cob=(29)
cfi=(214)
cfn=(6408) QObject::~QObject()
calls=3 0 
0 1004

fn=(9202) 0x00000000056af5d0
0 2
cob=(1)
cfi=(132)
cfn=(390)
calls=1 67 
0 990
0 5

fn=(9282) 0x000000000011ad80
0 2
cob=(24)
cfi=(207)
cfn=(9284) operator delete[](void*)
calls=1 0 
0 290

fn=(9296) 0x00000000056b1180
0 4
cob=(24)
cfi=(207)
cfn=(9300) std::ios_base::_M_call_callbacks(std::ios_base::event)
calls=1 0 
0 11
cob=(1)
cfi=(132)
cfn=(390)
calls=1 67 
0 1202
0 5

fn=(9302) 0x00000000056af5b0
0 4
cob=(24)
cfi=(207)
cfn=(9306) std::ios_base::_M_dispose_callbacks()
calls=1 0 
0 13
cob=(1)
cfi=(132)
cfn=(390)
calls=1 67 
0 1049
0 5

fn=(9974) 0x0000000004889cc0
0 2
cob=(3)
cfi=(273)
cfn=(9930)
calls=1 30 
0 1483

fn=(9978) 0x000000000488a7d0
0 4
cob=(29)
cfi=(214)
cfn=(9982) QThreadStorageData::~QThreadStorageData()
calls=1 0 
0 44
cob=(1)
cfi=(132)
cfn=(390)
calls=1 67 
0 1001
0 5

fn=(9994)
0 4

fn=(10294)
0 2
cob=(3)
cfi=(273)
cfn=(9930)
calls=1 30 
0 381

fn=(10834)
0 4

fn=(10900)
0 2
cob=(3)
cfi=(273)
cfn=(9930)
calls=1 30 
0 381

fn=(40)
0 136
cob=(1)
cfi=(19)
cfn=(42)
calls=68 92 
0 2808

fn=(504)
0 7

fn=(604) 0x0000000005b72120
0 68
cob=(5)
cfi=(167)
cfn=(606)
calls=34 136 
0 294

fn=(808)
0 2
cob=(1)
cfi=(132)
cfn=(390)
calls=1 67 
0 3199
0 5

fn=(1060)
0 7

fn=(1086)
0 6
cob=(3)
cfi=(162)
cfn=(584)
calls=3 34 
0 1129

fn=(1192)
0 2
cob=(5)
cfi=(183)
cfn=(680)
calls=1 26 
0 35

fn=(1276)
0 7

fn=(1298) 0x00000000056b02d0
0 16
cob=(3)
cfi=(208)
cfn=(1302)
calls=7 69 
0 504
cob=(1)
cfi=(132)
cfn=(390)
calls=1 67 
0 1194
0 5

fn=(1490)
0 7

fn=(1664)
0 32
cob=(3)
cfi=(208)
cfn=(1302)
calls=15 69 
0 1080
cob=(1)
cfi=(132)
cfn=(390)
calls=1 67 
0 1174
0 5

fn=(1734) 0x0000000005985580
0 60
cob=(3)
cfi=(196)
cfn=(1736) __strncmp_avx2
calls=30 79 
0 907

fn=(2180) 0x000000000488bbe0
0 4
cob=(29)
cfi=(214)
cfn=(2186) QThreadStorageData::QThreadStorageData(void (*)(void*))
calls=1 0 
0 72
cob=(1)
cfi=(132)
cfn=(390)
calls=1 67 
0 1545
0 5

fn=(2302) 0x00000000056b01c0
0 2
cob=(1)
cfi=(132)
cfn=(391)
calls=1 67 
0 2451
0 5

fn=(2332) 0x00000000056b2270
0 2
cob=(1)
cfi=(132)
cfn=(391)
calls=1 67 
0 1773
0 5

fn=(2462) 0x00000000056b0400
0 2
cob=(1)
cfi=(132)
cfn=(391)
calls=1 67 
0 1685
0 5

fn=(2498) 0x00000000056b2bb0
0 2
cob=(1)
cfi=(132)
cfn=(391)
calls=1 67 
0 1471
0 5

fn=(2566) 0x00000000056b1390
0 2
cob=(1)
cfi=(132)
cfn=(391)
calls=1 67 
0 1580
0 5

fn=(2662) 0x00000000056b2300
0 22
cob=(24)
cfi=(207)
cfn=(2666) std::ios_base::_M_init()
calls=10 0 
0 940
cob=(1)
cfi=(132)
cfn=(391)
calls=1 67 
0 2773
0 5

fn=(2710) 0x00000000056b1e80
0 14
cob=(24)
cfi=(207)
cfn=(2714) bool std::has_facet<std::num_put<char, std::ostreambuf_iterator<char, std::char_traits<char> > > >(std::locale const&)
calls=6 0 
0 726
cob=(1)
cfi=(132)
cfn=(391)
calls=1 67 
0 1579
0 5

fn=(2730) 0x00000000056b06e0
0 14
cob=(24)
cfi=(207)
cfn=(2734) std::num_get<char, std::istreambuf_iterator<char, std::char_traits<char> > > const& std::use_facet<std::num_get<char, std::istreambuf_iterator<char, std::char_traits<char> > > >(std::locale const&)
calls=6 0 
0 714
cob=(1)
cfi=(132)
cfn=(391)
calls=1 67 
0 1611
0 5

fn=(2742) 0x00000000056b2de0
0 8
cob=(24)
cfi=(207)
cfn=(2746) std::basic_ios<wchar_t, std::char_traits<wchar_t> >::_M_cache_locale(std::locale const&)
calls=3 0 
0 2289
cob=(1)
cfi=(132)
cfn=(391)
calls=1 67 
0 10173
0 5

fn=(2798) 0x000000000011b1d0
0 6538
cob=(24)
cfi=(207)
cfn=(1544) operator new(unsigned long)
calls=3269 0 
0 538494

fn=(2878) 0x000000000011ae40
0 18750
cob=(24)
cfi=(207)
cfn=(2880)
calls=9375 0 
0 891332

fn=(3030) 0x000000000011b670
0 4
cob=(24)
cfi=(207)
cfn=(2654)
calls=2 0 
0 196

fn=(9194) 0x000000000011aeb0
0 6
cob=(24)
cfi=(207)
cfn=(9196) std::__cxx11::basic_string<char, std::char_traits<char>, std::allocator<char> >::_M_construct(unsigned long, char)
calls=3 0 
0 1138

fn=(3766) 0x000000000488c5d0
0 6
cob=(24)
cfi=(207)
cfn=(1324)
calls=2 0 
0 38
cob=(1)
cfi=(132)
cfn=(390)
calls=1 67 
0 1031
0 5

fn=(3786) 0x000000000488ab20
0 6
cob=(24)
cfi=(207)
cfn=(1330)
calls=2 0 
0 16
cob=(1)
cfi=(132)
cfn=(390)
calls=1 67 
0 990
0 5

fn=(3834) 0x000000000488baa0
0 14
cob=(29)
cfi=(214)
cfn=(1602) QMutex::unlock()
calls=6 0 
0 64
cob=(1)
cfi=(132)
cfn=(390)
calls=1 67 
0 877
0 5

fn=(3908) 0x000000000011b2e0
0 8
cob=(29)
cfi=(214)
cfn=(3910) QObject::connectImpl(QObject const*, void**, QObject const*, void**, QtPrivate::QSlotObjectBase*, Qt::ConnectionType, int const*, QMetaObject const*)
calls=4 0 
0 2299

fn=(4014) 0x000000000011aee0
0 4
cob=(29)
cfi=(214)
cfn=(4016) QMessageLogger::debug() const
calls=2 0 
0 13548

fn=(4656) 0x000000000011b130
0 4
cob=(29)
cfi=(214)
cfn=(4658) QDebug::~QDebug()
calls=2 0 
0 190941

fn=(7258) 0x0000000005985390
0 8
cob=(3)
cfi=(250) /build/glibc-B3wQXB/glibc-2.31/string/../sysdeps/x86_64/multiarch/strchr-avx2.S
cfn=(7260) __strchrnul_avx2
calls=4 44 
0 92

fn=(7672) 0x000000000488c370
0 2
cob=(1)
cfi=(132)
cfn=(390)
calls=1 67 
0 783
0 5

fn=(7716) 0x0000000004889e70
0 4
cob=(29)
cfi=(214)
cfn=(7720) QString::simplified_helper(QString const&)
calls=1 0 
0 445
cob=(1)
cfi=(132)
cfn=(390)
calls=1 67 
0 1475
0 5

fn=(8594) 0x000000000488b690
0 4
cob=(29)
cfi=(214)
cfn=(1944) QByteArray::append(char)
calls=1 0 
0 31
cob=(1)
cfi=(132)
cfn=(390)
calls=1 67 
0 951
0 5

fn=(8730) 0x000000000488a970
0 8
cob=(29)
cfi=(214)
cfn=(8734) QElapsedTimer::elapsed() const
calls=3 0 
0 165
cob=(1)
cfi=(132)
cfn=(390)
calls=1 67 
0 1073
0 5

fn=(9014) 0x000000000488a9c0
0 6
cob=(29)
cfi=(214)
cfn=(6406) QIODevice::~QIODevice()
calls=2 0 
0 1822
cob=(1)
cfi=(132)
cfn=(390)
calls=1 67 
0 6621
0 5

fn=(9274) 0x00000000056b3040
0 14
cob=(3)
cfi=(258) /build/glibc-B3wQXB/glibc-2.31/libio/iofflush.c
cfn=(7302) fflush
calls=6 32 
0 426
cob=(1)
cfi=(132)
cfn=(390)
calls=1 67 
0 1028
0 5

fn=(9292) 0x000000000011b4e0
0 4
cob=(24)
cfi=(207)
cfn=(9294) std::ios_base::~ios_base()
calls=2 0 
0 2347

fn=(10048)
0 4
cob=(29)
cfi=(214)
cfn=(10010)
calls=1 0 
0 302
cob=(1)
cfi=(132)
cfn=(390)
calls=1 67 
0 1426
0 5

fn=(10340)
0 4

fn=(10376) 0x00000000056afe30
0 6
cob=(24)
cfi=(207)
cfn=(10380) std::_V2::error_category::~error_category()
calls=2 0 
0 4
cob=(1)
cfi=(132)
cfn=(390)
calls=1 67 
0 1024
0 5

fn=(10404)
0 4

fn=(10496)
0 2
cob=(3)
cfi=(273)
cfn=(9930)
calls=1 30 
0 381

fn=(10524)
0 4

fn=(10762)
0 4

fn=(10806) 0x00000000058041f0
0 2
cob=(3)
cfi=(273)
cfn=(9930)
calls=1 30 
0 381

fn=(10946)
0 4

fn=(376)
0 3
cob=(5)
cfi=(129)
cfn=(378)
calls=1 244 
0 5852
0 2

fn=(384)
0 2
cob=(1)
cfi=(132)
cfn=(390)
calls=1 67 
0 1558
0 5

fn=(404)
0 2
cob=(1)
cfi=(132)
cfn=(390)
calls=1 67 
0 1471
0 5

fn=(654) 0x0000000005985450
0 24
cob=(1)
cfi=(8)
cfn=(26)
calls=11 368 
0 218
cob=(1)
cfi=(132)
cfn=(391)
calls=1 67 
0 1427
0 5

fn=(678) 0x0000000005b72130
0 2
cob=(5)
cfi=(183)
cfn=(680)
calls=1 26 
0 35

fn=(696) 0x0000000005b721f0
0 68
cob=(3)
cfi=(187) /build/glibc-B3wQXB/glibc-2.31/elf/dl-sym.c
cfn=(700) _dl_sym
calls=33 273 
0 37068
cob=(1)
cfi=(132)
cfn=(391)
calls=1 67 
0 1886
0 5

fn=(1010) 0x00000000059854d0
0 104
cob=(3)
cfi=(194)
cfn=(1012)
calls=52 225 
0 609

fn=(1134)
0 2
cob=(5)
cfi=(171)
cfn=(624)
calls=1 25 
0 13

fn=(1186)
0 4
cob=(3)
cfi=(172)
cfn=(632)
calls=2 3366 
0 573

fn=(1320) 0x00000000056b17e0
0 2
cob=(1)
cfi=(132)
cfn=(391)
calls=1 67 
0 892
0 5

fn=(1948) 0x0000000004b6c170
0 2
cob=(1)
cfi=(132)
cfn=(390)
calls=1 67 
0 5748
0 5

fn=(2148) 0x0000000004b65580
0 2
cob=(1)
cfi=(132)
cfn=(390)
calls=1 67 
0 1284
0 5

fn=(2168)
0 7

fn=(2242) 0x000000000011a000
0 7

fn=(2288) 0x00000000056af4f0
0 2
cob=(1)
cfi=(132)
cfn=(391)
calls=1 67 
0 4652
0 5

fn=(2308) 0x00000000056b1140
0 2
cob=(1)
cfi=(132)
cfn=(391)
calls=1 67 
0 1111
0 5

fn=(2314) 0x00000000056b0da0
0 64
cob=(24)
cfi=(207)
cfn=(2318) std::locale::_Impl::_M_install_facet(std::locale::id const*, std::locale::facet const*)
calls=31 0 
0 12307
cob=(1)
cfi=(132)
cfn=(391)
calls=1 67 
0 2552
0 5

fn=(2386) 0x00000000056b0d10
0 256
cob=(3)
cfi=(229) /build/glibc-B3wQXB/glibc-2.31/wcsmbs/wctob.c
cfn=(2390) wctob
calls=127 31 
0 2794
cob=(1)
cfi=(132)
cfn=(391)
calls=1 67 
0 1086
0 5

fn=(2430) 0x00000000056b1950
0 2
cob=(1)
cfi=(132)
cfn=(391)
calls=1 67 
0 1622
0 5

fn=(2656) 0x00000000056b2250
0 8
cob=(24)
cfi=(207)
cfn=(2660)
calls=3 0 
0 2970
cob=(1)
cfi=(132)
cfn=(390)
calls=1 67 
0 16301
0 5

fn=(2686) 0x00000000056b2f10
0 14
cob=(24)
cfi=(207)
cfn=(2690) bool std::has_facet<std::ctype<char> >(std::locale const&)
calls=6 0 
0 1044
cob=(1)
cfi=(132)
cfn=(391)
calls=1 67 
0 3079
0 5

fn=(2760) 0x00000000056afc10
0 8
cob=(24)
cfi=(207)
cfn=(2764) bool std::has_facet<std::num_put<wchar_t, std::ostreambuf_iterator<wchar_t, std::char_traits<wchar_t> > > >(std::locale const&)
calls=3 0 
0 363
cob=(1)
cfi=(132)
cfn=(391)
calls=1 67 
0 1579
0 5

fn=(2844) 0x000000000011b070
0 38
cob=(24)
cfi=(207)
cfn=(2846) operator new(unsigned long, std::nothrow_t const&)
calls=19 0 
0 3611

fn=(110)
0 218
cob=(1)
cfi=(36)
cfn=(112)
calls=109 175 
0 340208

fn=(3294) 0x000000000011b590
0 240
cob=(24)
cfi=(207)
cfn=(3296) std::uncaught_exceptions()
calls=120 0 
0 5741

fn=(3358) 0x000000000011adf0
0 2398
cob=(29)
cfi=(214)
cfn=(3360) QArrayData::deallocate(QArrayData*, unsigned long, unsigned long)
calls=1199 0 
0 106187

fn=(3644) 0x000000000011b640
0 6
cob=(29)
cfi=(214)
cfn=(3646) QObject::QObject(QObject*)
calls=3 0 
0 6179

fn=(3742) 0x000000000488b250
0 66
cob=(24)
cfi=(207)
cfn=(1544)
calls=32 0 
0 2361
cob=(1)
cfi=(132)
cfn=(390)
calls=1 67 
0 943
0 5

fn=(3814) 0x000000000488b190
0 8
cob=(29)
cfi=(214)
cfn=(1576) QListData::detach_grow(int*, int)
calls=3 0 
0 396
cob=(1)
cfi=(132)
cfn=(390)
calls=1 67 
0 1212
0 5

fn=(7430) 0x000000000488c0a0
0 2
cob=(1)
cfi=(132)
cfn=(390)
calls=1 67 
0 1238
0 5

fn=(7844) 0x000000000488b2a0
0 72
cob=(24)
cfi=(207)
cfn=(3438) operator delete(void*, unsigned long)
calls=35 0 
0 3270
cob=(1)
cfi=(132)
cfn=(390)
calls=1 67 
0 934
0 5

fn=(8244) 0x000000000488b430
0 4
cob=(29)
cfi=(214)
cfn=(3706) QObject::QObject(QObjectPrivate&, QObject*)
calls=1 0 
0 329
cob=(1)
cfi=(132)
cfn=(390)
calls=1 67 
0 1782
0 5

fn=(8500) 0x000000000488c060
0 14
cob=(29)
cfi=(214)
cfn=(3360)
calls=6 0 
0 528
cob=(1)
cfi=(132)
cfn=(390)
calls=1 67 
0 1145
0 5

fn=(8572) 0x000000000488c320
0 4
cob=(29)
cfi=(214)
cfn=(6928) QElapsedTimer::start()
calls=1 0 
0 40
cob=(1)
cfi=(132)
cfn=(390)
calls=1 67 
0 972
0 5

fn=(8644) 0x000000000488aad0
0 2
cob=(1)
cfi=(132)
cfn=(390)
calls=1 67 
0 1335
0 5

fn=(8678) 0x000000000488bbd0
0 4
cob=(29)
cfi=(214)
cfn=(8682) QVariant::userType() const
calls=1 0 
0 4
cob=(1)
cfi=(132)
cfn=(390)
calls=1 67 
0 948
0 5

ob=(1)
fl=(22)
fn=(58)
481 96
+1 96
+1 96
+3 96
+1 96
+1 96
+6 96
+1 96
+1 96
+1 96
+1 96
+1 96
+7 15
+1 15
+2 15
+1 15
+2 15
+1 15
+1 15
+3 15
+1 15
+1 15
+6 15
+1 15
+1 15
+1 15
+1 15
+1 15
+7 4
+1 4
+1 4
+32 114
+1 114
+1 114
+1 114
+1 114
+2 114
+1 114
+1 114
+1 114
+1 114
+1 114
+1 114
+1 70
+4 70
+1 70
+1 70
+6 70
+1 70
+1 140
+4 70
+1 70
-1 17
+1 17
+3 87
+1 87
+1 87
+3 87
+1 87
+1 87
+6 87
+1 87
+1 87
+1 87
+1 87
+1 87
+7 32
+1 32
+2 32
+1 32
+2 32
+1 32
+1 32
+3 32
+1 32
+1 32
+6 32
+1 32
+1 32
+1 32
+1 32
+1 32
+7 17
+1 17
+1 17
+32 85
+1 85
+1 85
+1 85
+1 85
+2 85
+1 85
+1 85
+1 85
+1 85
+1 85
+1 85
+1 82
+4 82
+1 82
+1 82
+6 82
+1 82
+1 164
+4 82
+1 82
-1 14
+1 14
+3 96
+1 96
+1 96
+3 96
+1 96
+1 96
+6 96
+1 96
+1 96
+1 96
+1 96
+1 96
+7 41
+1 41
+2 41
+1 41
+2 41
+1 41
+1 41
+3 41
+1 41
+1 41
+6 41
+1 41
+1 41
+1 41
+1 41
+1 41
+7 14
+1 14
+1 14
+32 236
+1 236
+1 236
+1 236
+1 236
+2 236
+1 236
+1 236
+1 236
+1 236
+1 236
+1 236
+1 124
+4 124
+1 124
+1 124
+6 124
+1 124
+1 248
+4 124
+1 124
-1 30
+1 30
+3 154
+1 154
+1 154
+3 154
+1 154
+1 154
+6 154
+1 154
+1 154
+1 154
+1 154
+1 154
+7 54
+1 54
+2 54
+1 54
+2 54
+1 54
+1 54
+3 54
+1 54
+1 54
+6 54
+1 54
+1 54
+1 54
+1 54
+1 54
+7 30
+1 30
+1 30
+32 211
+1 211
+1 211
+1 211
+1 211
+2 211
+1 211
+1 211
+1 211
+1 211
+1 211
+1 211
+1 163
+4 163
+1 163
+1 163
+6 163
+1 163
+1 326
+4 163
+1 163
-1 23
+1 23
+3 185
+1 185
+1 185
+3 185
+1 185
+1 185
+6 185
+1 185
+1 185
+1 185
+1 185
+1 185
+7 55
+1 55
+2 55
+1 55
+2 55
+1 55
+1 55
+3 55
+1 55
+1 55
+6 55
+1 55
+1 55
+1 55
+1 55
+1 55
+7 23
+1 23
+1 23
+4 1
+1 1
+1 1
+1 1
+13 1
+1 1
+1 1
+1 1
+9 188
+1 188
+1 188
+1 188
+1 188
+2 188
+1 188
+1 188
+1 188
+1 188
+1 188
+1 188
+1 127
+4 127
+1 127
+1 127
+6 127
+1 127
+1 254
+4 127
+1 127
-1 30
+1 30
+3 157
+1 157
+1 157
+3 157
+1 157
+1 157
+6 157
+1 157
+1 157
+1 157
+1 157
+1 157
+7 61
+1 61
+2 61
+1 61
+2 61
+1 61
+1 61
+3 61
+1 61
+1 61
+6 61
+1 61
+1 61
+1 61
+1 61
+1 61
+7 30
+1 30
+1 30
+32 407
+1 407
+1 407
+1 407
+1 407
+2 407
+1 407
+1 407
+1 407
+1 407
+1 407
+1 407
+1 334
+4 334
+1 334
+1 334
+6 334
+1 334
+1 668
+4 334
+1 334
-1 22
+1 22
+3 356
+1 356
+1 356
+3 356
+1 356
+1 356
+6 356
+1 356
+1 356
+1 356
+1 356
+1 356
+7 62
+1 62
+2 62
+1 62
+2 62
+1 62
+1 62
+3 62
+1 62
+1 62
+6 62
+1 62
+1 62
+1 62
+1 62
+1 62
+7 22
+1 22
+1 22
+32 291
+1 291
+1 291
+1 291
+1 291
+2 291
+1 291
+1 291
+1 291
+1 291
+1 291
+1 291
+1 124
+4 124
+1 124
+1 124
+6 124
+1 124
+1 248
+4 124
+1 124
-1 39
+1 39
+3 164
+1 164
+1 164
+3 164
+1 164
+1 164
+6 164
+1 164
+1 164
+1 164
+1 164
+1 164
+7 76
+1 76
+2 76
+1 76
+2 75
+1 75
+1 75
+3 75
+1 75
+1 75
+6 75
+1 75
+1 75
+1 75
+1 75
+1 75
+7 39
+1 39
+1 39
+4 1
+1 1
+1 1
+1 1
+7 1
+1 1
+1 1
+16 342
+1 342
+1 342
+1 342
+1 342
+2 342
+1 342
+1 342
+1 342
+1 342
+1 342
+1 342
+1 179
+4 179
+1 179
+1 179
+6 179
+1 179
+1 358
+4 179
+1 179
-1 35
+1 35
+3 215
+1 215
+1 215
+3 215
+1 215
+1 215
+6 215
+1 215
+1 215
+1 215
+1 215
+1 215
+7 74
+1 74
+2 74
+1 74
+2 73
+1 73
+1 73
+3 73
+1 73
+1 73
+6 73
+1 73
+1 73
+1 73
+1 73
+1 73
+7 35
+1 35
+1 35
+4 2
+1 2
+1 2
+1 2
+7 2
+1 2
+1 2
+16 280
+1 280
+1 280
+1 280
+1 280
+2 280
+1 280
+1 280
+1 280
+1 280
+1 280
+1 280
+1 181
+4 181
+1 181
+1 181
+6 181
+1 181
+1 362
+4 181
+1 181
-1 36
+1 36
+3 217
+1 217
+1 217
+3 217
+1 217
+1 217
+6 217
+1 217
+1 217
+1 217
+1 217
+1 217
+7 74
+1 74
+2 74
+1 74
+2 74
+1 74
+1 74
+3 74
+1 74
+1 74
+6 74
+1 74
+1 74
+1 74
+1 74
+1 74
+7 36
+1 36
+1 36
+32 346
+1 346
+1 346
+1 346
+1 346
+2 346
+1 346
+1 346
+1 346
+1 346
+1 346
+1 346
+1 179
+4 179
+1 179
+1 179
+6 179
+1 179
+1 358
+4 179
+1 179
-1 35
+1 35
+3 213
+1 213
+1 213
+3 213
+1 213
+1 213
+6 213
+1 213
+1 213
+1 213
+1 213
+1 213
+7 89
+1 89
+2 89
+1 89
+2 89
+1 89
+1 89
+3 89
+1 89
+1 89
+6 89
+1 89
+1 89
+1 89
+1 89
+1 89
+7 35
+1 35
+1 35
+4 2
+1 2
+1 2
+1 2
+7 1
+1 1
+1 1
+4 1
+1 1
+1 1
+1 1
+9 333
+1 333
+1 333
+1 333
+1 333
+2 333
+1 333
+1 333
+1 333
+1 333
+1 333
+1 333
+1 156
+4 156
+1 156
+1 156
+6 156
+1 156
+1 312
+4 156
+1 156
-1 34
+1 34
+3 190
+1 190
+1 190
+3 190
+1 190
+1 190
+6 190
+1 190
+1 190
+1 190
+1 190
+1 190
+7 89
+1 89
+2 89
+1 89
+2 89
+1 89
+1 89
+3 89
+1 89
+1 89
+6 89
+1 89
+1 89
+1 89
+1 89
+1 89
+7 34
+1 34
+1 34
+32 472
+1 472
+1 472
+1 472
+1 472
+2 472
+1 472
+1 472
+1 472
+1 472
+1 472
+1 472
+1 217
+4 217
+1 217
+1 217
+6 217
+1 217
+1 434
+4 217
+1 217
-1 50
+1 50
+3 267
+1 267
+1 267
+3 267
+1 267
+1 267
+6 267
+1 267
+1 267
+1 267
+1 267
+1 267
+7 101
+1 101
+2 101
+1 101
+2 100
+1 100
+1 100
+3 100
+1 100
+1 100
+6 100
+1 100
+1 100
+1 100
+1 100
+1 100
+7 50
+1 50
+1 50
+4 1
+1 1
+1 1
+1 1
+13 1
+1 1
+1 1
+1 1
+9 357
+1 357
+1 357
+1 357
+1 357
+2 357
+1 357
+1 357
+1 357
+1 357
+1 357
+1 357
+2 231
+4 231
+1 231
+1 231
+6 231
+1 231
+2 462
+4 231
+1 231
-1 48
+1 48
+3 279
+1 279
+1 279
+3 279
+1 279
+1 279
+6 279
+1 279
+1 279
+1 279
+1 279
+1 279
+7 118
+1 118
+2 118
+1 118
+2 118
+1 118
+1 118
+3 118
+1 118
+1 118
+6 118
+1 118
+1 118
+1 118
+1 118
+1 118
+7 48
+1 48
+1 48
+4 1
+1 1
+1 1
+1 1
+7 1
+1 1
+1 1
+11 3
+1 3
+1 3
+1 6
+4 3
+2 3
+1 3
+1 3
+1 3
-5 3485
+2 3485
+1 3485
+1 3485
+1 3485
-3 1997
+1 1997
+1 1997
+1 1997
+1 5232
+5 2616
+6 2616
+1 2616
+8 2616
+1 2616
-16 11415
+6 11415
+1 11415
+8 11415
+1 11415

fl=(242) /build/glibc-B3wQXB/glibc-2.31/elf/../sysdeps/x86_64/tls_get_addr.S
fn=(3308) __tls_get_addr
29 154
+1 154
+1 154
+2 154
+1 154
+1 154
+3 154
+1 154
+4 154
+1 154
+1 154
+1 154

fl=(21)
fn=(134)
153 600
+4 60
+2 240
53 114
+6 60
160 28
-98 28
+5 56
+89 29
-89 29
+89 58
-89 58
+70 116
-1 29
-69 87
+3 87
+1 58
+1 58
+4 87
+4 87
+3 87
+1 58
+4 29
+1 58
+11 29
+1 116
+5 58
-13 58
+1 29
+3 61
+66 6
+16 58
+3 60
+1 480
-19 45
+6 9
-6 3
+6 6
cfi=(54)
cfn=(174)
calls=3 29 
* 21
* 6
53 6
+6 2
+3 1
+5 2
+75 145
+1 29
+1 58
+1 58
-32 58
+3 58
+4 29

fl=(32)
fn=(90)
40 160
+1 32
cfi=(14)
cfn=(30)
calls=32 * 
* 1184
* 32
+1 64
cob=(2)
cfi=(18)
cfn=(44)
calls=32 -42 
* 864
+2 64
+4 32
-1 96
+1 64
-1 32
cfi=(20)
cfn=(48)
calls=32 +80 
* 584

fl=(46)
fn=(144)
25 32
+1 128
+1 32

fl=(26)
fn=(70)
78 5
+1 1

fl=(54)
fn=(174)
29 16
+1 32
+1 8

fl=(30)
fn=(80)
108 103
+1 515
+6 103
+1 103
+1 80
+1 80
+2 25
+1 25
+2 25

ob=(2)
fl=(18)
fn=(9876) 0x000000000488b920
0 4
cob=(29)
cfi=(214)
cfn=(9664)
calls=1 0 
0 23
cob=(1)
cfi=(132)
cfn=(390)
calls=1 67 
0 930
0 5

fn=(10312) 0x00000000064c84a0
0 2
cob=(3)
cfi=(273)
cfn=(9930)
calls=1 30 
0 381

fn=(10700)
0 2
cob=(1)
cfi=(132)
cfn=(390)
calls=1 67 
0 2000
0 5

fn=(10734)
0 2
cob=(3)
cfi=(273)
cfn=(9930)
calls=1 30 
0 381

fn=(10852)
0 4

fn=(10918) 0x000000000884b1c0
0 2
cob=(3)
cfi=(273)
cfn=(9930)
calls=1 30 
0 381

fn=(418)
0 12
cob=(1)
cfi=(8)
cfn=(26)
calls=5 368 
0 95
cob=(1)
cfi=(132)
cfn=(390)
calls=1 67 
0 1469
0 5

fn=(482)
0 7

fn=(564)
0 7

fn=(594) 0x0000000008547210
0 34
cob=(10)
cfi=(164)
cfn=(598)
calls=16 56 
0 21705
cob=(1)
cfi=(132)
cfn=(390)
calls=1 67 
0 81754
0 5

fn=(614) 0x0000000005b72100
0 2
cob=(5)
cfi=(169)
cfn=(616)
calls=1 26 
0 18

fn=(784)
0 7

fn=(844)
0 8
cob=(3)
cfi=(162)
cfn=(584)
calls=3 34 
0 1121
cob=(1)
cfi=(132)
cfn=(390)
calls=1 67 
0 1477
0 5

fn=(1008) 0x0000000005985310
0 88
cob=(3)
cfi=(172)
cfn=(832)
calls=44 3023 
0 13369

fn=(1142)
0 2
cob=(3)
cfi=(200) /build/glibc-B3wQXB/glibc-2.31/posix/../sysdeps/unix/sysv/linux/x86/sysconf.c
cfn=(1144) sysconf
calls=1 32 
0 44

fn=(1264)
0 7

fn=(1314) 0x00000000056b0220
0 2
cob=(1)
cfi=(132)
cfn=(390)
calls=1 67 
0 2779
0 5

fn=(1326) 0x00000000056b0010
0 2
cob=(1)
cfi=(132)
cfn=(391)
calls=1 67 
0 873
0 5

fn=(1618)
0 2
cob=(1)
cfi=(132)
cfn=(390)
calls=1 67 
0 6175
0 5

fn=(1670)
0 4
cob=(29)
cfi=(214)
cfn=(1538) QMutex::QMutex(QMutex::RecursionMode)
calls=1 0 
0 14
cob=(1)
cfi=(132)
cfn=(390)
calls=1 67 
0 1001
0 5

fn=(1904) 0x0000000004b65480
0 2
cob=(1)
cfi=(132)
cfn=(390)
calls=1 67 
0 990
0 5

fn=(1928) 0x0000000004b6c040
0 2
cob=(1)
cfi=(132)
cfn=(390)
calls=1 67 
0 2039
0 5

fn=(2216) 0x000000000488afb0
0 10
cob=(3)
cfi=(208)
cfn=(1302)
calls=4 69 
0 288
cob=(1)
cfi=(132)
cfn=(390)
calls=1 67 
0 1152
0 5

fn=(2260) 0x00000000056b05a0
0 54
cob=(24)
cfi=(207)
cfn=(2264) std::locale::locale()
calls=26 0 
0 962
cob=(1)
cfi=(132)
cfn=(390)
calls=1 67 
0 84977
0 5

fn=(2356) 0x00000000056b1a80
0 2
cob=(1)
cfi=(132)
cfn=(391)
calls=1 67 
0 1443
0 5

fn=(2380) 0x00000000056b1bb0
0 4
cob=(3)
cfi=(228) /build/glibc-B3wQXB/glibc-2.31/locale/uselocale.c
cfn=(2384) uselocale
calls=1 30 
0 22
cob=(1)
cfi=(132)
cfn=(391)
calls=1 67 
0 996
0 5

fn=(2436) 0x00000000056afd30
0 2
cob=(1)
cfi=(132)
cfn=(391)
calls=1 67 
0 1552
0 5

fn=(2544) 0x00000000056b0d70
0 2
cob=(1)
cfi=(132)
cfn=(391)
calls=1 67 
0 1592
0 5

fn=(2692) 0x00000000056b1ec0
0 132
cob=(24)
cfi=(207)
cfn=(2696) __dynamic_cast
calls=65 0 
0 6474
cob=(1)
cfi=(132)
cfn=(391)
calls=1 67 
0 1945
0 5

fn=(2766) 0x00000000056b1bd0
0 8
cob=(24)
cfi=(207)
cfn=(2770) std::num_put<wchar_t, std::ostreambuf_iterator<wchar_t, std::char_traits<wchar_t> > > const& std::use_facet<std::num_put<wchar_t, std::ostreambuf_iterator<wchar_t, std::char_traits<wchar_t> > > >(std::locale const&)
calls=3 0 
0 357
cob=(1)
cfi=(132)
cfn=(391)
calls=1 67 
0 1620
0 5

fn=(2772) 0x00000000056b1590
0 8
cob=(24)
cfi=(207)
cfn=(2776) bool std::has_facet<std::num_get<wchar_t, std::istreambuf_iterator<wchar_t, std::char_traits<wchar_t> > > >(std::locale const&)
calls=3 0 
0 363
cob=(1)
cfi=(132)
cfn=(391)
calls=1 67 
0 1587
0 5

fn=(2824) 0x000000000011b230
0 6
cob=(24)
cfi=(207)
cfn=(2826) std::__cxx11::basic_string<char, std::char_traits<char>, std::allocator<char> >::compare(std::__cxx11::basic_string<char, std::char_traits<char>, std::allocator<char> > const&) const
calls=3 0 
0 1101

fn=(44)
0 338
cob=(1)
cfi=(19)
cfn=(46)
calls=169 49 
0 4585

fn=(3002) 0x00000000056af8e0
0 586
cob=(3)
cfi=(237) /build/glibc-B3wQXB/glibc-2.31/string/../sysdeps/x86_64/multiarch/memchr-avx2.S
cfn=(3006) __memchr_avx2
calls=292 40 
0 5378
cob=(1)
cfi=(132)
cfn=(390)
calls=1 67 
0 1054
0 5

fn=(3158) 0x000000000011b5b0
0 282
cob=(24)
cfi=(207)
cfn=(3160) std::__cxx11::basic_string<char, std::char_traits<char>, std::allocator<char> >::find_first_not_of(char const*, unsigned long, unsigned long) const
calls=141 0 
0 6808

fn=(3342) 0x000000000011aca0
0 2
cob=(3)
cfi=(194)
cfn=(1012)
calls=1 225 
0 13

fn=(3522) 0x000000000011b6c0
0 1924
cob=(24)
cfi=(207)
cfn=(3524) std::__detail::_Prime_rehash_policy::_M_need_rehash(unsigned long, unsigned long, unsigned long) const
calls=962 0 
0 18383

fn=(3770) 0x000000000488af00
0 4
cob=(29)
cfi=(214)
cfn=(1538)
calls=1 0 
0 14
cob=(1)
cfi=(132)
cfn=(390)
calls=1 67 
0 1087
0 5

fn=(4108) 0x00000000064c8860
0 14
cob=(1)
cfi=(242)
cfn=(3308)
calls=7 29 
0 84

fn=(7696) 0x000000000488c420
0 2
cob=(1)
cfi=(132)
cfn=(390)
calls=1 67 
0 1027
0 5

fn=(8606) 0x000000000488b7b0
0 2
cob=(1)
cfi=(132)
cfn=(390)
calls=1 67 
0 3214
0 5

fn=(8764) 0x000000000488acb0
0 4
cob=(29)
cfi=(214)
cfn=(8768) qt_safe_poll(pollfd*, unsigned long, timespec const*)
calls=1 0 
0 107
cob=(1)
cfi=(132)
cfn=(390)
calls=1 67 
0 2051
0 5

fn=(9234) 0x00000000056b29d0
0 4
cob=(24)
cfi=(207)
cfn=(9238) std::ostreambuf_iterator<char, std::char_traits<char> > std::num_put<char, std::ostreambuf_iterator<char, std::char_traits<char> > >::_M_insert_int<unsigned long>(std::ostreambuf_iterator<char, std::char_traits<char> >, std::ios_base&, char, unsigned long) const
calls=1 0 
0 319
cob=(1)
cfi=(132)
cfn=(390)
calls=1 67 
0 1956
0 5

fn=(10036)
0 4

fn=(10106)
0 2
cob=(1)
cfi=(132)
cfn=(390)
calls=1 67 
0 873
0 5

fn=(10358)
0 4

fn=(10422)
0 4

fn=(10470)
0 4

fn=(10542)
0 4

fn=(10566)
0 2
cob=(1)
cfi=(132)
cfn=(390)
calls=1 67 
0 1058
0 5

fn=(10780)
0 4

fn=(10824) 0x0000000005b57150
0 2
cob=(3)
cfi=(273)
cfn=(9930)
calls=1 30 
0 381

fn=(10964)
0 4

fn=(92)
0 64
cob=(1)
cfi=(19)
cfn=(94)
calls=32 109 
0 160

fn=(462)
0 7

fn=(534)
0 7

fn=(544)
0 7

fn=(642) 0x0000000005985510
0 70
cob=(1)
cfi=(176)
cfn=(648)
calls=34 201 
0 6885
cob=(1)
cfi=(132)
cfn=(391)
calls=1 67 
0 1565
0 5

fn=(682) 0x0000000005b72190
0 68
cob=(3)
cfi=(184) /build/glibc-B3wQXB/glibc-2.31/elf/dl-error-skeleton.c
cfn=(686) _dl_catch_error
calls=33 225 
0 40863
cob=(1)
cfi=(132)
cfn=(391)
calls=1 67 
0 3069
0 5

fn=(988)
0 2
cob=(1)
cfi=(132)
cfn=(390)
calls=1 67 
0 1262
0 5

fn=(1288) 0x00000000056b0d90
0 4
cob=(24)
cfi=(207)
cfn=(1294) std::error_category::error_category()
calls=1 0 
0 5
cob=(1)
cfi=(132)
cfn=(390)
calls=1 67 
0 924
0 5

fn=(1682)
0 2
cob=(1)
cfi=(132)
cfn=(390)
calls=1 67 
0 748
0 5

fn=(1708)
0 2
cob=(1)
cfi=(132)
cfn=(390)
calls=1 67 
0 1301
0 5

fn=(2256) 0x000000000011b680
0 16
cob=(24)
cfi=(207)
cfn=(2258) std::ios_base::Init::Init()
calls=8 0 
0 120892

fn=(2362) 0x00000000056af3b0
0 2
cob=(1)
cfi=(132)
cfn=(391)
calls=1 67 
0 1022
0 5

fn=(2404) 0x00000000056b0c00
0 24
cob=(24)
cfi=(207)
cfn=(2408) std::ctype<wchar_t>::_M_convert_to_wmask(unsigned short) const
calls=11 0 
0 3600
cob=(1)
cfi=(132)
cfn=(391)
calls=1 67 
0 2305
0 5

fn=(2410) 0x00000000056b0240
0 20
cob=(3)
cfi=(234) /build/glibc-B3wQXB/glibc-2.31/wctype/wctype_l.c
cfn=(2414) wctype_l
calls=9 27 
0 3445
cob=(1)
cfi=(132)
cfn=(391)
calls=1 67 
0 1237
0 5

fn=(2448) 0x00000000056b0fc0
0 2
cob=(1)
cfi=(132)
cfn=(391)
calls=1 67 
0 1428
0 5

fn=(2700) 0x00000000056b1d00
0 28
cob=(3)
cfi=(196)
cfn=(1032)
calls=13 79 
0 273
cob=(1)
cfi=(132)
cfn=(391)
calls=1 67 
0 991
0 5

fn=(2718) 0x00000000056af7e0
0 14
cob=(24)
cfi=(207)
cfn=(2722) std::num_put<char, std::ostreambuf_iterator<char, std::char_traits<char> > > const& std::use_facet<std::num_put<char, std::ostreambuf_iterator<char, std::char_traits<char> > > >(std::locale const&)
calls=6 0 
0 714
cob=(1)
cfi=(132)
cfn=(391)
calls=1 67 
0 1604
0 5

fn=(2748) 0x00000000056b0050
0 8
cob=(24)
cfi=(207)
cfn=(2752) bool std::has_facet<std::ctype<wchar_t> >(std::locale const&)
calls=3 0 
0 363
cob=(1)
cfi=(132)
cfn=(391)
calls=1 67 
0 1165
0 5

fn=(2778) 0x00000000056b28b0
0 8
cob=(24)
cfi=(207)
cfn=(2782) std::num_get<wchar_t, std::istreambuf_iterator<wchar_t, std::char_traits<wchar_t> > > const& std::use_facet<std::num_get<wchar_t, std::istreambuf_iterator<wchar_t, std::char_traits<wchar_t> > > >(std::locale const&)
calls=3 0 
0 357
cob=(1)
cfi=(132)
cfn=(391)
calls=1 67 
0 1665
0 5

fn=(2848) 0x00000000056af9d0
0 13460
cob=(24)
cfi=(207)
cfn=(1544)
calls=6729 0 
0 631765
cob=(1)
cfi=(132)
cfn=(390)
calls=1 67 
0 941
0 5

fn=(3096) 0x000000000011b350
0 2
cob=(24)
cfi=(207)
cfn=(3098) operator new[](unsigned long)
calls=1 0 
0 76085

fn=(3162) 0x000000000011ad30
0 282
cob=(24)
cfi=(207)
cfn=(3164) std::__cxx11::basic_string<char, std::char_traits<char>, std::allocator<char> >::find_last_not_of(char const*, unsigned long, unsigned long) const
calls=141 0 
0 7575

fn=(3210) 0x000000000011b510
0 2930
cob=(24)
cfi=(207)
cfn=(3212) std::chrono::_V2::system_clock::now()
calls=1465 0 
0 56790

fn=(3304) 0x00000000056b0e00
0 242
cob=(1)
cfi=(242)
cfn=(3308)
calls=120 29 
0 1440
cob=(1)
cfi=(132)
cfn=(391)
calls=1 67 
0 1400
0 5

fn=(3402) 0x000000000011b050
0 38
cob=(24)
cfi=(207)
cfn=(3404) std::_Rb_tree_increment(std::_Rb_tree_node_base const*)
calls=19 0 
0 273

fn=(4118) 0x00000000064c8780
0 2
cob=(24)
cfi=(207)
cfn=(4120) std::condition_variable::condition_variable()
calls=1 0 
0 6

fn=(4128) 0x00000000064c8610
0 22
cob=(5)
cfi=(177)
cfn=(650)
calls=11 356 
0 209

fn=(9162) 0x000000000011b090
0 60
cob=(24)
cfi=(207)
cfn=(9164) std::basic_ostream<char, std::char_traits<char> >& std::__ostream_insert<char, std::char_traits<char> >(std::basic_ostream<char, std::char_traits<char> >&, char const*, long)
calls=30 0 
0 15105

fn=(4650) 0x000000000011b360
0 6
cob=(29)
cfi=(214)
cfn=(4652) QTextStream::operator<<(char)
calls=3 0 
0 168

fn=(8438) 0x000000000488aef0
0 8
cob=(5)
cfi=(261)
cfn=(8442)
calls=3 24 
0 39
cob=(1)
cfi=(132)
cfn=(390)
calls=1 67 
0 766
0 5

fn=(8448) 0x0000000004889da0
0 8
cob=(5)
cfi=(245)
cfn=(6330)
calls=3 25 
0 12
cob=(1)
cfi=(132)
cfn=(390)
calls=1 67 
0 879
0 5

fn=(8886) 0x000000000488c330
0 2
cob=(1)
cfi=(132)
cfn=(390)
calls=1 67 
0 1268
0 5

fn=(9268) 0x000000000011b380
0 2
cob=(24)
cfi=(207)
cfn=(9270) std::ostream::flush()
calls=1 0 
0 1053

fn=(9502) 0x000000000488a1c0
0 2
cob=(1)
cfi=(132)
cfn=(390)
calls=1 67 
0 1366
0 5

fn=(9900) 0x0000000005985330
0 4
cob=(3)
cfi=(172)
cfn=(2886)
calls=2 3087 
0 307

fn=(9912) 0x00000000056b2530
0 6
cob=(24)
cfi=(207)
cfn=(9916) std::basic_ostream<wchar_t, std::char_traits<wchar_t> >::flush()
calls=2 0 
0 182
cob=(1)
cfi=(132)
cfn=(390)
calls=1 67 
0 1233
0 5

fn=(9966)
0 4

fn=(10160)
0 4

fn=(10172) 0x000000000512d2b0
0 1
cob=(3)
cfi=(273)
cfn=(9930)
calls=1 30 
0 2864

fn=(10286)
0 4

fn=(10330)
0 2
cob=(3)
cfi=(273)
cfn=(9930)
calls=1 30 
0 381

fn=(10388) 0x00000000056b0fe0
0 4
cob=(24)
cfi=(207)
cfn=(10392) std::error_category::~error_category()
calls=1 0 
0 2
cob=(1)
cfi=(132)
cfn=(390)
calls=1 67 
0 937
0 5

fn=(10428) 0x0000000006850100
0 2
cob=(1)
cfi=(132)
cfn=(390)
calls=1 67 
0 1109
0 5

fn=(10514) 0x00000000069d4030
0 1
cob=(3)
cfi=(273)
cfn=(9930)
calls=1 30 
0 381

fn=(10648)
0 88
cob=(3)
cfi=(172)
cfn=(2886)
calls=43 3087 
0 4366
cob=(1)
cfi=(132)
cfn=(390)
calls=1 67 
0 1262
0 5

fn=(10752) 0x0000000008547130
0 2
cob=(3)
cfi=(273)
cfn=(9930)
calls=1 30 
0 381

fn=(10870)
0 4

fn=(10892)
0 4

fn=(10936)
0 2
cob=(3)
cfi=(273)
cfn=(9930)
calls=1 30 
0 381

fn=(514)
0 7

fn=(1070)
0 7

fn=(1122)
0 6
cob=(3)
cfi=(172)
cfn=(832)
calls=3 3023 
0 560

fn=(1232)
0 7

fn=(1500)
0 7

fn=(1920) 0x0000000004b684e0
0 2
cob=(1)
cfi=(132)
cfn=(390)
calls=1 67 
0 1509
0 5

fn=(2158) 0x0000000004b68a80
0 4
cob=(29)
cfi=(214)
cfn=(1532) qRegisterResourceData(int, unsigned char const*, unsigned char const*, unsigned char const*)
calls=1 0 
0 447
cob=(1)
cfi=(132)
cfn=(390)
calls=1 67 
0 1451
0 5

fn=(2224)
0 7

fn=(2282) 0x00000000056b00b0
0 14
cob=(24)
cfi=(207)
cfn=(2286) std::locale::facet::_S_get_c_name()
calls=6 0 
0 18
cob=(1)
cfi=(132)
cfn=(391)
calls=1 67 
0 1094
0 5

fn=(2294) 0x00000000056b1f90
0 28
cob=(24)
cfi=(207)
cfn=(2298) std::locale::facet::_S_get_c_locale()
calls=13 0 
0 247
cob=(1)
cfi=(132)
cfn=(391)
calls=1 67 
0 3600
0 5

fn=(2326) 0x00000000056b06d0
0 2
cob=(1)
cfi=(132)
cfn=(391)
calls=1 67 
0 1047
0 5

fn=(2338) 0x00000000056b0b20
0 2
cob=(1)
cfi=(132)
cfn=(391)
calls=1 67 
0 1557
0 5

fn=(2344) 0x00000000056b20d0
0 2
cob=(1)
cfi=(132)
cfn=(391)
calls=1 67 
0 1565
0 5

fn=(2392) 0x00000000056b2720
0 512
cob=(3)
cfi=(230) /build/glibc-B3wQXB/glibc-2.31/wcsmbs/btowc.c
cfn=(2396) btowc
calls=255 33 
0 11365
cob=(1)
cfi=(132)
cfn=(391)
calls=1 67 
0 968
0 5

fn=(2442) 0x00000000056b1f80
0 2
cob=(1)
cfi=(132)
cfn=(391)
calls=1 67 
0 2622
0 5

fn=(2530) 0x00000000056b3080
0 2
cob=(1)
cfi=(132)
cfn=(391)
calls=1 67 
0 989
0 5

fn=(2736) 0x00000000056b1760
0 8
cob=(24)
cfi=(207)
cfn=(2740) std::basic_ios<wchar_t, std::char_traits<wchar_t> >::init(std::basic_streambuf<wchar_t, std::char_traits<wchar_t> >*)
calls=3 0 
0 2652
cob=(1)
cfi=(132)
cfn=(390)
calls=1 67 
0 11612
0 5

fn=(2784) 0x000000000011afd0
0 58
cob=(3)
cfi=(208)
cfn=(1302)
calls=29 69 
0 2647

fn=(2822) 0x000000000011b0c0
0 2462
cob=(3)
cfi=(222)
cfn=(1996)
calls=1231 59 
0 46620

fn=(2868) 0x00000000056b09d0
0 722
cob=(3)
cfi=(163)
cfn=(588)
calls=360 42 
0 6476
cob=(1)
cfi=(132)
cfn=(390)
calls=1 67 
0 1109
0 5

fn=(3298) 0x00000000056b1a40
0 240
cob=(24)
cfi=(207)
cfn=(3302) __cxa_get_globals
calls=119 0 
0 2499
cob=(1)
cfi=(132)
cfn=(390)
calls=1 67 
0 2277
0 5

fn=(3356) 0x000000000011adc0
0 2474
cob=(29)
cfi=(214)
cfn=(1804) QArrayData::allocate(unsigned long, unsigned long, unsigned long, QFlags<QArrayData::AllocationOption>)
calls=1237 0 
0 138068

fn=(3436) 0x000000000011ac70
0 150
cob=(24)
cfi=(207)
cfn=(3438)
calls=75 0 
0 8303

fn=(4160) 0x00000000064c8650
0 18
cob=(3)
cfi=(194)
cfn=(1012)
calls=9 225 
0 131

fn=(4218) 0x00000000056b2c40
0 4
cob=(5)
cfi=(243)
cfn=(4222)
calls=1 40 
0 22
cob=(1)
cfi=(132)
cfn=(391)
calls=1 67 
0 1039
0 5

fn=(7348) 0x000000000011ac10
0 2
cob=(32)
cfi=(223)
cfn=(7350) QHostAddress::QHostAddress(QHostAddress::SpecialAddress)
calls=1 0 
0 130

fn=(7414) 0x000000000488c130
0 6
cob=(29)
cfi=(214)
cfn=(4910) QString::operator=(QString const&)
calls=2 0 
0 52
cob=(1)
cfi=(132)
cfn=(390)
calls=1 67 
0 908
0 5

fn=(7478) 0x000000000488afd0
0 2
cob=(1)
cfi=(132)
cfn=(390)
calls=1 67 
0 4400
0 5

fn=(7680) 0x000000000488a2a0
0 2
cob=(1)
cfi=(132)
cfn=(390)
calls=1 67 
0 1329
0 5

fn=(7920) 0x000000000488a840
0 2
cob=(1)
cfi=(132)
cfn=(390)
calls=1 67 
0 2194
0 5

fn=(8262) 0x000000000488c280
0 8
cob=(29)
cfi=(214)
cfn=(8266) QObject::property(char const*) const
calls=3 0 
0 378
cob=(1)
cfi=(132)
cfn=(390)
calls=1 67 
0 1049
0 5

fn=(8292) 0x000000000488b980
0 8
cob=(29)
cfi=(214)
cfn=(5250) QVariant::~QVariant()
calls=3 0 
0 24
cob=(1)
cfi=(132)
cfn=(390)
calls=1 67 
0 849
0 5

fn=(8934) 0x000000000488a460
0 4
cob=(29)
cfi=(214)
cfn=(6468) QObjectPrivate::~QObjectPrivate()
calls=1 0 
0 209
cob=(1)
cfi=(132)
cfn=(391)
calls=1 67 
0 1176
0 5

fn=(9004) 0x00000000059855a0
0 62
cob=(3)
cfi=(194)
cfn=(9006) __mempcpy_avx_unaligned_erms
calls=31 212 
0 550

fn=(9210) 0x000000000011b440
0 2
cob=(24)
cfi=(207)
cfn=(9212) std::basic_ostream<char, std::char_traits<char> >& std::operator<< <std::char_traits<char> >(std::basic_ostream<char, std::char_traits<char> >&, char const*)
calls=1 0 
0 1808

fn=(9222) 0x000000000011ae10
0 4
cob=(24)
cfi=(207)
cfn=(9224) std::ostream& std::ostream::_M_insert<unsigned long>(unsigned long)
calls=2 0 
0 4608

fn=(9948)
0 4

fn=(10002) 0x0000000004b63b90
0 2
cob=(3)
cfi=(273)
cfn=(9930)
calls=1 30 
0 2364

fn=(10436) 0x00000000068501b0
0 2
cob=(1)
cfi=(132)
cfn=(390)
calls=1 67 
0 3188
0 5

fn=(10488)
0 4

fn=(10560)
0 4

fn=(10798)
0 4

fn=(10842)
0 2
cob=(3)
cfi=(273)
cfn=(9930)
calls=1 30 
0 381

fn=(398)
0 2
cob=(1)
cfi=(132)
cfn=(390)
calls=1 67 
0 1046
0 5

fn=(436) 0x00000000059855e0
0 2
cob=(3)
cfi=(144) /build/glibc-B3wQXB/glibc-2.31/string/../sysdeps/x86_64/multiarch/strrchr-avx2.S
cfn=(438) __strrchr_avx2
calls=1 42 
0 56

fn=(578) 0x00000000085471c0
0 6
cob=(3)
cfi=(162)
cfn=(584)
calls=2 34 
0 750
cob=(1)
cfi=(132)
cfn=(390)
calls=1 67 
0 1353
0 5

fn=(626) 0x0000000005b721a0
0 2
cob=(1)
cfi=(132)
cfn=(391)
calls=1 67 
0 77368
0 5

fn=(828) 0x0000000008547170
0 4
cob=(3)
cfi=(172)
cfn=(832)
calls=1 3023 
0 189
cob=(1)
cfi=(132)
cfn=(391)
calls=1 67 
0 1251
0 5

fn=(1050)
0 7

fn=(1128)
0 2
cob=(5)
cfi=(169)
cfn=(616)
calls=1 26 
0 32

fn=(1222)
0 7

fn=(1244) 0x0000000006850140
0 2
cob=(1)
cfi=(132)
cfn=(390)
calls=1 67 
0 1840
0 5

fn=(1480)
0 7

fn=(1720)
0 2
cob=(1)
cfi=(132)
cfn=(390)
calls=1 67 
0 3034
0 5

fn=(1750)
0 6
cob=(29)
cfi=(214)
cfn=(1532)
calls=2 0 
0 1915
cob=(1)
cfi=(132)
cfn=(390)
calls=1 67 
0 1415
0 5

fn=(1912) 0x0000000004b66200
0 2
cob=(1)
cfi=(132)
cfn=(390)
calls=1 67 
0 1055
0 5

fn=(2418) 0x00000000056b0260
0 2
cob=(1)
cfi=(132)
cfn=(391)
calls=1 67 
0 1084
0 5

fn=(2454) 0x00000000056af9b0
0 2
cob=(1)
cfi=(132)
cfn=(391)
calls=1 67 
0 1029
0 5

ob=(1)
fl=(30)
fn=(80)
188 55
+1 55
+1 32
+1 32
+1 32
+1 32
+3 32
+3 23
+1 23
+1 23
+1 23
+1 23
+1 23
+1 23
+1 23
+1 23
+1 23
+1 23
+1 23
+1 23
+1 23
+2 670
+1 670
+1 670
+1 670
+1 670
+1 670
+1 670
+1 23
+15 23
+1 23
+1 23
+1 7
+1 7
+1 3
+1 3
+1 1
+4 1
+19 16
+1 16
+2 16
+3 4
+1 4
+2 4
+3 2
+1 2
+2 2

fl=(55)
fn=(176)
30 31
+4 31
-4 31
+1 31
+3 31
-3 31
-1 31
+5 31
-5 62
+5 31
+11 31
-1 62
+18 124

fl=(8)
fn=(26)
368 55
+3 330
+9 55
-9 214
+9 9
+17 275
+2 55
-9 46
+1 46

fn=(14)
287 9
-9 5
67 164
+6 53
-3 53
+3 4826
+4 106
+5 106
fi=(9) /build/glibc-B3wQXB/glibc-2.31/elf/dl-tunables.h
+37 53
fe=(8)
-37 212
fi=(9)
+38 38
-1 133
+1 38
-1 53
+1 106
fe=(8)
328 212
-12 6890
fi=(9)
119 2862
+1 1008
-1 639
+1 1008
fe=(8)
310 5512
70 53
-3 106
362 8

fl=(133)
fn=(392)
66 771
+6 514
-6 257
+3 514
+3 771
-4 257
+5 257
+2 257
-2 1285
+2 257
-2 257
+2 257
+5 514
+4 514
+4 771
+4 514
+1 1028
-7 1028
+16 257
-1 257
+1 514
+10 2570
cfi=(6)
cfn=(208)
calls=257 841 
* 248288
* 257
+4 1285
+10 2313
+7 257
+8 1028
+4 771
fi=(5)
+97 257
fe=(133)
-93 771
fi=(195) /build/glibc-B3wQXB/glibc-2.31/elf/../sysdeps/x86_64/dl-irel.h
32 16
cob=(3)
cfi=(64)
cfn=(220)
calls=1 -3 
* 9
cob=(3)
cfi=(62)
cfn=(216)
calls=1 -3 
* 17
cob=(3)
cfi=(93)
cfn=(282)
calls=1 -3 
* 10
cob=(3)
cfi=(72)
cfn=(238)
calls=2 -3 
* 26
cob=(3)
cfi=(90)
cfn=(276)
calls=4 -3 
* 40
cob=(3)
cfi=(76)
cfn=(246)
calls=2 -3 
* 38
cob=(3)
cfi=(83)
cfn=(260)
calls=2 -3 
* 34
cob=(3)
cfi=(75)
cfn=(244)
calls=3 +21 
* 27
* 16
fe=(133)

fl=(34)
fn=(300)
887 32
+6 4
+3 4
+1 4
+4 12
+41 8
+3 16
-1 4
+1 4
+2 24

fn=(194)
332 2
+13 1
-13 2
+2 1
+12 2
cob=(2)
cfi=(18)
cfn=(44)
calls=1 0 
* 27
+1 3
+8 2
-69 1
+69 2
+1 1
+4 297
+19 1
-94 2
+1 2
cob=(2)
cfi=(18)
cfn=(40)
calls=1 0 
* 38
+1 2
+3 1
+6 2
+89 5

fn=(362)
437 9
+1 2
+4 1
+6 1
-6 1
+6 2
+12 1
-15 1
-1 2
+21 5
+9 12
+1 8
+6 12
+3 4
-2 4
+6 4
-6 4
+2 8
+4 4
-4 12
+3 8
+4 8
+1 16
+2 8
+1 8
+12 4
-3 4
+3 8
cfi=(20)
cfn=(78)
calls=4 114 
* 54
* 20
cfi=(30)
cfn=(80)
calls=4 108 
* 77
* 4
-42 12
+6 15
+50 2
+3 9

fn=(98)
108 1
+5 2
+1 1
+15 2

fn=(396) _dl_get_tls_static_info
308 1
+1 2
+1 2
+1 1

fn=(192)
135 4
+6 1
-6 2
+6 2
+3 2
+36 3
+2 1
-2 1
-2 1
-40 1
-1 1
-1 2
+69 8
+3 4
-3 4
+3 4
-3 16
+2 8
+10 4
-12 4
-25 24
+2 8
+3 4
-1 4
+5 8
-5 4
+1 4
-1 4
+3 8
+2 12
+12 6
+20 1
+52 2
-1 1
-51 1
+52 2
-52 1
+52 2

fn=(172)
48 4
+3 16
+48 4
+4 4

fl=(59)
fn=(196)
343 1
+1 1
cfn=(198) dl_cet_check
calls=1 97 
* 29

fn=(198)
97 7
+3 1
-1 1
+4 1
-4 1
+3 1
+4 2
+1 2
-1 2
+6 1
+5 2
326 8

fl=(37)
fn=(114)
30 109
+2 109
+9 109
+1 218
+1 109
+4 109
+1 109
+1 109
+1 109
+1 109
+2 218
+2 109
+1 109
+1 109
+2 218
+2 109
+8 109
+3 109
+1 109
+7 109
+1 109

fl=(58)
fn=(188) _dl_check_map_versions
156 264
+15 33
-15 66
+15 66
+2 33
+3 66
-3 33
+2 33
+1 33
-1 33
+3 66
+3 60
-16 30
-8 30
+28 30
-4 30
+4 180
+16 30
37 60
201 30
37 150
201 54
37 108
201 54
37 270
+1 768
-1 1536
+2 2556
cfi=(38)
cfn=(120)
calls=852 282 
* 79933
* 1704
209 252
+5 84
-71 168
+71 168
-71 252
+79 84
-2 84
-2 168
+4 84
-4 504
+4 178
-2 178
-2 356
+4 178
-4 1193
57 75
+8 75
-8 711
+8 711
+6 786
+16 262
+1 524
+2 262
+5 1834
+14 5674
+12 7725
+4 2575
-30 5150
225 1048
+3 786
+5 178
-11 178
111 262
+3 1048
cfi=(22)
cfn=(58)
calls=262 -3 
* 10809
* 1132
237 336
+5 108
-44 54
+1 54
+11 30
+41 120
+3 56
+10 412
-7 824
+3 618
-3 56
+3 42
+8 62
+89 297
165 3
+86 3
-94 3
+94 5
+23 124
cob=(2)
cfi=(18)
cfn=(40)
calls=31 0 
* 1257
-1 31
+1 31
+1 62
+13 31
-3 31
+3 62
+2 93
+3 120
+4 252
+7 262
+1 262
-1 524
+1 262
-1 262
+1 262
+1 262
-2 262
+2 524
+1 786
+3 786
+5 178
-15 178
+2 178
-2 178
+2 178
-2 178
+2 356
-2 84
+2 84
-2 84
+2 84
-2 84
+2 168
+16 252
+5 54
-28 54
+33 93
+3 56
+4 206
+6 206
+1 206
+1 206
-1 618
+1 206
-1 206
+1 206
+1 206
+3 618
+4 206
-14 440
+10 42

fn=(186)
362 6
+4 5
-2 2
+4 198
cfn=(188)
calls=33 156 
* 149799
-2 33
+2 132
-2 66
+5 7

fl=(28)
fn=(74)
42 6
+1 1
-1 5
+1 1
-1 1
+1 1
-1 1
+1 2
-1 1
+1 1
cfi=(8)
cfn=(26)
calls=1 368 
* 20
* 1
+2 1
+1 2
-1 1
+1 1
+9 1
-12 1
+12 4
+1 6
+1 1
-1 2
-1 12
+10 3
193 3
+2 1
+1 2
+1 4
+3 1
+1 1
-1 1
+4 2
+3 5
+4 7
+1 2
+2 2
+1 2
+1 2
-1 1
+1 1
-1 2
+9 2
+6 10
+1 2
-1 1
+1 2
cob=(2)
cfi=(18)
cfn=(44)
calls=1 0 
* 27
+1 4
-1 1
+1 1
+31 10
+3 4
+7 3
+10 9
-4 2
-3 1
+3 1
cfi=(20)
cfn=(78)
calls=1 114 
* 17
* 2
-3 1
+3 1
cfi=(20)
cfn=(78)
calls=1 114 
* 17
+3 2
-3 6
+3 4
+1 12
+1 5
cfi=(20)
cfn=(78)
calls=1 114 
* 15
* 2
-2 2
+5 6
cfi=(20)
cfn=(78)
calls=2 114 
* 30
* 4
+2 6
-7 3
+13 1
-1 1
+1 2
-1 2
+1 7
-1 7
+1 14
-1 18
+5 9
+4 4
-4 12
+4 44
+1 24
-1 24
+1 24
-1 24
-1 24
+4 9
+3 1
+2 2
-1 1
-1 1
+2 1
-2 1
+2 3
-1 1
+1 2
+2 6
+1 2
+3 2
-6 5
+13 7
+1 1
-1 2
+3 2
-3 3
+1 3
-1 6
+3 6
+3 3
+3 9
148 7
+1 1
-1 2
+37 3
+5 2
-5 1
+5 5
-4 10
fi=(29) /build/glibc-B3wQXB/glibc-2.31/elf/../sysdeps/x86/dl-hwcap.h
57 6
fe=(28)
188 1
+1 1
cfi=(14)
cfn=(30)
calls=1 41 
* 17
+1 5
-5 1
+4 1
+1 1
-5 5
-37 10
+37 2
316 1
+1 2
-6 6
-94 4
-2 3

ob=(2)
fl=(18)
fn=(2674) 0x00000000056b1a60
0 26
cob=(24)
cfi=(207)
cfn=(2678) std::locale::~locale()
calls=12 0 
0 96
cob=(1)
cfi=(132)
cfn=(391)
calls=1 67 
0 886
0 5

fn=(2864) 0x000000000011b620
0 720
cob=(24)
cfi=(207)
cfn=(2866) std::__cxx11::basic_string<char, std::char_traits<char>, std::allocator<char> >::compare(char const*) const
calls=360 0 
0 27586

fn=(2952) 0x00000000056b1480
0 60
cob=(24)
cfi=(207)
cfn=(2890)
calls=29 0 
0 5042
cob=(1)
cfi=(132)
cfn=(390)
calls=1 67 
0 1602
0 5

fn=(3086) 0x000000000011b530
0 2
cob=(24)
cfi=(207)
cfn=(2264)
calls=1 0 
0 37

fn=(3116) 0x000000000011b420
0 14
cob=(24)
cfi=(207)
cfn=(3118) std::_Rb_tree_decrement(std::_Rb_tree_node_base*)
calls=7 0 
0 121

fn=(3800) 0x000000000488a270
0 14
cob=(29)
cfi=(214)
cfn=(1550) QMutex::lock()
calls=6 0 
0 70
cob=(1)
cfi=(132)
cfn=(390)
calls=1 67 
0 890
0 5

fn=(4126) 0x00000000064c87c0
0 22
cob=(5)
cfi=(165)
cfn=(600)
calls=11 64 
0 319

fn=(9148) 0x000000000011aff0
0 2
cob=(3)
cfi=(264) /build/glibc-B3wQXB/glibc-2.31/io/../sysdeps/posix/isatty.c
cfn=(9150) isatty
calls=1 24 
0 53

fn=(7688) 0x000000000488b830
0 4
cob=(29)
cfi=(214)
cfn=(7692) QUrl::~QUrl()
calls=1 0 
0 250
cob=(1)
cfi=(132)
cfn=(390)
calls=1 67 
0 772
0 5

fn=(7726) 0x0000000004889fe0
0 4
cob=(29)
cfi=(214)
cfn=(4934) QString::indexOf(QChar, int, Qt::CaseSensitivity) const
calls=1 0 
0 75
cob=(1)
cfi=(132)
cfn=(390)
calls=1 67 
0 1319
0 5

fn=(7998) 0x000000000488abb0
0 10
cob=(29)
cfi=(214)
cfn=(8002) QMetaObject::activate(QObject*, QMetaObject const*, int, void**)
calls=4 0 
0 344
cob=(1)
cfi=(132)
cfn=(390)
calls=1 67 
0 1201
0 5

fn=(8566) 0x000000000011b600
0 2
cob=(32)
cfi=(223)
cfn=(7830) QHostAddress::~QHostAddress()
calls=1 0 
0 114

fn=(9214) 0x00000000056b1730
0 2
cob=(1)
cfi=(132)
cfn=(390)
calls=1 67 
0 1760
0 5

fn=(9226) 0x00000000056b0cc0
0 2
cob=(1)
cfi=(132)
cfn=(390)
calls=1 67 
0 2133
0 5

fn=(9254) 0x000000000011b400
0 2
cob=(24)
cfi=(207)
cfn=(9256) std::ostream::put(char)
calls=1 0 
0 1273

fn=(9260) 0x00000000056b1770
0 2
cob=(1)
cfi=(132)
cfn=(390)
calls=1 67 
0 1194
0 5

fn=(9290) 0x000000000011b660
0 2
cob=(24)
cfi=(207)
cfn=(2678)
calls=1 0 
0 8

fn=(9908) 0x00000000056b1510
0 6
cob=(24)
cfi=(207)
cfn=(9270)
calls=2 0 
0 182
cob=(1)
cfi=(132)
cfn=(390)
calls=1 67 
0 933
0 5

fn=(10304)
0 4

fn=(10348)
0 2
cob=(3)
cfi=(273)
cfn=(9930)
calls=1 30 
0 381

fn=(10412) 0x000000000594b300
0 2
cob=(3)
cfi=(273)
cfn=(9930)
calls=1 30 
0 381

fn=(10460) 0x00000000068500f0
0 2
cob=(3)
cfi=(273)
cfn=(9930)
calls=1 30 
0 381

fn=(10532)
0 2
cob=(3)
cfi=(273)
cfn=(9930)
calls=1 30 
0 381

fn=(10770)
0 2
cob=(3)
cfi=(273)
cfn=(9930)
calls=1 30 
0 381

fn=(10910)
0 4

fn=(10954) 0x000000000885c730
0 2
cob=(3)
cfi=(273)
cfn=(9930)
calls=1 30 
0 381

ob=(24)
fl=(207)
fn=(1280)
0 12

fn=(1312)
0 3
cob=(2)
cfi=(18)
cfn=(1314)
calls=1 0 
0 2786
0 4

fn=(1412)
0 50

fn=(2266) 0x00000000000be5e0
0 196
cob=(2)
cfi=(18)
cfn=(2270)
calls=28 0 
0 84318
0 140

fn=(2422) std::codecvt<wchar_t, char, __mbstate_t>::codecvt(unsigned long)
0 13
cob=(2)
cfi=(18)
cfn=(2294)
calls=1 0 
0 21
0 5

fn=(2458) std::__cxx11::messages<wchar_t>::messages(unsigned long)
0 13
cob=(2)
cfi=(18)
cfn=(2294)
calls=1 0 
0 21
0 2
cob=(2)
cfi=(18)
cfn=(2282)
calls=1 0 
0 5
0 5

fn=(2502) std::moneypunct<char, true>::_M_initialize_moneypunct(__locale_struct*, char const*)
0 113

fn=(2654)
0 590
cob=(2)
cfi=(18)
cfn=(2260)
calls=10 0 
0 390

fn=(2672)
0 187

fn=(2728)
0 35
cob=(2)
cfi=(18)
cfn=(2320)
calls=7 0 
0 56
0 84
cob=(2)
cfi=(18)
cfn=(2692)
calls=7 0 
0 637
0 35

fn=(2866)
0 3960
cob=(2)
cfi=(18)
cfn=(2868)
calls=360 0 
0 8290
0 3240
cob=(2)
cfi=(18)
cfn=(2828)
calls=360 0 
0 9216
0 2880

fn=(3098)
0 12
cob=(2)
cfi=(18)
cfn=(2848)
calls=6 0 
0 76364

fn=(3212)
0 11720
cob=(2)
cfi=(18)
cfn=(3214)
calls=1465 0 
0 34815
0 10255

fn=(9238)
0 42
cfn=(9240) 0x0000000000125280
calls=2 0 
0 60
0 54
cfn=(9246) 0x0000000000125100
calls=2 0 
0 90
0 48
cfn=(9172) __gnu_cxx::stdio_sync_filebuf<char, std::char_traits<char> >::xsputn(char const*, long)
calls=2 0 
0 329
0 34

fn=(9270)
0 40
cfn=(9272) __gnu_cxx::stdio_sync_filebuf<char, std::char_traits<char> >::sync()
calls=4 0 
0 1266
0 20

fn=(10372) 0x00000000001705d0
0 2

fn=(1286)
0 6
cob=(2)
cfi=(18)
cfn=(1288)
calls=1 0 
0 931
0 7
cob=(2)
cfi=(18)
cfn=(1298)
calls=1 0 
0 1201
0 3
cob=(2)
cfi=(18)
cfn=(1288)
calls=1 0 
0 7
0 7
cob=(2)
cfi=(18)
cfn=(1298)
calls=1 0 
0 74

fn=(1344)
0 74

fn=(1394)
0 34

fn=(1438)
0 50

fn=(2298)
0 98
cob=(2)
cfi=(18)
cfn=(2271)
calls=14 0 
0 2634
0 56

fn=(2306) std::locale::facet::_S_create_c_locale(__locale_struct*&, char const*, __locale_struct*)
0 5
cob=(2)
cfi=(18)
cfn=(2308)
calls=1 0 
0 1118
0 5

fn=(2616) std::messages<wchar_t>::messages(unsigned long)
0 13
cob=(2)
cfi=(18)
cfn=(2294)
calls=1 0 
0 21
0 2
cob=(2)
cfi=(18)
cfn=(2282)
calls=1 0 
0 5
0 5

fn=(2684)
0 56
cob=(2)
cfi=(18)
cfn=(2686)
calls=7 0 
0 4142
0 28
cob=(2)
cfi=(18)
cfn=(2704)
calls=7 0 
0 2301
0 21
cob=(2)
cfi=(18)
cfn=(2710)
calls=7 0 
0 2324
0 28
cob=(2)
cfi=(18)
cfn=(2718)
calls=7 0 
0 2337
0 21
cob=(2)
cfi=(18)
cfn=(2724)
calls=7 0 
0 2324
0 28
cob=(2)
cfi=(18)
cfn=(2730)
calls=7 0 
0 2344
0 35

fn=(2698) __cxxabiv1::__vmi_class_type_info::__do_dyncast(long, __cxxabiv1::__class_type_info::__sub_kind, __cxxabiv1::__class_type_info const*, void const*, __cxxabiv1::__class_type_info const*, void const*, __cxxabiv1::__class_type_info::__dyncast_result&) const
0 840
cob=(2)
cfi=(18)
cfn=(2700)
calls=14 0 
0 1297
0 98

fn=(2714)
0 35
cob=(2)
cfi=(18)
cfn=(2320)
calls=7 0 
0 56
0 84
cob=(2)
cfi=(18)
cfn=(2692)
calls=7 0 
0 637
0 35

fn=(2734)
0 35
cob=(2)
cfi=(18)
cfn=(2320)
calls=7 0 
0 56
0 77
cob=(2)
cfi=(18)
cfn=(2692)
calls=7 0 
0 637
0 28

fn=(2826)
0 42
cob=(2)
cfi=(18)
cfn=(2828)
calls=3 0 
0 1041
0 18

fn=(3302)
0 480
cob=(2)
cfi=(18)
cfn=(3304)
calls=120 0 
0 3073
0 360

fn=(3438)
0 328
cob=(2)
cfi=(18)
cfn=(3440)
calls=164 0 
0 16481

fn=(3524)
0 8210
cob=(2)
cfi=(18)
cfn=(3526)
calls=80 0 
0 6887
0 3286

fn=(10368) 0x00000000001705f0
0 2

fn=(10386) 0x00000000000a8230
0 4
cob=(2)
cfi=(18)
cfn=(10388)
calls=1 0 
0 944

fn=(1376)
0 34

fn=(2258)
0 199
cob=(2)
cfi=(18)
cfn=(2260)
calls=1 0 
0 84984
0 16
cob=(2)
cfi=(18)
cfn=(2260)
calls=1 0 
0 39
0 14
cob=(2)
cfi=(18)
cfn=(2260)
calls=1 0 
0 39
0 6
cob=(2)
cfi=(18)
cfn=(2650)
calls=1 0 
0 1022
0 15
cob=(2)
cfi=(18)
cfn=(2656)
calls=1 0 
0 16308
0 3
cob=(2)
cfi=(18)
cfn=(2650)
calls=1 0 
0 100
0 16
cob=(2)
cfi=(18)
cfn=(2656)
calls=1 0 
0 992
0 3
cob=(2)
cfi=(18)
cfn=(2650)
calls=1 0 
0 100
0 14
cob=(2)
cfi=(18)
cfn=(2656)
calls=1 0 
0 992
0 3
cob=(2)
cfi=(18)
cfn=(2650)
calls=1 0 
0 100
0 14
cob=(2)
cfi=(18)
cfn=(2656)
calls=1 0 
0 992
0 16
cob=(2)
cfi=(18)
cfn=(2260)
calls=1 0 
0 39
0 16
cob=(2)
cfi=(18)
cfn=(2260)
calls=1 0 
0 39
0 14
cob=(2)
cfi=(18)
cfn=(2260)
calls=1 0 
0 39
0 6
cob=(2)
cfi=(18)
cfn=(2650)
calls=1 0 
0 100
0 15
cob=(2)
cfi=(18)
cfn=(2736)
calls=1 0 
0 11619
0 3
cob=(2)
cfi=(18)
cfn=(2650)
calls=1 0 
0 100
0 16
cob=(2)
cfi=(18)
cfn=(2736)
calls=1 0 
0 886
0 3
cob=(2)
cfi=(18)
cfn=(2650)
calls=1 0 
0 100
0 14
cob=(2)
cfi=(18)
cfn=(2736)
calls=1 0 
0 886
0 3
cob=(2)
cfi=(18)
cfn=(2650)
calls=1 0 
0 100
0 14
cob=(2)
cfi=(18)
cfn=(2736)
calls=1 0 
0 886
0 7

fn=(2286)
0 21

fn=(2446) std::__timepunct<wchar_t>::__timepunct(std::__timepunct_cache<wchar_t>*, unsigned long)
0 15
cob=(2)
cfi=(18)
cfn=(2282)
calls=1 0 
0 5
0 4
cob=(2)
cfi=(18)
cfn=(2448)
calls=1 0 
0 1435
0 4

fn=(2452) std::__timepunct<wchar_t>::_M_initialize_timepunct(__locale_struct*)
0 10
cob=(2)
cfi=(18)
cfn=(2294)
calls=1 0 
0 21
0 94

fn=(2570) std::moneypunct<wchar_t, false>::_M_initialize_moneypunct(__locale_struct*, char const*)
0 109

fn=(2690)
0 35
cob=(2)
cfi=(18)
cfn=(2320)
calls=7 0 
0 56
0 84
cob=(2)
cfi=(18)
cfn=(2692)
calls=7 0 
0 2816
0 35

fn=(2764)
0 20
cob=(2)
cfi=(18)
cfn=(2320)
calls=4 0 
0 32
0 48
cob=(2)
cfi=(18)
cfn=(2692)
calls=4 0 
0 364
0 20

fn=(2846)
0 57
cob=(2)
cfi=(18)
cfn=(2848)
calls=19 0 
0 3516
0 38

fn=(2950)
0 1336
cob=(2)
cfi=(18)
cfn=(2956)
calls=34 0 
0 1555
0 184
cob=(2)
cfi=(18)
cfn=(2952)
calls=29 0 
0 6638
0 358

fn=(3296)
0 360
cob=(2)
cfi=(18)
cfn=(3298)
calls=120 0 
0 5021
0 360

fn=(9256)
0 14
cob=(2)
cfi=(18)
cfn=(9166)
calls=1 0 
0 23
0 26
cfn=(9258) __gnu_cxx::stdio_sync_filebuf<char, std::char_traits<char> >::overflow(int)
calls=1 0 
0 1208
0 2

fn=(9306)
0 26

fn=(2318)
0 448
cob=(2)
cfi=(18)
cfn=(2320)
calls=32 0 
0 1459
0 11712

fn=(2324)
0 1212

fn=(2372) std::ctype<wchar_t>::ctype(unsigned long)
0 13
cob=(2)
cfi=(18)
cfn=(2294)
calls=1 0 
0 21
0 7
cob=(2)
cfi=(18)
cfn=(2374)
calls=1 0 
0 27719

fn=(2428) std::__cxx11::numpunct<wchar_t>::_M_initialize_numpunct(__locale_struct*)
0 350

fn=(2434) std::__cxx11::moneypunct<wchar_t, false>::_M_initialize_moneypunct(__locale_struct*, char const*)
0 109

fn=(2666)
0 154
cob=(2)
cfi=(18)
cfn=(2260)
calls=11 0 
0 429
0 33
cob=(2)
cfi=(18)
cfn=(2668)
calls=11 0 
0 1087
0 22
cob=(2)
cfi=(18)
cfn=(2674)
calls=11 0 
0 993
0 77

fn=(2746)
0 32
cob=(2)
cfi=(18)
cfn=(2748)
calls=4 0 
0 1541
0 16
cob=(2)
cfi=(18)
cfn=(2754)
calls=4 0 
0 1560
0 12
cob=(2)
cfi=(18)
cfn=(2760)
calls=4 0 
0 1955
0 16
cob=(2)
cfi=(18)
cfn=(2766)
calls=4 0 
0 1990
0 12
cob=(2)
cfi=(18)
cfn=(2772)
calls=4 0 
0 1963
0 16
cob=(2)
cfi=(18)
cfn=(2778)
calls=4 0 
0 2035
0 20

fn=(2770)
0 20
cob=(2)
cfi=(18)
cfn=(2320)
calls=4 0 
0 32
0 44
cob=(2)
cfi=(18)
cfn=(2692)
calls=4 0 
0 364
0 16

fn=(2776)
0 20
cob=(2)
cfi=(18)
cfn=(2320)
calls=4 0 
0 32
0 48
cob=(2)
cfi=(18)
cfn=(2692)
calls=4 0 
0 364
0 20

fn=(3000)
0 47
cob=(2)
cfi=(18)
cfn=(3002)
calls=5 0 
0 1160
0 17

fn=(3164)
0 3279
cob=(2)
cfi=(18)
cfn=(3002)
calls=147 0 
0 3003
0 1293

fn=(3404)
0 273

fn=(9258)
0 7
cob=(2)
cfi=(18)
cfn=(9260)
calls=1 0 
0 1201

fn=(10380)
0 6

fn=(1294)
0 10

fn=(1330)
0 168

fn=(1334)
0 9
cob=(2)
cfi=(18)
cfn=(1336)
calls=1 0 
0 1289
0 8

fn=(1370)
0 52

fn=(1544)
0 70623
cob=(2)
cfi=(18)
cfn=(1336)
calls=10089 0 
0 1068954
0 40356

fn=(2342) std::__cxx11::moneypunct<char, false>::_M_initialize_moneypunct(__locale_struct*, char const*)
0 113

fn=(2348) std::__cxx11::moneypunct<char, true>::_M_initialize_moneypunct(__locale_struct*, char const*)
0 113

fn=(2354) std::__timepunct<char>::__timepunct(std::__timepunct_cache<char>*, unsigned long)
0 15
cob=(2)
cfi=(18)
cfn=(2282)
calls=1 0 
0 5
0 4
cob=(2)
cfi=(18)
cfn=(2356)
calls=1 0 
0 1450
0 4

fn=(2440) std::__cxx11::moneypunct<wchar_t, true>::_M_initialize_moneypunct(__locale_struct*, char const*)
0 109

fn=(2644) std::locale::locale(std::locale::_Impl*)
0 3

fn=(2716) __cxxabiv1::__si_class_type_info::__do_dyncast(long, __cxxabiv1::__class_type_info::__sub_kind, __cxxabiv1::__class_type_info const*, void const*, __cxxabiv1::__class_type_info const*, void const*, __cxxabiv1::__class_type_info::__dyncast_result&) const
0 1924

fn=(2722)
0 35
cob=(2)
cfi=(18)
cfn=(2320)
calls=7 0 
0 56
0 77
cob=(2)
cfi=(18)
cfn=(2692)
calls=7 0 
0 637
0 28

fn=(2752)
0 20
cob=(2)
cfi=(18)
cfn=(2320)
calls=4 0 
0 32
0 48
cob=(2)
cfi=(18)
cfn=(2692)
calls=4 0 
0 364
0 20

fn=(2782)
0 20
cob=(2)
cfi=(18)
cfn=(2320)
calls=4 0 
0 32
0 44
cob=(2)
cfi=(18)
cfn=(2692)
calls=4 0 
0 364
0 16

fn=(3530)
0 5560

fn=(9272)
0 12
cob=(2)
cfi=(18)
cfn=(9274)
calls=4 0 
0 1254

fn=(9918) __gnu_cxx::stdio_sync_filebuf<wchar_t, std::char_traits<wchar_t> >::sync()
0 9
cob=(2)
cfi=(18)
cfn=(9274)
calls=3 0 
0 219

fn=(1372)
0 6
cob=(2)
cfi=(18)
cfn=(1298)
calls=1 0 
0 74
0 5
cob=(2)
cfi=(18)
cfn=(1298)
calls=1 0 
0 74

fn=(1464)
0 6
cob=(2)
cfi=(18)
cfn=(1298)
calls=1 0 
0 74
0 4
cob=(2)
cfi=(18)
cfn=(1298)
calls=1 0 
0 74
0 5
cob=(2)
cfi=(18)
cfn=(1298)
calls=1 0 
0 74

fn=(2274)
0 5
cob=(2)
cfi=(18)
cfn=(2276)
calls=1 0 
0 82306
0 8
cob=(2)
cfi=(18)
cfn=(2640)
calls=1 0 
0 945

fn=(2280) std::locale::_Impl::_Impl(unsigned long)
0 140
cob=(2)
cfi=(18)
cfn=(2282)
calls=1 0 
0 1101
0 7
cob=(2)
cfi=(18)
cfn=(2288)
calls=1 0 
0 4659
0 4
cob=(2)
cfi=(18)
cfn=(2314)
calls=1 0 
0 2559
0 3
cob=(2)
cfi=(18)
cfn=(2326)
calls=1 0 
0 1054
0 4
cob=(2)
cfi=(18)
cfn=(2314)
calls=1 0 
0 399
0 23
cob=(2)
cfi=(18)
cfn=(2332)
calls=1 0 
0 1780
0 4
cob=(2)
cfi=(18)
cfn=(2314)
calls=1 0 
0 399
0 8
cob=(2)
cfi=(18)
cfn=(2314)
calls=1 0 
0 399
0 8
cob=(2)
cfi=(18)
cfn=(2314)
calls=1 0 
0 399
0 5
cob=(2)
cfi=(18)
cfn=(2294)
calls=1 0 
0 21
0 5
cob=(2)
cfi=(18)
cfn=(2314)
calls=1 0 
0 399
0 28
cob=(2)
cfi=(18)
cfn=(2338)
calls=1 0 
0 1564
0 4
cob=(2)
cfi=(18)
cfn=(2314)
calls=1 0 
0 399
0 28
cob=(2)
cfi=(18)
cfn=(2344)
calls=1 0 
0 1572
0 4
cob=(2)
cfi=(18)
cfn=(2314)
calls=1 0 
0 399
0 8
cob=(2)
cfi=(18)
cfn=(2314)
calls=1 0 
0 399
0 8
cob=(2)
cfi=(18)
cfn=(2314)
calls=1 0 
0 399
0 56
cob=(2)
cfi=(18)
cfn=(2350)
calls=1 0 
0 2636
0 4
cob=(2)
cfi=(18)
cfn=(2314)
calls=1 0 
0 399
0 8
cob=(2)
cfi=(18)
cfn=(2314)
calls=1 0 
0 399
0 8
cob=(2)
cfi=(18)
cfn=(2314)
calls=1 0 
0 399
0 3
cob=(2)
cfi=(18)
cfn=(2362)
calls=1 0 
0 1029
0 4
cob=(2)
cfi=(18)
cfn=(2314)
calls=1 0 
0 399
0 3
cob=(2)
cfi=(18)
cfn=(2368)
calls=1 0 
0 28631
0 4
cob=(2)
cfi=(18)
cfn=(2314)
calls=1 0 
0 399
0 3
cob=(2)
cfi=(18)
cfn=(2418)
calls=1 0 
0 1091
0 4
cob=(2)
cfi=(18)
cfn=(2314)
calls=1 0 
0 399
0 22
cob=(2)
cfi=(18)
cfn=(2424)
calls=1 0 
0 1753
0 4
cob=(2)
cfi=(18)
cfn=(2314)
calls=1 0 
0 399
0 8
cob=(2)
cfi=(18)
cfn=(2314)
calls=1 0 
0 399
0 8
cob=(2)
cfi=(18)
cfn=(2314)
calls=1 0 
0 399
0 5
cob=(2)
cfi=(18)
cfn=(2294)
calls=1 0 
0 21
0 5
cob=(2)
cfi=(18)
cfn=(2314)
calls=1 0 
0 399
0 27
cob=(2)
cfi=(18)
cfn=(2430)
calls=1 0 
0 1629
0 4
cob=(2)
cfi=(18)
cfn=(2314)
calls=1 0 
0 399
0 27
cob=(2)
cfi=(18)
cfn=(2436)
calls=1 0 
0 1559
0 4
cob=(2)
cfi=(18)
cfn=(2314)
calls=1 0 
0 399
0 8
cob=(2)
cfi=(18)
cfn=(2314)
calls=1 0 
0 399
0 8
cob=(2)
cfi=(18)
cfn=(2314)
calls=1 0 
0 399
0 56
cob=(2)
cfi=(18)
cfn=(2442)
calls=1 0 
0 2629
0 4
cob=(2)
cfi=(18)
cfn=(2314)
calls=1 0 
0 399
0 8
cob=(2)
cfi=(18)
cfn=(2314)
calls=1 0 
0 399
0 8
cob=(2)
cfi=(18)
cfn=(2314)
calls=1 0 
0 399
0 3
cob=(2)
cfi=(18)
cfn=(2454)
calls=1 0 
0 1036
0 4
cob=(2)
cfi=(18)
cfn=(2314)
calls=1 0 
0 399
0 8
cob=(2)
cfi=(18)
cfn=(2314)
calls=1 0 
0 399
0 8
cob=(2)
cfi=(18)
cfn=(2314)
calls=1 0 
0 399
0 8
cob=(2)
cfi=(18)
cfn=(2314)
calls=1 0 
0 399
0 8
cob=(2)
cfi=(18)
cfn=(2314)
calls=1 0 
0 399
0 10
cfn=(2460) 0x00000000000d7450
calls=1 0 
0 11952
0 4
cob=(2)
cfi=(18)
cfn=(2320)
calls=1 0 
0 8
0 5
cob=(2)
cfi=(18)
cfn=(2320)
calls=1 0 
0 8
0 4
cob=(2)
cfi=(18)
cfn=(2320)
calls=1 0 
0 8
0 4
cob=(2)
cfi=(18)
cfn=(2320)
calls=1 0 
0 8
0 5
cob=(2)
cfi=(18)
cfn=(2320)
calls=1 0 
0 8
0 4
cob=(2)
cfi=(18)
cfn=(2320)
calls=1 0 
0 8
0 4
cob=(2)
cfi=(18)
cfn=(2320)
calls=1 0 
0 8
0 5
cob=(2)
cfi=(18)
cfn=(2320)
calls=1 0 
0 8
0 13

fn=(2360) std::__timepunct<char>::_M_initialize_timepunct(__locale_struct*)
0 11
cob=(2)
cfi=(18)
cfn=(2294)
calls=1 0 
0 21
0 95

fn=(2378) std::ctype<wchar_t>::_M_initialize_ctype()
0 10
cob=(2)
cfi=(18)
cfn=(2380)
calls=1 0 
0 1003
0 770
cob=(2)
cfi=(18)
cfn=(2386)
calls=128 0 
0 4141
0 260
cob=(2)
cfi=(18)
cfn=(2392)
calls=1 0 
0 975
0 510
cob=(2)
cfi=(18)
cfn=(2392)
calls=255 0 
0 11875
0 1067
cob=(2)
cfi=(18)
cfn=(2404)
calls=8 0 
0 4038
0 95
cob=(2)
cfi=(18)
cfn=(2404)
calls=4 0 
0 1896
0 19
cob=(2)
cfi=(18)
cfn=(2380)
calls=1 0 
0 24
0 2

fn=(2408)
0 84
cob=(2)
cfi=(18)
cfn=(2410)
calls=1 0 
0 671
0 24
cob=(2)
cfi=(18)
cfn=(2410)
calls=1 0 
0 423
0 7
cob=(2)
cfi=(18)
cfn=(2410)
calls=1 0 
0 547
0 9
cob=(2)
cfi=(18)
cfn=(2410)
calls=1 0 
0 214
0 3
cob=(2)
cfi=(18)
cfn=(2410)
calls=1 0 
0 272
0 3
cob=(2)
cfi=(18)
cfn=(2410)
calls=1 0 
0 1244
0 3
cob=(2)
cfi=(18)
cfn=(2410)
calls=1 0 
0 613
0 3
cob=(2)
cfi=(18)
cfn=(2410)
calls=1 0 
0 206
0 3
cob=(2)
cfi=(18)
cfn=(2410)
calls=1 0 
0 361
0 7
cob=(2)
cfi=(18)
cfn=(2410)
calls=1 0 
0 156

fn=(2660)
0 49
cob=(2)
cfi=(18)
cfn=(2662)
calls=7 0 
0 3356
0 21
cob=(2)
cfi=(18)
cfn=(2680)
calls=7 0 
0 17371
0 91

fn=(2678)
0 112

fn=(2696)
0 2112
cfn=(2716)
calls=52 0 
0 1924
cfn=(2698)
calls=14 0 
0 2235
0 1320

fn=(2816)
0 2140

fn=(3118)
0 121

fn=(9196)
0 42
cob=(2)
cfi=(18)
cfn=(9202)
calls=1 0 
0 997
0 23
cob=(2)
cfi=(18)
cfn=(2952)
calls=1 0 
0 71
0 5

fn=(4112)
0 4
cob=(2)
cfi=(18)
cfn=(3304)
calls=1 0 
0 14
0 3
cob=(27)
cfi=(212)
cfn=(4114) void std::call_once<void (&)()>(std::once_flag&, void (&)())::{lambda()#2}::_FUN()
calls=1 0 
0 59

fn=(9232) std::num_put<char, std::ostreambuf_iterator<char, std::char_traits<char> > >::do_put(std::ostreambuf_iterator<char, std::char_traits<char> >, std::ios_base&, char, unsigned long) const
0 6
cob=(2)
cfi=(18)
cfn=(9234)
calls=2 0 
0 2284

fn=(9240)
0 18
cob=(2)
cfi=(18)
cfn=(2320)
calls=2 0 
0 16
0 26

fn=(9284)
0 12
cob=(2)
cfi=(18)
cfn=(3440)
calls=6 0 
0 858

fn=(10370) 0x00000000001705e0
0 2

fn=(10382) 0x00000000000d6d00
0 4
cob=(2)
cfi=(18)
cfn=(10376)
calls=1 0 
0 4

fn=(2264)
0 196
cfn=(2266)
calls=28 0 
0 84654
0 280

fn=(2336) std::__cxx11::numpunct<char>::_M_initialize_numpunct(__locale_struct*)
0 414

fn=(2466) std::numpunct<char>::_M_initialize_numpunct(__locale_struct*)
0 414

fn=(2880)
0 19090
cob=(2)
cfi=(18)
cfn=(2882)
calls=9545 0 
0 888488

fn=(4120)
0 6

fn=(9164)
0 558
cob=(2)
cfi=(18)
cfn=(9166)
calls=31 0 
0 1605
0 1023
cfn=(9172)
calls=31 0 
0 12069
0 155

fn=(9172)
0 198
cob=(2)
cfi=(18)
cfn=(9174)
calls=33 0 
0 12200

fn=(9212)
0 10
cob=(2)
cfi=(18)
cfn=(2868)
calls=1 0 
0 22
0 4
cob=(2)
cfi=(18)
cfn=(9214)
calls=1 0 
0 1767
0 5

fn=(9294)
0 16
cob=(2)
cfi=(18)
cfn=(9296)
calls=2 0 
0 1222
0 4
cob=(2)
cfi=(18)
cfn=(9302)
calls=2 0 
0 1071
0 14
cob=(2)
cfi=(18)
cfn=(2674)
calls=2 0 
0 20

fn=(9368)
0 74
cob=(2)
cfi=(18)
cfn=(9908)
calls=1 0 
0 940
0 2
cob=(2)
cfi=(18)
cfn=(9908)
calls=1 0 
0 93
0 2
cob=(2)
cfi=(18)
cfn=(9908)
calls=1 0 
0 93
0 2
cob=(2)
cfi=(18)
cfn=(9912)
calls=1 0 
0 1240
0 2
cob=(2)
cfi=(18)
cfn=(9912)
calls=1 0 
0 93
0 2
cob=(2)
cfi=(18)
cfn=(9912)
calls=1 0 
0 93
0 2

fn=(9916)
0 30
cfn=(9918)
calls=3 0 
0 228
0 15

fn=(10384) 0x00000000000d48f0
0 4
cob=(2)
cfi=(18)
cfn=(10376)
calls=1 0 
0 4

fn=(10392)
0 4

fn=(1324)
0 399

fn=(2300)
0 5
cob=(2)
cfi=(18)
cfn=(2302)
calls=1 0 
0 2458

fn=(2366) std::__cxx11::messages<char>::messages(unsigned long)
0 13
cob=(2)
cfi=(18)
cfn=(2294)
calls=1 0 
0 21
0 2
cob=(2)
cfi=(18)
cfn=(2282)
calls=1 0 
0 5
0 5

fn=(2460)
0 21
cob=(2)
cfi=(18)
cfn=(2462)
calls=1 0 
0 1692
0 7
cob=(2)
cfi=(18)
cfn=(2320)
calls=1 0 
0 17
0 8
cob=(2)
cfi=(18)
cfn=(2294)
calls=1 0 
0 21
0 7
cob=(2)
cfi=(18)
cfn=(2320)
calls=1 0 
0 17
0 12
cob=(2)
cfi=(18)
cfn=(2484)
calls=1 0 
0 1499
0 6
cob=(2)
cfi=(18)
cfn=(2320)
calls=1 0 
0 17
0 12
cob=(2)
cfi=(18)
cfn=(2498)
calls=1 0 
0 1478
0 6
cob=(2)
cfi=(18)
cfn=(2320)
calls=1 0 
0 17
0 13
cob=(2)
cfi=(18)
cfn=(2320)
calls=1 0 
0 17
0 13
cob=(2)
cfi=(18)
cfn=(2320)
calls=1 0 
0 17
0 13
cob=(2)
cfi=(18)
cfn=(2320)
calls=1 0 
0 17
0 6
cob=(2)
cfi=(18)
cfn=(2530)
calls=1 0 
0 996
0 6
cob=(2)
cfi=(18)
cfn=(2320)
calls=1 0 
0 17
0 16
cob=(2)
cfi=(18)
cfn=(2544)
calls=1 0 
0 1599
0 6
cob=(2)
cfi=(18)
cfn=(2320)
calls=1 0 
0 17
0 8
cob=(2)
cfi=(18)
cfn=(2294)
calls=1 0 
0 21
0 7
cob=(2)
cfi=(18)
cfn=(2320)
calls=1 0 
0 17
0 13
cob=(2)
cfi=(18)
cfn=(2566)
calls=1 0 
0 1587
0 6
cob=(2)
cfi=(18)
cfn=(2320)
calls=1 0 
0 17
0 12
cob=(2)
cfi=(18)
cfn=(2580)
calls=1 0 
0 1466
0 6
cob=(2)
cfi=(18)
cfn=(2320)
calls=1 0 
0 17
0 13
cob=(2)
cfi=(18)
cfn=(2320)
calls=1 0 
0 17
0 13
cob=(2)
cfi=(18)
cfn=(2320)
calls=1 0 
0 17
0 13
cob=(2)
cfi=(18)
cfn=(2320)
calls=1 0 
0 17
0 6
cob=(2)
cfi=(18)
cfn=(2612)
calls=1 0 
0 951
0 5
cob=(2)
cfi=(18)
cfn=(2320)
calls=1 0 
0 17
0 5
cob=(2)
cfi=(18)
cfn=(2320)
calls=1 0 
0 8
0 4
cob=(2)
cfi=(18)
cfn=(2320)
calls=1 0 
0 8
0 4
cob=(2)
cfi=(18)
cfn=(2320)
calls=1 0 
0 8
0 4
cob=(2)
cfi=(18)
cfn=(2320)
calls=1 0 
0 8
0 5
cob=(2)
cfi=(18)
cfn=(2320)
calls=1 0 
0 8
0 5
cob=(2)
cfi=(18)
cfn=(2320)
calls=1 0 
0 8
0 41

fn=(2708)
0 35
cob=(2)
cfi=(18)
cfn=(2320)
calls=7 0 
0 56
0 77
cob=(2)
cfi=(18)
cfn=(2692)
calls=7 0 
0 1008
0 28

fn=(2758)
0 20
cob=(2)
cfi=(18)
cfn=(2320)
calls=4 0 
0 32
0 44
cob=(2)
cfi=(18)
cfn=(2692)
calls=4 0 
0 364
0 16

fn=(2890)
0 67128
cob=(2)
cfi=(18)
cfn=(2848)
calls=13 0 
0 1642
0 13384
cob=(2)
cfi=(18)
cfn=(2848)
calls=6692 0 
0 564649

fn=(3160)
0 2679
cob=(2)
cfi=(18)
cfn=(3002)
calls=141 0 
0 2860
0 1269

fn=(4216)
0 6
cob=(2)
cfi=(18)
cfn=(4218)
calls=2 0 
0 1070
0 8

fn=(9170)
0 714

fn=(9230) std::ctype<char>::_M_widen_init() const
0 1077
cob=(2)
cfi=(18)
cfn=(2828)
calls=1 0 
0 48
0 10

fn=(9300)
0 22

fn=(10360)
0 9
cob=(2)
cfi=(18)
cfn=(10366)
calls=1 0 
0 2573
0 1
cfn=(10398) 0x00000000000a70f0
calls=1 0 
0 5
0 3

fn=(10374) 0x00000000000d6cc0
0 4
cob=(2)
cfi=(18)
cfn=(10376)
calls=1 0 
0 1031

fn=(1318) std::future_category()
0 7
cob=(2)
cfi=(18)
cfn=(1320)
calls=1 0 
0 899
0 6
cob=(2)
cfi=(18)
cfn=(1298)
calls=1 0 
0 74
0 2
cob=(2)
cfi=(18)
cfn=(1326)
calls=1 0 
0 880
0 3

fn=(2292) std::ctype<char>::ctype(unsigned short const*, bool, unsigned long)
0 15
cob=(2)
cfi=(18)
cfn=(2294)
calls=1 0 
0 3607
0 101

fn=(2330) std::codecvt<char, char, __mbstate_t>::codecvt(unsigned long)
0 13
cob=(2)
cfi=(18)
cfn=(2294)
calls=1 0 
0 21
0 5

fn=(2488) std::moneypunct<char, false>::_M_initialize_moneypunct(__locale_struct*, char const*)
0 113

fn=(2534) std::messages<char>::messages(unsigned long)
0 13
cob=(2)
cfi=(18)
cfn=(2294)
calls=1 0 
0 21
0 2
cob=(2)
cfi=(18)
cfn=(2282)
calls=1 0 
0 5
0 5

fn=(2548) std::numpunct<wchar_t>::_M_initialize_numpunct(__locale_struct*)
0 350

fn=(2584) std::moneypunct<wchar_t, true>::_M_initialize_moneypunct(__locale_struct*, char const*)
0 109

fn=(2740)
0 28
cob=(2)
cfi=(18)
cfn=(2662)
calls=4 0 
0 384
0 12
cob=(2)
cfi=(18)
cfn=(2742)
calls=4 0 
0 12475
0 52

fn=(9224)
0 34
cob=(2)
cfi=(18)
cfn=(9166)
calls=2 0 
0 46
0 30
cfn=(9232)
calls=1 0 
0 324
0 9
cfn=(9232)
calls=1 0 
0 1966
0 53
cob=(2)
cfi=(18)
cfn=(9226)
calls=1 0 
0 2140
0 6

fn=(9246)
0 90

fn=(9906) std::__cxx11::basic_string<char, std::char_traits<char>, std::allocator<char> >::~basic_string()
0 6

fn=(10394) 0x00000000000a8270
0 4
cob=(2)
cfi=(18)
cfn=(10388)
calls=1 0 
0 4

fn=(10398)
0 5

ob=(34)
fl=(225)
fn=(3620) MiceGame::wonPlayer2() const
0 12
cfn=(3592) Player::numOfFigures() const
calls=3 0 
0 9
0 12

fn=(2252) _GLOBAL__sub_I_test.cpp
0 2
cfn=(2254) __static_initialization_and_destruction_0(int, int) [clone .constprop.0]
calls=1 0 
0 247088

fn=(2894) std::vector<std::__cxx11::basic_string<char, std::char_traits<char>, std::allocator<char> >, std::allocator<std::__cxx11::basic_string<char, std::char_traits<char>, std::allocator<char> > > >::vector(std::vector<std::__cxx11::basic_string<char, std::char_traits<char>, std::allocator<char> >, std::allocator<std::__cxx11::basic_string<char, std::char_traits<char>, std::allocator<char> > > > const&)
0 3077
cob=(2)
cfi=(18)
cfn=(2798)
calls=145 0 
0 20681
0 2628
cfn=(2812) void std::__cxx11::basic_string<char, std::char_traits<char>, std::allocator<char> >::_M_construct<char*>(char*, char*, std::forward_iterator_tag) [clone .constprop.0]
calls=145 0 
0 9887
0 182
cfn=(2812)
calls=26 0 
0 1599
0 1717

fn=(2940) Catch::Session::Session()
0 13
cfn=(2800) Catch::NonCopyable::NonCopyable()
calls=1 0 
0 5
0 12
cob=(2)
cfi=(18)
cfn=(2798)
calls=1 0 
0 57
0 13
cfn=(2790) void std::__cxx11::basic_string<char, std::char_traits<char>, std::allocator<char> >::_M_construct<char const*>(char const*, char const*, std::forward_iterator_tag)
calls=1 0 
0 56
0 47
cfn=(2790)
calls=1 0 
0 58
0 12
cfn=(2942) Catch::getRegistryHub()
calls=1 0 
0 5
0 8
cfn=(2944) Catch::StartupExceptionRegistry::getExceptions() const
calls=1 0 
0 3
0 9
cfn=(2946) Catch::makeCommandLineParser(Catch::ConfigData&)
calls=1 0 
0 1192692
0 10
cfn=(2818) std::_Sp_counted_base<(__gnu_cxx::_Lock_policy)2>::_M_release()
calls=1 0 
0 144
0 43
cfn=(2968) Catch::clara::detail::Parser::~Parser()
calls=1 0 
0 33
0 11

fn=(2982) void std::vector<Catch::clara::detail::Arg, std::allocator<Catch::clara::detail::Arg> >::_M_realloc_insert<Catch::clara::detail::Arg const&>(__gnu_cxx::__normal_iterator<Catch::clara::detail::Arg*, std::vector<Catch::clara::detail::Arg, std::allocator<Catch::clara::detail::Arg> > >, Catch::clara::detail::Arg const&)
0 26
cob=(2)
cfi=(18)
cfn=(2798)
calls=1 0 
0 223
0 24
cfn=(2812)
calls=1 0 
0 292
0 7
cfn=(2812)
calls=1 0 
0 292
0 30

fn=(3010) std::vector<Catch::clara::detail::Token, std::allocator<Catch::clara::detail::Token> >::vector(std::vector<Catch::clara::detail::Token, std::allocator<Catch::clara::detail::Token> > const&)
0 144

fn=(3022) Catch::Config::Config(Catch::ConfigData const&)
0 14
cfn=(2800)
calls=1 0 
0 5
0 39
cfn=(2812)
calls=1 0 
0 33
0 7
cfn=(2812)
calls=1 0 
0 33
0 7
cfn=(2812)
calls=1 0 
0 57
0 7
cfn=(2812)
calls=1 0 
0 57
0 4
cfn=(2894)
calls=1 0 
0 34
0 3
cfn=(2894)
calls=1 0 
0 34
0 2
cfn=(3024) Catch::Config::openStream()
calls=1 0 
0 3140
0 23
cfn=(3034) Catch::ITagAliasRegistry::get()
calls=1 0 
0 17
0 4
cfn=(3036) Catch::TestSpecParser::TestSpecParser(Catch::ITagAliasRegistry const&)
calls=1 0 
0 31
0 7
cfn=(3038) Catch::TestSpecParser::testSpec()
calls=1 0 
0 69
0 91

fn=(3034)
0 3
cfn=(2942)
calls=1 0 
0 5
0 9

fn=(3040) Catch::TestSpecParser::addFilter()
0 5

fn=(3044) Catch::list(std::shared_ptr<Catch::Config> const&)
0 48
cfn=(2818)
calls=1 0 
0 16
0 2
cfn=(3048) Catch::Config::listTests() const
calls=1 0 
0 3
0 4
cfn=(3050) Catch::Config::listTestNamesOnly() const
calls=1 0 
0 3
0 4
cfn=(3052) Catch::Config::listTags() const
calls=1 0 
0 3
0 4
cfn=(3054) Catch::Config::listReporters() const
calls=1 0 
0 3
0 13
cfn=(3046) Catch::IMutableContext::createContext()
calls=1 0 
0 94
0 2

fn=(3074) Catch::ReporterConfig::fullConfig() const
0 24

fn=(3076) Catch::ReporterConfig::stream() const
0 6

fn=(3102) Catch::ConsoleReporter::testRunStarting(Catch::TestRunInfo const&)
0 18
cfn=(2812)
calls=1 0 
0 57
0 7
cfn=(3104) Catch::ConsoleReporter::printTestFilters()
calls=1 0 
0 32

fn=(3108) Catch::getAllTestCasesSorted(Catch::IConfig const&)
0 4
cfn=(2942)
calls=1 0 
0 5
0 12
cfn=(3110) Catch::TestRegistry::getAllTestsSorted(Catch::IConfig const&) const
calls=1 0 
0 58366

fn=(3110)
0 41
cfn=(3122) Catch::sortTests(Catch::IConfig const&, std::vector<Catch::TestCase, std::allocator<Catch::TestCase> > const&)
calls=1 0 
0 20473
0 17
cfn=(3124) std::vector<Catch::TestCase, std::allocator<Catch::TestCase> >::~vector()
calls=1 0 
0 18
0 2
cfn=(3124)
calls=1 0 
0 18
0 9
cfn=(3112) Catch::enforceNoDuplicateTestCases(std::vector<Catch::TestCase, std::allocator<Catch::TestCase> > const&)
calls=1 0 
0 37787
0 1

fn=(3130) Catch::TestCaseInfo::isHidden() const
0 95

fn=(3190) Catch::TestCaseTracking::TrackerBase::open()
0 1090
cfn=(3192) Catch::TestCaseTracking::TrackerBase::moveToThis()
calls=218 0 
0 1526
0 1526
cfn=(3196) Catch::TestCaseTracking::TrackerBase::openChild()
calls=218 0 
0 2028

fn=(3194) Catch::TestCaseTracking::TrackerContext::setCurrentTracker(Catch::TestCaseTracking::ITracker*)
0 1308

fn=(3196)
0 1450
cfn=(3197) Catch::TestCaseTracking::TrackerBase::openChild()'2
calls=120 0 
0 480
0 98

fn=(3197)
0 480

fn=(3208) Catch::getCurrentNanosecondsSinceEpoch()
0 4395
cob=(2)
cfi=(18)
cfn=(3210)
calls=1465 0 
0 59720
0 2930

fn=(3248) void std::vector<Catch::TestCaseTracking::ITracker*, std::allocator<Catch::TestCaseTracking::ITracker*> >::_M_realloc_insert<Catch::TestCaseTracking::ITracker*>(__gnu_cxx::__normal_iterator<Catch::TestCaseTracking::ITracker**, std::vector<Catch::TestCaseTracking::ITracker*, std::allocator<Catch::TestCaseTracking::ITracker*> > >, Catch::TestCaseTracking::ITracker*&&)
0 58
cob=(2)
cfi=(18)
cfn=(2798)
calls=2 0 
0 448
0 53
cob=(2)
cfi=(18)
cfn=(3342)
calls=1 0 
0 15
0 6
cob=(2)
cfi=(18)
cfn=(2878)
calls=1 0 
0 88
0 10

fn=(3252) Catch::Section::operator bool() const
0 3447

fn=(3314) Catch::RunContext::testForMissingAssertions(Catch::Counts&)
0 1744
cfn=(3316) Catch::Counts::total() const
calls=218 0 
0 1090
0 1744

fn=(3366) QVector<QVector<int> >::freeData(QTypedArrayData<QVector<int> >*) [clone .isra.0]
0 961
cob=(2)
cfi=(18)
cfn=(3358)
calls=37 0 
0 3330
0 354
cob=(2)
cfi=(18)
cfn=(3358)
calls=40 0 
0 3268

fn=(3374) QVector<int>::reallocData(int, int, QFlags<QArrayData::AllocationOption>)
0 1328
cob=(2)
cfi=(18)
cfn=(3358)
calls=14 0 
0 1260
0 1179
cob=(2)
cfi=(18)
cfn=(3356)
calls=65 0 
0 7792
0 1105
cob=(2)
cfi=(18)
cfn=(2792)
calls=65 0 
0 989
0 845

fn=(3386) Catch::Totals::delta(Catch::Totals const&) const
0 152
cfn=(3388) Catch::Totals::operator-(Catch::Totals const&) const
calls=19 0 
0 1083
0 247

fn=(3392) Catch::Counts::operator+=(Catch::Counts const&)
0 513

fn=(3418) OthelloGame::OthelloGame(GameSettings&)
0 132
cfn=(3420) GameSettings::getgameType()
calls=12 0 
0 36
0 36
cfn=(3254) Othellostate::Othellostate()
calls=12 0 
0 612
0 24
cob=(2)
cfi=(18)
cfn=(2798)
calls=12 0 
0 684
0 48
cfn=(3422) OthelloPlayer::OthelloPlayer(int)
calls=12 0 
0 252
0 36
cob=(2)
cfi=(18)
cfn=(2798)
calls=12 0 
0 766
0 48
cfn=(3422)
calls=12 0 
0 252
0 72
cfn=(3428) OthelloMinMax::OthelloMinMax(GameSettings&)
calls=12 0 
0 924
0 36
cfn=(3432) GameSettings::GameSettings(GameSettings&)
calls=12 0 
0 264
0 72

fn=(3426) Player::setNumOfFigures(int)
0 225

fn=(3444) GameSettings::setDifficultyLevel(GameSettings::GameDifficulty)
0 3

fn=(3448) Catch::AssertionHandler::handleExceptionThrownAsExpected()
0 64
cfn=(3450) Catch::RunContext::handleNonExpr(Catch::AssertionInfo const&, Catch::ResultWas::OfType, Catch::AssertionReaction&)
calls=8 0 
0 5384

fn=(3456) Catch::LazyExpression::LazyExpression(Catch::LazyExpression const&)
0 160

fn=(3500) Othellostate::Othellostate(Othellostate const&)
0 825
cfn=(3256) Othellostate::getOnMove() const
calls=15 0 
0 45
0 195
cfn=(3352) Othellostate::getTableField(int, int) const
calls=15 0 
0 90
0 630
cfn=(3352)
calls=105 0 
0 630
0 3360
cfn=(3352)
calls=840 0 
0 5040
0 5370

fn=(3548) MiceGame::currentPlayer() const
0 3

fn=(3554) MicePlayer::phase() const
0 87

fn=(3600) MiceBoard::getValidMovementsPhase1(int) const
0 10669
cfn=(3540) QVector<QPair<int, int> >::append(QPair<int, int>&&)
calls=86 0 
0 5865
0 459
cfn=(3540)
calls=21 0 
0 3100
0 21

fn=(3602) MiceGame::setMoveIndicator(bool)
0 24

fn=(3608) std::pair<std::__detail::_Node_iterator<int, true, false>, bool> std::_Hashtable<int, int, std::allocator<int>, std::__detail::_Identity, std::equal_to<int>, std::hash<int>, std::__detail::_Mod_range_hashing, std::__detail::_Default_ranged_hash, std::__detail::_Prime_rehash_policy, std::__detail::_Hashtable_traits<false, true, true> >::_M_insert<int const&, std::__detail::_AllocNode<std::allocator<std::__detail::_Hash_node<int, false> > > >(int const&, std::__detail::_AllocNode<std::allocator<std::__detail::_Hash_node<int, false> > > const&, std::integral_constant<bool, true>, unsigned long)
0 122
cob=(2)
cfi=(18)
cfn=(2798)
calls=2 0 
0 114
0 22
cob=(2)
cfi=(18)
cfn=(3522)
calls=2 0 
0 20
0 48

fn=(9200) Catch::Counts::allPassed() const
0 14

fn=(9314) Catch::cleanUp()
0 6
cfn=(9316) Catch::cleanupSingletons()
calls=2 0 
0 20517
0 4
cfn=(9384) Catch::cleanUpContext()
calls=2 0 
0 176

fn=(9316)
0 28
cfn=(9318) non-virtual thunk to Catch::Singleton<Catch::(anonymous namespace)::RegistryHub, Catch::IRegistryHub, Catch::IMutableRegistryHub>::~Singleton()
calls=1 0 
0 20079
0 13
cob=(2)
cfi=(18)
cfn=(2878)
calls=1 0 
0 108
0 6
cob=(2)
cfi=(18)
cfn=(3436)
calls=2 0 
0 204
0 11
cfn=(2804) Catch::(anonymous namespace)::getSingletons() [clone .part.0]
calls=1 0 
0 66
0 2

fn=(9340) Catch::ReporterRegistrar<Catch::XmlReporter>::ReporterFactory::~ReporterFactory()
0 5
cfn=(9342) Catch::IReporterFactory::~IReporterFactory()
calls=1 0 
0 2

fn=(9358) std::_Sp_counted_ptr_inplace<Catch::ReporterRegistrar<Catch::CompactReporter>::ReporterFactory, std::allocator<Catch::ReporterRegistrar<Catch::CompactReporter>::ReporterFactory>, (__gnu_cxx::_Lock_policy)2>::_M_dispose()
0 6
cfn=(9360) Catch::ReporterRegistrar<Catch::CompactReporter>::ReporterFactory::~ReporterFactory()
calls=1 0 
0 7

fn=(9372) Catch::TestInvokerAsFunction::~TestInvokerAsFunction()
0 133
cfn=(9374) Catch::ITestInvoker::~ITestInvoker()
calls=19 0 
0 38
0 76
cob=(2)
cfi=(18)
cfn=(3436)
calls=19 0 
0 2128

fn=(9380) Catch::IMutableRegistryHub::~IMutableRegistryHub()
0 2

fn=(9412) std::_Sp_counted_ptr_inplace<Catch::clara::detail::BoundFlagLambda<Catch::clara::detail::Help::Help(bool&)::{lambda(bool)#1}>, std::allocator<Catch::clara::detail::Help::Help(bool&)::{lambda(bool)#1}>, (__gnu_cxx::_Lock_policy)2>::_M_destroy()
0 2
cob=(2)
cfi=(18)
cfn=(2878)
calls=1 0 
0 108

fn=(9414) std::_Sp_counted_ptr_inplace<Catch::clara::detail::BoundFlagRef, std::allocator<Catch::clara::detail::BoundFlagRef>, (__gnu_cxx::_Lock_policy)2>::_M_dispose()
0 66
cfn=(9416) Catch::clara::detail::BoundFlagRef::~BoundFlagRef()
calls=11 0 
0 22

fn=(9416)
0 22

fn=(9442) std::_Sp_counted_ptr_inplace<Catch::clara::detail::BoundLambda<Catch::makeCommandLineParser(Catch::ConfigData&)::{lambda(bool)#11}>, std::allocator<Catch::makeCommandLineParser(Catch::ConfigData&)::{lambda(bool)#11}>, (__gnu_cxx::_Lock_policy)2>::_M_dispose()
0 2

fn=(9458) std::_Sp_counted_ptr_inplace<Catch::clara::detail::BoundLambda<Catch::makeCommandLineParser(Catch::ConfigData&)::{lambda(std::__cxx11::basic_string<char, std::char_traits<char>, std::allocator<char> > const&)#7}>, std::allocator<Catch::makeCommandLineParser(Catch::ConfigData&)::{lambda(std::__cxx11::basic_string<char, std::char_traits<char>, std::allocator<char> > const&)#7}>, (__gnu_cxx::_Lock_policy)2>::_M_destroy()
0 2
cob=(2)
cfi=(18)
cfn=(2878)
calls=1 0 
0 108

fn=(9464) std::_Sp_counted_ptr_inplace<Catch::clara::detail::BoundLambda<Catch::makeCommandLineParser(Catch::ConfigData&)::{lambda(std::__cxx11::basic_string<char, std::char_traits<char>, std::allocator<char> > const&)#4}>, std::allocator<Catch::makeCommandLineParser(Catch::ConfigData&)::{lambda(std::__cxx11::basic_string<char, std::char_traits<char>, std::allocator<char> > const&)#4}>, (__gnu_cxx::_Lock_policy)2>::_M_dispose()
0 2

fn=(9476) std::_Sp_counted_ptr_inplace<Catch::clara::detail::BoundValueRef<unsigned int>, std::allocator<Catch::clara::detail::BoundValueRef<unsigned int> >, (__gnu_cxx::_Lock_policy)2>::_M_dispose()
0 12
cfn=(9478) Catch::clara::detail::BoundValueRef<unsigned int>::~BoundValueRef()
calls=2 0 
0 4

fn=(2254)
0 12
cob=(2)
cfi=(18)
cfn=(2256)
calls=1 0 
0 120733
0 4
cob=(2)
cfi=(18)
cfn=(2784)
calls=1 0 
0 74
0 4
cfn=(2786) std::__cxx11::basic_string<char, std::char_traits<char>, std::allocator<char> >::basic_string<std::allocator<char> >(char const*, std::allocator<char> const&) [clone .constprop.0]
calls=1 0 
0 97
0 5
cob=(2)
cfi=(18)
cfn=(2784)
calls=1 0 
0 74
0 3
cfn=(2786)
calls=1 0 
0 95
0 3
cfn=(2794) Catch::ReporterRegistrar<Catch::CompactReporter>::ReporterRegistrar(std::__cxx11::basic_string<char, std::char_traits<char>, std::allocator<char> > const&)
calls=1 0 
0 1409
0 7
cfn=(2786)
calls=1 0 
0 103
0 3
cfn=(2820) Catch::ReporterRegistrar<Catch::ConsoleReporter>::ReporterRegistrar(std::__cxx11::basic_string<char, std::char_traits<char>, std::allocator<char> > const&)
calls=1 0 
0 1737
0 6
cfn=(2786)
calls=1 0 
0 95
0 3
cfn=(2832) Catch::ReporterRegistrar<Catch::JunitReporter>::ReporterRegistrar(std::__cxx11::basic_string<char, std::char_traits<char>, std::allocator<char> > const&)
calls=1 0 
0 843
0 6
cfn=(2786)
calls=1 0 
0 101
0 3
cfn=(2834) Catch::ReporterRegistrar<Catch::XmlReporter>::ReporterRegistrar(std::__cxx11::basic_string<char, std::char_traits<char>, std::allocator<char> > const&)
calls=1 0 
0 809
0 10
cfn=(2836) Catch::LeakDetector::LeakDetector()
calls=1 0 
0 2
0 5
cob=(2)
cfi=(18)
cfn=(2784)
calls=1 0 
0 74
0 3
cfn=(2838) Catch::StringRef::StringRef(char const*)
calls=1 0 
0 36
0 3
cfn=(2838)
calls=1 0 
0 40
0 4
cfn=(2840) Catch::NameAndTags::NameAndTags(Catch::StringRef const&, Catch::StringRef const&)
calls=1 0 
0 6
0 8
cfn=(2842) Catch::makeTestInvoker(void (*)())
calls=1 0 
0 980
0 6
cfn=(2854) Catch::AutoReg::AutoReg(Catch::ITestInvoker*, Catch::SourceLineInfo const&, Catch::StringRef const&, Catch::NameAndTags const&)
calls=1 0 
0 11547
0 5
cob=(2)
cfi=(18)
cfn=(2784)
calls=1 0 
0 74
0 3
cfn=(2838)
calls=1 0 
0 32
0 3
cfn=(2838)
calls=1 0 
0 36
0 4
cfn=(2840)
calls=1 0 
0 6
0 8
cfn=(2842)
calls=1 0 
0 89
0 6
cfn=(2854)
calls=1 0 
0 6283
0 4
cob=(2)
cfi=(18)
cfn=(2784)
calls=1 0 
0 74
0 3
cfn=(2838)
calls=1 0 
0 36
0 3
cfn=(2838)
calls=1 0 
0 32
0 4
cfn=(2840)
calls=1 0 
0 6
0 8
cfn=(2842)
calls=1 0 
0 89
0 6
cfn=(2854)
calls=1 0 
0 5130
0 4
cob=(2)
cfi=(18)
cfn=(2784)
calls=1 0 
0 74
0 3
cfn=(2838)
calls=1 0 
0 32
0 3
cfn=(2838)
calls=1 0 
0 32
0 4
cfn=(2840)
calls=1 0 
0 6
0 8
cfn=(2842)
calls=1 0 
0 236
0 6
cfn=(2854)
calls=1 0 
0 4705
0 4
cob=(2)
cfi=(18)
cfn=(2784)
calls=1 0 
0 74
0 3
cfn=(2838)
calls=1 0 
0 32
0 3
cfn=(2838)
calls=1 0 
0 32
0 4
cfn=(2840)
calls=1 0 
0 6
0 8
cfn=(2842)
calls=1 0 
0 236
0 6
cfn=(2854)
calls=1 0 
0 5465
0 4
cob=(2)
cfi=(18)
cfn=(2784)
calls=1 0 
0 74
0 3
cfn=(2838)
calls=1 0 
0 32
0 3
cfn=(2838)
calls=1 0 
0 32
0 4
cfn=(2840)
calls=1 0 
0 6
0 8
cfn=(2842)
calls=1 0 
0 236
0 6
cfn=(2854)
calls=1 0 
0 4591
0 4
cob=(2)
cfi=(18)
cfn=(2784)
calls=1 0 
0 74
0 3
cfn=(2838)
calls=1 0 
0 36
0 3
cfn=(2838)
calls=1 0 
0 36
0 4
cfn=(2840)
calls=1 0 
0 6
0 8
cfn=(2842)
calls=1 0 
0 236
0 6
cfn=(2854)
calls=1 0 
0 5810
0 4
cob=(2)
cfi=(18)
cfn=(2784)
calls=1 0 
0 74
0 3
cfn=(2838)
calls=1 0 
0 32
0 3
cfn=(2838)
calls=1 0 
0 32
0 4
cfn=(2840)
calls=1 0 
0 6
0 8
cfn=(2842)
calls=1 0 
0 236
0 6
cfn=(2854)
calls=1 0 
0 5668
0 4
cob=(2)
cfi=(18)
cfn=(2784)
calls=1 0 
0 74
0 3
cfn=(2838)
calls=1 0 
0 40
0 3
cfn=(2838)
calls=1 0 
0 32
0 4
cfn=(2840)
calls=1 0 
0 6
0 8
cfn=(2842)
calls=1 0 
0 236
0 6
cfn=(2854)
calls=1 0 
0 6584
0 4
cob=(2)
cfi=(18)
cfn=(2784)
calls=1 0 
0 74
0 3
cfn=(2838)
calls=1 0 
0 40
0 3
cfn=(2838)
calls=1 0 
0 32
0 4
cfn=(2840)
calls=1 0 
0 6
0 8
cfn=(2842)
calls=1 0 
0 89
0 6
cfn=(2854)
calls=1 0 
0 5813
0 4
cob=(2)
cfi=(18)
cfn=(2784)
calls=1 0 
0 74
0 3
cfn=(2838)
calls=1 0 
0 32
0 3
cfn=(2838)
calls=1 0 
0 32
0 4
cfn=(2840)
calls=1 0 
0 6
0 8
cfn=(2842)
calls=1 0 
0 255
0 6
cfn=(2854)
calls=1 0 
0 5478
0 4
cob=(2)
cfi=(18)
cfn=(2784)
calls=1 0 
0 74
0 3
cfn=(2838)
calls=1 0 
0 32
0 3
cfn=(2838)
calls=1 0 
0 32
0 4
cfn=(2840)
calls=1 0 
0 6
0 8
cfn=(2842)
calls=1 0 
0 89
0 6
cfn=(2854)
calls=1 0 
0 5636
0 4
cob=(2)
cfi=(18)
cfn=(2784)
calls=1 0 
0 74
0 3
cfn=(2838)
calls=1 0 
0 40
0 3
cfn=(2838)
calls=1 0 
0 32
0 4
cfn=(2840)
calls=1 0 
0 6
0 8
cfn=(2842)
calls=1 0 
0 253
0 6
cfn=(2854)
calls=1 0 
0 5470
0 4
cob=(2)
cfi=(18)
cfn=(2784)
calls=1 0 
0 74
0 3
cfn=(2838)
calls=1 0 
0 32
0 3
cfn=(2838)
calls=1 0 
0 32
0 4
cfn=(2840)
calls=1 0 
0 6
0 8
cfn=(2842)
calls=1 0 
0 253
0 6
cfn=(2854)
calls=1 0 
0 5470
0 4
cob=(2)
cfi=(18)
cfn=(2784)
calls=1 0 
0 74
0 3
cfn=(2838)
calls=1 0 
0 40
0 3
cfn=(2838)
calls=1 0 
0 36
0 4
cfn=(2840)
calls=1 0 
0 6
0 8
cfn=(2842)
calls=1 0 
0 89
0 6
cfn=(2854)
calls=1 0 
0 5748
0 4
cob=(2)
cfi=(18)
cfn=(2784)
calls=1 0 
0 74
0 3
cfn=(2838)
calls=1 0 
0 32
0 3
cfn=(2838)
calls=1 0 
0 32
0 4
cfn=(2840)
calls=1 0 
0 6
0 8
cfn=(2842)
calls=1 0 
0 89
0 6
cfn=(2854)
calls=1 0 
0 5824
0 4
cob=(2)
cfi=(18)
cfn=(2784)
calls=1 0 
0 74
0 3
cfn=(2838)
calls=1 0 
0 40
0 3
cfn=(2838)
calls=1 0 
0 32
0 4
cfn=(2840)
calls=1 0 
0 6
0 8
cfn=(2842)
calls=1 0 
0 89
0 6
cfn=(2854)
calls=1 0 
0 7664
0 4
cob=(2)
cfi=(18)
cfn=(2784)
calls=1 0 
0 74
0 3
cfn=(2838)
calls=1 0 
0 32
0 3
cfn=(2838)
calls=1 0 
0 32
0 4
cfn=(2840)
calls=1 0 
0 6
0 8
cfn=(2842)
calls=1 0 
0 89
0 6
cfn=(2854)
calls=1 0 
0 6090
0 4
cob=(2)
cfi=(18)
cfn=(2784)
calls=1 0 
0 74
0 3
cfn=(2838)
calls=1 0 
0 32
0 3
cfn=(2838)
calls=1 0 
0 32
0 4
cfn=(2840)
calls=1 0 
0 6
0 8
cfn=(2842)
calls=1 0 
0 255
0 6
cfn=(2854)
calls=1 0 
0 4316
0 4
cob=(2)
cfi=(18)
cfn=(2784)
calls=1 0 
0 74
0 11

fn=(2794)
0 10
cfn=(2796) Catch::getMutableRegistryHub()
calls=1 0 
0 804
0 5
cob=(2)
cfi=(18)
cfn=(2798)
calls=1 0 
0 204
0 18
cfn=(2808) Catch::ReporterRegistry::registerReporter(std::__cxx11::basic_string<char, std::char_traits<char>, std::allocator<char> > const&, std::shared_ptr<Catch::IReporterFactory> const&)
calls=1 0 
0 340
0 4
cfn=(2818)
calls=1 0 
0 16
0 8

fn=(2812)
0 360389
cob=(2)
cfi=(18)
cfn=(2888)
calls=5348 0 
0 541308
0 37436
cob=(2)
cfi=(18)
cfn=(2792)
calls=5348 0 
0 112587
0 9201
cob=(2)
cfi=(18)
cfn=(2792)
calls=3067 0 
0 51109
0 25245

fn=(2858) Catch::startsWith(std::__cxx11::basic_string<char, std::char_traits<char>, std::allocator<char> > const&, char)
0 735

fn=(2860) Catch::makeTestCase(Catch::ITestInvoker*, std::__cxx11::basic_string<char, std::char_traits<char>, std::allocator<char> > const&, Catch::NameAndTags const&, Catch::SourceLineInfo const&)
0 4323
cfn=(2862) Catch::(anonymous namespace)::parseSpecialTag(std::__cxx11::basic_string<char, std::char_traits<char>, std::allocator<char> > const&)
calls=20 0 
0 11262
0 140
cfn=(2858)
calls=20 0 
0 160
0 432
cfn=(2790)
calls=19 0 
0 3131
0 152
cfn=(2892) Catch::TestCaseInfo::TestCaseInfo(std::__cxx11::basic_string<char, std::char_traits<char>, std::allocator<char> > const&, std::__cxx11::basic_string<char, std::char_traits<char>, std::allocator<char> > const&, std::__cxx11::basic_string<char, std::char_traits<char>, std::allocator<char> > const&, std::vector<std::__cxx11::basic_string<char, std::char_traits<char>, std::allocator<char> >, std::allocator<std::__cxx11::basic_string<char, std::char_traits<char>, std::allocator<char> > > > const&, Catch::SourceLineInfo const&)
calls=19 0 
0 35279
0 71
cob=(2)
cfi=(18)
cfn=(2878)
calls=14 0 
0 1232
0 76
cfn=(2910) Catch::TestCase::TestCase(Catch::ITestInvoker*, Catch::TestCaseInfo&&)
calls=19 0 
0 3763
0 38
cfn=(2912) Catch::TestCaseInfo::~TestCaseInfo()
calls=19 0 
0 627
0 425
cob=(2)
cfi=(18)
cfn=(2878)
calls=19 0 
0 1672
0 308
cfn=(2876) void std::vector<std::__cxx11::basic_string<char, std::char_traits<char>, std::allocator<char> >, std::allocator<std::__cxx11::basic_string<char, std::char_traits<char>, std::allocator<char> > > >::_M_realloc_insert<std::__cxx11::basic_string<char, std::char_traits<char>, std::allocator<char> > const&>(__gnu_cxx::__normal_iterator<std::__cxx11::basic_string<char, std::char_traits<char>, std::allocator<char> >*, std::vector<std::__cxx11::basic_string<char, std::char_traits<char>, std::allocator<char> >, std::allocator<std::__cxx11::basic_string<char, std::char_traits<char>, std::allocator<char> > > > >, std::__cxx11::basic_string<char, std::char_traits<char>, std::allocator<char> > const&)
calls=20 0 
0 4948
0 60
cfn=(2862)
calls=20 0 
0 10172
0 140
cob=(2)
cfi=(18)
cfn=(2872)
calls=20 0 
0 200
0 40

fn=(2910)
0 1277
cob=(2)
cfi=(18)
cfn=(2798)
calls=19 0 
0 2148
0 338

fn=(2964) Catch::clara::detail::Parser Catch::clara::detail::ComposableParserImpl<Catch::clara::detail::ExeName>::operator|<Catch::clara::detail::Help>(Catch::clara::detail::Help const&) const
0 27
cob=(2)
cfi=(18)
cfn=(2798)
calls=1 0 
0 204
0 13
cfn=(2790)
calls=1 0 
0 56
0 15
cfn=(2966) Catch::clara::detail::Parser::Parser(Catch::clara::detail::Parser const&)
calls=1 0 
0 87
0 15
cfn=(2818)
calls=1 0 
0 16
0 20
cfn=(2966)
calls=1 0 
0 90
0 2
cfn=(2968)
calls=1 0 
0 48
0 3
cfn=(2966)
calls=1 0 
0 90
0 6
cfn=(2966)
calls=1 0 
0 1076
0 2
cfn=(2968)
calls=1 0 
0 386
0 2
cfn=(2968)
calls=1 0 
0 48
0 2
cfn=(2968)
calls=1 0 
0 148
0 16
cfn=(2970) void std::vector<Catch::clara::detail::Opt, std::allocator<Catch::clara::detail::Opt> >::_M_realloc_insert<Catch::clara::detail::Opt const&>(__gnu_cxx::__normal_iterator<Catch::clara::detail::Opt*, std::vector<Catch::clara::detail::Opt, std::allocator<Catch::clara::detail::Opt> > >, Catch::clara::detail::Opt const&)
calls=1 0 
0 911
0 1

fn=(2968)
0 826
cfn=(2984) Catch::clara::detail::Arg::~Arg()
calls=2 0 
0 586
0 146
cob=(2)
cfi=(18)
cfn=(2878)
calls=2 0 
0 196
0 4488
cfn=(2972) Catch::clara::detail::Opt::~Opt()
calls=1054 0 
0 285400
0 2436
cob=(2)
cfi=(18)
cfn=(2878)
calls=64 0 
0 28528
0 1875
cfn=(9420) std::_Sp_counted_ptr_inplace<Catch::clara::detail::BoundValueRef<std::__cxx11::basic_string<char, std::char_traits<char>, std::allocator<char> > >, std::allocator<Catch::clara::detail::BoundValueRef<std::__cxx11::basic_string<char, std::char_traits<char>, std::allocator<char> > > >, (__gnu_cxx::_Lock_policy)2>::_M_dispose()
calls=1 0 
0 8
0 9
cfn=(9424) std::_Sp_counted_ptr_inplace<Catch::clara::detail::BoundValueRef<std::__cxx11::basic_string<char, std::char_traits<char>, std::allocator<char> > >, std::allocator<Catch::clara::detail::BoundValueRef<std::__cxx11::basic_string<char, std::char_traits<char>, std::allocator<char> > > >, (__gnu_cxx::_Lock_policy)2>::_M_destroy()
calls=1 0 
0 108
0 7
cfn=(2974) std::_Sp_counted_ptr_inplace<std::__cxx11::basic_string<char, std::char_traits<char>, std::allocator<char> >, std::allocator<std::__cxx11::basic_string<char, std::char_traits<char>, std::allocator<char> > >, (__gnu_cxx::_Lock_policy)2>::_M_dispose()
calls=2 0 
0 12
0 26
cfn=(2976) std::_Sp_counted_ptr_inplace<std::__cxx11::basic_string<char, std::char_traits<char>, std::allocator<char> >, std::allocator<std::__cxx11::basic_string<char, std::char_traits<char>, std::allocator<char> > >, (__gnu_cxx::_Lock_policy)2>::_M_destroy()
calls=2 0 
0 198

fn=(3060) Catch::ReporterRegistry::create(std::__cxx11::basic_string<char, std::char_traits<char>, std::allocator<char> > const&, std::shared_ptr<Catch::IConfig const> const&) const
0 17
cfn=(3062) std::_Rb_tree<std::__cxx11::basic_string<char, std::char_traits<char>, std::allocator<char> >, std::pair<std::__cxx11::basic_string<char, std::char_traits<char>, std::allocator<char> > const, std::shared_ptr<Catch::IReporterFactory> >, std::_Select1st<std::pair<std::__cxx11::basic_string<char, std::char_traits<char>, std::allocator<char> > const, std::shared_ptr<Catch::IReporterFactory> > >, std::less<std::__cxx11::basic_string<char, std::char_traits<char>, std::allocator<char> > >, std::allocator<std::pair<std::__cxx11::basic_string<char, std::char_traits<char>, std::allocator<char> > const, std::shared_ptr<Catch::IReporterFactory> > > >::find(std::__cxx11::basic_string<char, std::char_traits<char>, std::allocator<char> > const&) const
calls=1 0 
0 159
0 9
cfn=(3064) Catch::ReporterConfig::ReporterConfig(std::shared_ptr<Catch::IConfig const> const&)
calls=1 0 
0 30
0 4
cfn=(3070) Catch::ReporterRegistrar<Catch::ConsoleReporter>::ReporterFactory::create(Catch::ReporterConfig const&) const
calls=1 0 
0 4398
0 4
cfn=(2818)
calls=1 0 
0 16
0 11

fn=(3062)
0 38
cob=(2)
cfi=(18)
cfn=(2822)
calls=2 0 
0 48
0 30
cob=(2)
cfi=(18)
cfn=(2822)
calls=1 0 
0 23
0 20

fn=(3068) Catch::Detail::(anonymous namespace)::CoutStream::stream() const
0 27

fn=(3080) std::_Rb_tree<Catch::Verbosity, Catch::Verbosity, std::_Identity<Catch::Verbosity>, std::less<Catch::Verbosity>, std::allocator<Catch::Verbosity> >::_M_get_insert_unique_pos(Catch::Verbosity const&)
0 17

fn=(3114) Catch::TestCase::operator<(Catch::TestCase const&) const
0 1316
cob=(2)
cfi=(18)
cfn=(2822)
calls=94 0 
0 2395
0 658

fn=(3126) Catch::TestSpec::matchesByFilter(std::vector<Catch::TestCase, std::allocator<Catch::TestCase> > const&, Catch::IConfig const&) const
0 55

fn=(3156) Catch::trim(std::__cxx11::basic_string<char, std::char_traits<char>, std::allocator<char> > const&)
0 1551
cob=(2)
cfi=(18)
cfn=(3158)
calls=141 0 
0 7090
0 846
cob=(2)
cfi=(18)
cfn=(3162)
calls=141 0 
0 7857
0 2397
cfn=(2790)
calls=141 0 
0 27664
0 705

fn=(3172) Catch::TestCaseTracking::SectionTracker::acquire(Catch::TestCaseTracking::TrackerContext&, Catch::TestCaseTracking::NameAndLocation const&)
0 17458
cfn=(3174) Catch::TestCaseTracking::TrackerContext::currentTracker()
calls=1247 0 
0 3741
0 7482
cfn=(3176) Catch::TestCaseTracking::TrackerBase::findChild(Catch::TestCaseTracking::NameAndLocation const&)
calls=1247 0 
0 247324
0 7116
cfn=(3166) Catch::ListeningReporter::isMulti() const
calls=1125 0 
0 3375
0 14869
cfn=(2818)
calls=1125 0 
0 18000
0 2494
cfn=(3182) Catch::TestCaseTracking::TrackerContext::completedCycle() const
calls=1247 0 
0 4988
0 7482
cfn=(2818)
calls=1247 0 
0 19952
0 16442
cfn=(3184) Catch::TestCaseTracking::SectionTracker::tryOpen()
calls=739 0 
0 27080
0 983
cob=(2)
cfi=(18)
cfn=(2798)
calls=122 0 
0 14908
0 1464
cfn=(3152) Catch::TestCaseTracking::SectionTracker::SectionTracker(Catch::TestCaseTracking::NameAndLocation const&, Catch::TestCaseTracking::TrackerContext&, Catch::TestCaseTracking::ITracker*)
calls=122 0 
0 77295
0 2640
cfn=(2818)
calls=122 0 
0 1952
0 499
cfn=(3180) void std::vector<std::shared_ptr<Catch::TestCaseTracking::ITracker>, std::allocator<std::shared_ptr<Catch::TestCaseTracking::ITracker> > >::_M_realloc_insert<std::shared_ptr<Catch::TestCaseTracking::ITracker> const&>(__gnu_cxx::__normal_iterator<std::shared_ptr<Catch::TestCaseTracking::ITracker>*, std::vector<std::shared_ptr<Catch::TestCaseTracking::ITracker>, std::allocator<std::shared_ptr<Catch::TestCaseTracking::ITracker> > > >, std::shared_ptr<Catch::TestCaseTracking::ITracker> const&)
calls=85 0 
0 19120
0 85

fn=(3174)
0 4395

fn=(3184)
0 3695
cfn=(3186) Catch::TestCaseTracking::SectionTracker::isComplete() const
calls=739 0 
0 14041
0 3174
cfn=(3190)
calls=218 0 
0 6170

fn=(3202) Catch::ConsoleReporter::sectionStarting(Catch::SectionInfo const&)
0 5647
cfn=(2812)
calls=215 0 
0 25126
0 1505
cfn=(2812)
calls=215 0 
0 7095
0 2837
cfn=(3204) void std::vector<Catch::SectionInfo, std::allocator<Catch::SectionInfo> >::_M_realloc_insert<Catch::SectionInfo const&>(__gnu_cxx::__normal_iterator<Catch::SectionInfo*, std::vector<Catch::SectionInfo, std::allocator<Catch::SectionInfo> > >, Catch::SectionInfo const&)
calls=3 0 
0 1788
0 3

fn=(3206) Catch::Timer::start()
0 4988
cfn=(3208)
calls=1247 0 
0 57235
0 3741

fn=(3310) Catch::RunContext::sectionEnded(Catch::SectionEndInfo const&)
0 2160
cfn=(3312) Catch::Counts::operator-(Catch::Counts const&) const
calls=120 0 
0 1440
0 360
cfn=(3314)
calls=120 0 
0 2520
0 840
cfn=(3318) Catch::TestCaseTracking::TrackerBase::close()
calls=120 0 
0 8434
0 1320
cfn=(3324) Catch::SectionStats::SectionStats(Catch::SectionInfo const&, Catch::Counts const&, double, bool)
calls=120 0 
0 27041
0 360
cfn=(3326) Catch::ConsoleReporter::sectionEnded(Catch::SectionStats const&)
calls=120 0 
0 20400
0 240
cfn=(3330) Catch::SectionStats::~SectionStats()
calls=120 0 
0 12480
0 2280

fn=(3312)
0 3072

fn=(3316)
0 1120

fn=(3318)
0 2834
cfn=(3174)
calls=218 0 
0 654
0 2238
cfn=(3320) Catch::TestCaseTracking::TrackerBase::moveToParent()
calls=3 0 
0 27
0 357
cfn=(3320)
calls=119 0 
0 1071
0 192
cfn=(3320)
calls=96 0 
0 864
0 436
cfn=(3322) Catch::TestCaseTracking::TrackerContext::completeCycle()
calls=218 0 
0 654
0 3816
cfn=(3186)
calls=169 0 
0 3211
0 782
cfn=(3186)
calls=148 0 
0 2812
0 686
cfn=(3186)
calls=130 0 
0 2470
0 1121
cfn=(3186)
calls=177 0 
0 3363
0 718
cfn=(3186)
calls=18 0 
0 342
0 108
cfn=(3186)
calls=18 0 
0 342
0 63
cfn=(3186)
calls=21 0 
0 399
0 190
cfn=(3186)
calls=28 0 
0 532
0 33
cfn=(3186)
calls=11 0 
0 209
0 96

fn=(3328) Catch::shouldShowDuration(Catch::IConfig const&, double)
0 7412

fn=(3352)
0 55926

fn=(3376) OthelloStateController::hasNextMove(Othellostate const&)
0 72
cfn=(3378) OthelloStateController::getNextValidMoves(Othellostate const&)
calls=8 0 
0 205564
0 164
cob=(2)
cfi=(18)
cfn=(3358)
calls=6 0 
0 540
0 6

fn=(3382) QVector<int>::detach()
0 744

fn=(3396) Catch::ConsoleReporter::testCaseEnded(Catch::TestCaseStats const&)
0 323
cfn=(2912)
calls=19 0 
0 5635
0 228

fn=(3400) Catch::Totals::operator+=(Catch::Totals const&)
0 171
cfn=(3392)
calls=19 0 
0 171
0 57
cfn=(3392)
calls=19 0 
0 171
0 95

fn=(3406) std::_Sp_counted_ptr_inplace<Catch::TestCaseTracking::SectionTracker, std::allocator<Catch::TestCaseTracking::SectionTracker>, (__gnu_cxx::_Lock_policy)2>::_M_dispose()
0 114
cfn=(3408) Catch::TestCaseTracking::SectionTracker::~SectionTracker()
calls=19 0 
0 52626

fn=(3407) std::_Sp_counted_ptr_inplace<Catch::TestCaseTracking::SectionTracker, std::allocator<Catch::TestCaseTracking::SectionTracker>, (__gnu_cxx::_Lock_policy)2>::_M_dispose()'2
0 732
cfn=(3409) Catch::TestCaseTracking::SectionTracker::~SectionTracker()'2
calls=122 0 
0 83514

fn=(3428)
0 990
cfn=(3430) GameSettings::getdifficultyLevel()
calls=18 0 
0 54
0 54
cfn=(3430)
calls=18 0 
0 54
0 234

fn=(3434) OthelloGame::~OthelloGame()
0 204
cob=(2)
cfi=(18)
cfn=(3436)
calls=12 0 
0 1857
0 144
cob=(2)
cfi=(18)
cfn=(3436)
calls=12 0 
0 1104
0 60
cfn=(3282) Othellostate::~Othellostate()
calls=12 0 
0 24

fn=(3452) Catch::LazyExpression::LazyExpression(bool)
0 32

fn=(3482) Player::id() const
0 810

fn=(3486) ____C_A_T_C_H____T_E_S_T____40()
0 63
cfn=(2790)
calls=3 0 
0 414
0 21
cfn=(3200) Catch::SectionInfo::SectionInfo(Catch::SourceLineInfo const&, std::__cxx11::basic_string<char, std::char_traits<char>, std::allocator<char> > const&)
calls=3 0 
0 480
0 12
cfn=(3240) Catch::Section::Section(Catch::SectionInfo const&)
calls=3 0 
0 3544
0 33
cob=(2)
cfi=(18)
cfn=(2878)
calls=3 0 
0 264
0 12
cob=(2)
cfi=(18)
cfn=(2878)
calls=3 0 
0 264
0 6
cfn=(3252)
calls=3 0 
0 9
0 9
cfn=(3416) GameSettings::GameSettings()
calls=1 0 
0 4
0 3
cfn=(3418)
calls=1 0 
0 351
0 94
cfn=(3488) OthelloGame::getWinner() const
calls=1 0 
0 1026
0 6
cfn=(2838)
calls=1 0 
0 32
0 13
cfn=(3262) Catch::AssertionHandler::AssertionHandler(Catch::StringRef const&, Catch::SourceLineInfo const&, Catch::StringRef, Catch::ResultDisposition::Flags)
calls=1 0 
0 44
0 6
cfn=(2838)
calls=1 0 
0 36
0 17
cfn=(3264) Catch::AssertionHandler::handleExpr(Catch::ITransientExpression const&)
calls=1 0 
0 68
0 4
cfn=(3274) Catch::ITransientExpression::~ITransientExpression()
calls=1 0 
0 2
0 2
cfn=(3276) Catch::AssertionHandler::complete()
calls=1 0 
0 13
0 2
cfn=(3280) Catch::AssertionHandler::~AssertionHandler()
calls=1 0 
0 4
0 2
cfn=(3434)
calls=1 0 
0 220
0 6
cfn=(3284) Catch::Section::~Section()
calls=3 0 
0 1458
0 18
cfn=(2790)
calls=3 0 
0 414
0 21
cfn=(3200)
calls=3 0 
0 480
0 9
cfn=(3240)
calls=3 0 
0 3903
0 21
cob=(2)
cfi=(18)
cfn=(2878)
calls=3 0 
0 284
0 12
cob=(2)
cfi=(18)
cfn=(2878)
calls=3 0 
0 284
0 6
cfn=(3252)
calls=3 0 
0 9
0 9
cfn=(3416)
calls=1 0 
0 4
0 3
cfn=(3418)
calls=1 0 
0 351
0 94
cfn=(3488)
calls=1 0 
0 1026
0 6
cfn=(2838)
calls=1 0 
0 32
0 13
cfn=(3262)
calls=1 0 
0 44
0 6
cfn=(2838)
calls=1 0 
0 36
0 17
cfn=(3264)
calls=1 0 
0 68
0 4
cfn=(3274)
calls=1 0 
0 2
0 2
cfn=(3276)
calls=1 0 
0 13
0 2
cfn=(3280)
calls=1 0 
0 4
0 2
cfn=(3434)
calls=1 0 
0 220
0 6
cfn=(3284)
calls=3 0 
0 1478
0 18
cfn=(2790)
calls=3 0 
0 414
0 21
cfn=(3200)
calls=3 0 
0 480
0 9
cfn=(3240)
calls=3 0 
0 3618
0 21
cob=(2)
cfi=(18)
cfn=(2878)
calls=3 0 
0 264
0 12
cob=(2)
cfi=(18)
cfn=(2878)
calls=3 0 
0 264
0 6
cfn=(3252)
calls=3 0 
0 9
0 9
cfn=(3416)
calls=1 0 
0 4
0 3
cfn=(3418)
calls=1 0 
0 351
0 62
cfn=(3488)
calls=1 0 
0 1026
0 6
cfn=(2838)
calls=1 0 
0 32
0 13
cfn=(3262)
calls=1 0 
0 44
0 6
cfn=(2838)
calls=1 0 
0 36
0 16
cfn=(3264)
calls=1 0 
0 68
0 4
cfn=(3274)
calls=1 0 
0 2
0 2
cfn=(3276)
calls=1 0 
0 13
0 2
cfn=(3280)
calls=1 0 
0 4
0 2
cfn=(3434)
calls=1 0 
0 220
0 6
cfn=(3284)
calls=3 0 
0 1458
0 33

fn=(3494) OthelloMinMax::getNextAIMove(Othellostate const&) const
0 24
cfn=(3376)
calls=3 0 
0 36732
0 12
cfn=(3496) OthelloMinMax::Min(Othellostate const&, int, int, int) const
calls=1 0 
0 226429
0 16

fn=(3540)
0 19941
cfn=(3542) QVector<QPair<int, int> >::reallocData(int, int, QFlags<QArrayData::AllocationOption>)
calls=182 0 
0 57050
0 20169

fn=(3544) MiceGame::player1() const
0 30

fn=(3560) MiceBoard::getValidMovementsPhase0and2() const
0 48

fn=(3566) std::_Hashtable<int, int, std::allocator<int>, std::__detail::_Identity, std::equal_to<int>, std::hash<int>, std::__detail::_Mod_range_hashing, std::__detail::_Default_ranged_hash, std::__detail::_Prime_rehash_policy, std::__detail::_Hashtable_traits<false, true, true> >::clear()
0 424
cob=(2)
cfi=(18)
cfn=(2878)
calls=34 0 
0 3352
0 2088
cob=(2)
cfi=(18)
cfn=(2878)
calls=696 0 
0 73382
0 1640
cob=(2)
cfi=(18)
cfn=(3536)
calls=36 0 
0 1304
0 216

fn=(3570) MiceGame::playMove()
0 24
cfn=(3552) MiceGame::currentPlayerPhase() const
calls=6 0 
0 36
0 22
cfn=(3572) MiceGame::playMovePhase0()
calls=4 0 
0 799
0 24
cfn=(3580) MiceGame::formsMill(int) const
calls=6 0 
0 790
0 26
cfn=(3606) MiceGame::playMovePhase1And2()
calls=2 0 
0 720
0 14
cfn=(3588) MiceGame::otherPlayer() const
calls=6 0 
0 35
0 24
cfn=(3590) MiceGame::tryToChangePhase()
calls=6 0 
0 198

fn=(3596) MiceGame::tryMovePhase1or2(int)
0 88
cfn=(3552)
calls=8 0 
0 48
0 28
cfn=(3556) MiceGame::board() const
calls=4 0 
0 12
0 12
cfn=(3558) MiceBoard::checkIsValidMovePhase0and2(int) const
calls=4 0 
0 31822
0 26
cfn=(3568) MiceGame::setDestination(int)
calls=2 0 
0 6
0 6
cfn=(3602)
calls=2 0 
0 6
0 4
cfn=(3570)
calls=2 0 
0 1124
0 90
cfn=(3602)
calls=6 0 
0 18
0 10
cfn=(3556)
calls=4 0 
0 12
0 12
cfn=(3482)
calls=4 0 
0 12
0 28
cfn=(3598) MiceBoard::checkIsValidMovePhase1(QPair<int, int> const&, int) const
calls=4 0 
0 4567
0 8

fn=(3612) MiceGame::eatIfYouCan(int)
0 26
cfn=(3588)
calls=2 0 
0 10
0 8
cfn=(3614) MiceGame::canEatAtThisPos(int) const
calls=2 0 
0 508
0 31
cfn=(3586) MiceBoard::getTable() const
calls=1 0 
0 3
0 7
cfn=(3482)
calls=1 0 
0 3
0 5
cfn=(3588)
calls=1 0 
0 5
0 6
cfn=(3574) MiceBoard::setTable(int, int)
calls=1 0 
0 17
0 2
cfn=(3592)
calls=1 0 
0 3
0 3
cfn=(3426)
calls=1 0 
0 3
0 2
cfn=(3576) MiceBoard::getEmptyPositions()
calls=1 0 
0 3
0 6
cfn=(3608)
calls=1 0 
0 46
0 1

fn=(3630) ____C_A_T_C_H____T_E_S_T____84()
0 21
cfn=(2790)
calls=1 0 
0 138
0 6
cfn=(3200)
calls=1 0 
0 160
0 4
cfn=(3240)
calls=1 0 
0 1935
0 9
cob=(2)
cfi=(18)
cfn=(2878)
calls=1 0 
0 88
0 4
cob=(2)
cfi=(18)
cfn=(2878)
calls=1 0 
0 88
0 2
cfn=(3252)
calls=1 0 
0 3
0 94
cfn=(3254)
calls=1 0 
0 51
0 372
cfn=(3498) Othellostate::isEnd() const
calls=1 0 
0 436
0 5
cfn=(2838)
calls=1 0 
0 40
0 13
cfn=(3262)
calls=1 0 
0 44
0 3
cfn=(2838)
calls=1 0 
0 36
0 14
cfn=(3264)
calls=1 0 
0 68
0 4
cfn=(3274)
calls=1 0 
0 2
0 2
cfn=(3276)
calls=1 0 
0 13
0 2
cfn=(3280)
calls=1 0 
0 4
0 2
cfn=(3282)
calls=1 0 
0 2
0 2
cfn=(3284)
calls=1 0 
0 1200
0 11

fn=(3632) ____C_A_T_C_H____T_E_S_T____87()
0 42
cfn=(2790)
calls=2 0 
0 276
0 14
cfn=(3200)
calls=2 0 
0 320
0 8
cfn=(3240)
calls=2 0 
0 2637
0 22
cob=(2)
cfi=(18)
cfn=(2878)
calls=2 0 
0 176
0 8
cob=(2)
cfi=(18)
cfn=(2878)
calls=2 0 
0 176
0 4
cfn=(3252)
calls=2 0 
0 6
0 8
cfn=(3254)
calls=1 0 
0 51
0 3
cfn=(3348) Othellostate::getRowAndCollumnFromMove(int)
calls=1 0 
0 14
0 6
cfn=(2838)
calls=1 0 
0 40
0 15
cfn=(3262)
calls=1 0 
0 44
0 6
cfn=(2838)
calls=1 0 
0 36
0 18
cfn=(3264)
calls=1 0 
0 68
0 5
cfn=(3274)
calls=1 0 
0 2
0 2
cfn=(3276)
calls=1 0 
0 13
0 2
cfn=(3280)
calls=1 0 
0 4
0 3
cfn=(2838)
calls=1 0 
0 40
0 13
cfn=(3262)
calls=1 0 
0 44
0 6
cfn=(2838)
calls=1 0 
0 36
0 17
cfn=(3264)
calls=1 0 
0 68
0 4
cfn=(3274)
calls=1 0 
0 2
0 2
cfn=(3276)
calls=1 0 
0 13
0 2
cfn=(3280)
calls=1 0 
0 4
0 2
cfn=(3282)
calls=1 0 
0 2
0 4
cfn=(3284)
calls=2 0 
0 1329
0 12
cfn=(2790)
calls=2 0 
0 276
0 14
cfn=(3200)
calls=2 0 
0 320
0 6
cfn=(3240)
calls=2 0 
0 3039
0 14
cob=(2)
cfi=(18)
cfn=(2878)
calls=2 0 
0 176
0 8
cob=(2)
cfi=(18)
cfn=(2878)
calls=2 0 
0 194
0 4
cfn=(3252)
calls=2 0 
0 6
0 8
cfn=(3254)
calls=1 0 
0 51
0 3
cfn=(3348)
calls=1 0 
0 14
0 6
cfn=(2838)
calls=1 0 
0 40
0 15
cfn=(3262)
calls=1 0 
0 44
0 6
cfn=(2838)
calls=1 0 
0 36
0 17
cfn=(3264)
calls=1 0 
0 68
0 4
cfn=(3274)
calls=1 0 
0 2
0 2
cfn=(3276)
calls=1 0 
0 13
0 2
cfn=(3280)
calls=1 0 
0 4
0 3
cfn=(2838)
calls=1 0 
0 40
0 13
cfn=(3262)
calls=1 0 
0 44
0 6
cfn=(2838)
calls=1 0 
0 36
0 16
cfn=(3264)
calls=1 0 
0 68
0 4
cfn=(3274)
calls=1 0 
0 2
0 2
cfn=(3276)
calls=1 0 
0 13
0 2
cfn=(3280)
calls=1 0 
0 4
0 2
cfn=(3282)
calls=1 0 
0 2
0 4
cfn=(3284)
calls=2 0 
0 1349
0 22

fn=(9110) ____C_A_T_C_H____T_E_S_T____106()
0 20
cfn=(2790)
calls=1 0 
0 128
0 6
cfn=(3200)
calls=1 0 
0 150
0 4
cfn=(3240)
calls=1 0 
0 1715
0 9
cob=(2)
cfi=(18)
cfn=(2878)
calls=1 0 
0 88
0 4
cob=(2)
cfi=(18)
cfn=(2878)
calls=1 0 
0 88
0 2
cfn=(3252)
calls=1 0 
0 3
0 4
cob=(2)
cfi=(18)
cfn=(2798)
calls=1 0 
0 57
0 4
cfn=(3642) Client::Client(QObject*)
calls=1 0 
0 1194
0 2
cfn=(9008) Client::~Client()
calls=1 0 
0 1471
0 3
cfn=(2838)
calls=1 0 
0 32
0 12
cfn=(3262)
calls=1 0 
0 44
0 2
cfn=(3446) Catch::AssertionHandler::handleExceptionNotThrownAsExpected()
calls=1 0 
0 684
0 2
cfn=(3276)
calls=1 0 
0 13
0 2
cfn=(3280)
calls=1 0 
0 4
0 2
cfn=(3284)
calls=1 0 
0 1180
0 10

fn=(9114) ____C_A_T_C_H____T_E_S_T____113()
0 80
cfn=(2790)
calls=4 0 
0 512
0 28
cfn=(3200)
calls=4 0 
0 600
0 16
cfn=(3240)
calls=4 0 
0 4206
0 8
cfn=(3250) Catch::SectionInfo::~SectionInfo()
calls=4 0 
0 404
0 16
cob=(2)
cfi=(18)
cfn=(2878)
calls=4 0 
0 352
0 8
cfn=(3252)
calls=4 0 
0 12
0 11
cfn=(3416)
calls=1 0 
0 4
0 3
cfn=(3428)
calls=1 0 
0 77
0 2
cfn=(3254)
calls=1 0 
0 51
0 94
cfn=(3506) OthelloMinMax::HeuristicScore(Othellostate const&) const
calls=1 0 
0 1793
0 5
cfn=(2838)
calls=1 0 
0 32
0 15
cfn=(3262)
calls=1 0 
0 44
0 6
cfn=(2838)
calls=1 0 
0 36
0 18
cfn=(3264)
calls=1 0 
0 68
0 5
cfn=(3274)
calls=1 0 
0 2
0 2
cfn=(3276)
calls=1 0 
0 13
0 2
cfn=(3280)
calls=1 0 
0 4
0 2
cfn=(3282)
calls=1 0 
0 2
0 8
cfn=(3284)
calls=4 0 
0 1567
0 20
cfn=(2790)
calls=4 0 
0 552
0 28
cfn=(3200)
calls=4 0 
0 640
0 12
cfn=(3240)
calls=4 0 
0 4741
0 8
cfn=(3250)
calls=4 0 
0 404
0 16
cob=(2)
cfi=(18)
cfn=(2878)
calls=4 0 
0 352
0 8
cfn=(3252)
calls=4 0 
0 12
0 11
cfn=(3416)
calls=1 0 
0 4
0 3
cfn=(3428)
calls=1 0 
0 77
0 2
cfn=(3254)
calls=1 0 
0 51
0 60
cfn=(3506)
calls=1 0 
0 1793
0 6
cfn=(2838)
calls=1 0 
0 32
0 15
cfn=(3262)
calls=1 0 
0 44
0 3
cfn=(2838)
calls=1 0 
0 36
0 16
cfn=(3264)
calls=1 0 
0 68
0 5
cfn=(3274)
calls=1 0 
0 2
0 2
cfn=(3276)
calls=1 0 
0 13
0 2
cfn=(3280)
calls=1 0 
0 4
0 2
cfn=(3282)
calls=1 0 
0 2
0 8
cfn=(3284)
calls=4 0 
0 1587
0 20
cfn=(2790)
calls=4 0 
0 552
0 28
cfn=(3200)
calls=4 0 
0 640
0 12
cfn=(3240)
calls=4 0 
0 4635
0 8
cfn=(3250)
calls=4 0 
0 404
0 16
cob=(2)
cfi=(18)
cfn=(2878)
calls=4 0 
0 352
0 8
cfn=(3252)
calls=4 0 
0 12
0 11
cfn=(3416)
calls=1 0 
0 4
0 3
cfn=(3428)
calls=1 0 
0 77
0 2
cfn=(3254)
calls=1 0 
0 51
0 59
cfn=(3506)
calls=1 0 
0 1793
0 6
cfn=(2838)
calls=1 0 
0 32
0 15
cfn=(3262)
calls=1 0 
0 44
0 3
cfn=(2838)
calls=1 0 
0 36
0 16
cfn=(3264)
calls=1 0 
0 68
0 5
cfn=(3274)
calls=1 0 
0 2
0 2
cfn=(3276)
calls=1 0 
0 13
0 2
cfn=(3280)
calls=1 0 
0 4
0 2
cfn=(3282)
calls=1 0 
0 2
0 8
cfn=(3284)
calls=4 0 
0 1587
0 20
cfn=(2790)
calls=4 0 
0 552
0 28
cfn=(3200)
calls=4 0 
0 640
0 12
cfn=(3240)
calls=4 0 
0 4572
0 8
cfn=(3250)
calls=4 0 
0 404
0 16
cob=(2)
cfi=(18)
cfn=(2878)
calls=4 0 
0 352
0 8
cfn=(3252)
calls=4 0 
0 12
0 11
cfn=(3416)
calls=1 0 
0 4
0 3
cfn=(3428)
calls=1 0 
0 77
0 2
cfn=(3254)
calls=1 0 
0 51
0 63
cfn=(3506)
calls=1 0 
0 1793
0 6
cfn=(2838)
calls=1 0 
0 40
0 13
cfn=(3262)
calls=1 0 
0 44
0 6
cfn=(2838)
calls=1 0 
0 32
0 17
cfn=(3264)
calls=1 0 
0 68
0 4
cfn=(3274)
calls=1 0 
0 2
0 2
cfn=(3276)
calls=1 0 
0 13
0 2
cfn=(3280)
calls=1 0 
0 4
0 2
cfn=(3282)
calls=1 0 
0 2
0 8
cfn=(3284)
calls=4 0 
0 1587
0 44

fn=(9208) Catch::ConsoleReporter::printTotals(Catch::Totals const&)
0 17
cfn=(3316)
calls=1 0 
0 5
0 16
cfn=(3316)
calls=1 0 
0 5
0 4
cfn=(9200)
calls=1 0 
0 7
0 8
cfn=(9138) Catch::Colour::Colour(Catch::Colour::Code)
calls=1 0 
0 618
0 3
cfn=(9192) Catch::operator<<(std::ostream&, Catch::Colour const&)
calls=1 0 
0 3
0 3
cob=(2)
cfi=(18)
cfn=(9210)
calls=1 0 
0 1810
0 4
cfn=(9198) Catch::Colour::~Colour()
calls=1 0 
0 608
0 6
cob=(2)
cfi=(18)
cfn=(9162)
calls=1 0 
0 243
0 3
cfn=(2786)
calls=1 0 
0 93
0 4
cfn=(9218) Catch::pluralise::pluralise(unsigned long, std::__cxx11::basic_string<char, std::char_traits<char>, std::allocator<char> > const&)
calls=1 0 
0 66
0 3
cfn=(9220) Catch::operator<<(std::ostream&, Catch::pluralise const&)
calls=1 0 
0 4992
0 5
cob=(2)
cfi=(18)
cfn=(9162)
calls=1 0 
0 251
0 4
cfn=(2786)
calls=1 0 
0 93
0 5
cfn=(9218)
calls=1 0 
0 66
0 3
cfn=(9220)
calls=1 0 
0 1192
0 5
cob=(2)
cfi=(18)
cfn=(9162)
calls=1 0 
0 237
0 5
cob=(2)
cfi=(18)
cfn=(9162)
calls=1 0 
0 395
0 17

fn=(9288) Catch::ConsoleReporter::~ConsoleReporter()
0 4
cfn=(9289) Catch::ConsoleReporter::~ConsoleReporter()'2
calls=1 0 
0 3068
0 4
cob=(2)
cfi=(18)
cfn=(3436)
calls=1 0 
0 92

fn=(9289)
0 30
cob=(2)
cfi=(18)
cfn=(9290)
calls=1 0 
0 10
0 11
cob=(2)
cfi=(18)
cfn=(9292)
calls=1 0 
0 2294
0 24
cob=(2)
cfi=(18)
cfn=(2878)
calls=3 0 
0 324
0 17
cob=(2)
cfi=(18)
cfn=(2878)
calls=1 0 
0 139
0 3
cob=(2)
cfi=(18)
cfn=(3436)
calls=1 0 
0 92
0 11
cob=(2)
cfi=(18)
cfn=(2878)
calls=1 0 
0 88
0 25

fn=(9312) Catch::Session::~Session()
0 9
cfn=(9314)
calls=1 0 
0 20507
0 40
cfn=(2968)
calls=1 0 
0 31835
0 5
cfn=(3332) Catch::NonCopyable::~NonCopyable()
calls=1 0 
0 2
0 3
cfn=(9392) std::_Sp_counted_ptr_inplace<Catch::Config, std::allocator<Catch::Config>, (__gnu_cxx::_Lock_policy)2>::_M_dispose()
calls=1 0 
0 249
0 9
cfn=(9400) std::_Sp_counted_ptr_inplace<Catch::Config, std::allocator<Catch::Config>, (__gnu_cxx::_Lock_policy)2>::_M_destroy()
calls=1 0 
0 90
0 1

fn=(9322) Catch::IMutableEnumValuesRegistry::~IMutableEnumValuesRegistry()
0 2

fn=(9330) Catch::ExceptionTranslatorRegistry::~ExceptionTranslatorRegistry()
0 19
cfn=(9332) Catch::IExceptionTranslatorRegistry::~IExceptionTranslatorRegistry()
calls=1 0 
0 2

fn=(9346) std::_Sp_counted_ptr_inplace<Catch::ReporterRegistrar<Catch::JunitReporter>::ReporterFactory, std::allocator<Catch::ReporterRegistrar<Catch::JunitReporter>::ReporterFactory>, (__gnu_cxx::_Lock_policy)2>::_M_dispose()
0 6
cfn=(9348) Catch::ReporterRegistrar<Catch::JunitReporter>::ReporterFactory::~ReporterFactory()
calls=1 0 
0 7

fn=(9356) std::_Sp_counted_ptr_inplace<Catch::ReporterRegistrar<Catch::ConsoleReporter>::ReporterFactory, std::allocator<Catch::ReporterRegistrar<Catch::ConsoleReporter>::ReporterFactory>, (__gnu_cxx::_Lock_policy)2>::_M_destroy()
0 2
cob=(2)
cfi=(18)
cfn=(2878)
calls=1 0 
0 108

fn=(9364) Catch::IReporterRegistry::~IReporterRegistry()
0 2

fn=(9370) std::_Sp_counted_ptr<Catch::ITestInvoker*, (__gnu_cxx::_Lock_policy)2>::_M_dispose()
0 114
cfn=(9372)
calls=19 0 
0 2375

fn=(9394) Catch::Detail::(anonymous namespace)::CoutStream::~CoutStream()
0 13
cob=(2)
cfi=(18)
cfn=(9292)
calls=1 0 
0 57
0 2
cfn=(9396) Catch::IStream::~IStream()
calls=1 0 
0 2
0 4
cob=(2)
cfi=(18)
cfn=(3436)
calls=1 0 
0 92

fn=(9424)
0 6
cob=(2)
cfi=(18)
cfn=(2878)
calls=3 0 
0 322

fn=(9444) std::_Sp_counted_ptr_inplace<Catch::clara::detail::BoundLambda<Catch::makeCommandLineParser(Catch::ConfigData&)::{lambda(bool)#11}>, std::allocator<Catch::makeCommandLineParser(Catch::ConfigData&)::{lambda(bool)#11}>, (__gnu_cxx::_Lock_policy)2>::_M_destroy()
0 2
cob=(2)
cfi=(18)
cfn=(2878)
calls=1 0 
0 108

fn=(9474) std::_Sp_counted_ptr_inplace<Catch::clara::detail::BoundLambda<Catch::makeCommandLineParser(Catch::ConfigData&)::{lambda(std::__cxx11::basic_string<char, std::char_traits<char>, std::allocator<char> > const&)#6}>, std::allocator<Catch::makeCommandLineParser(Catch::ConfigData&)::{lambda(std::__cxx11::basic_string<char, std::char_traits<char>, std::allocator<char> > const&)#6}>, (__gnu_cxx::_Lock_policy)2>::_M_destroy()
0 2
cob=(2)
cfi=(18)
cfn=(2878)
calls=1 0 
0 108

fn=(9496) Catch::(anonymous namespace)::PosixColourImpl::~PosixColourImpl()
0 2

fn=(9922)
0 9
cob=(2)
cfi=(18)
cfn=(9928)
calls=1 0 
0 383
0 1
cfn=(9942) 0x000000000001ec10
calls=1 0 
0 5
0 3

fn=(3618) MiceGame::getWinner() const
0 12
cfn=(3620)
calls=3 0 
0 33
0 16
cfn=(3622) MiceGame::wonPlayer1() const
calls=2 0 
0 22
0 14
cfn=(3624) MiceGame::isDraw() const
calls=2 0 
0 35
0 10

fn=(3624)
0 10
cfn=(3592)
calls=2 0 
0 6
0 12
cfn=(3592)
calls=1 0 
0 3
0 4

fn=(2790)
0 48637
cob=(2)
cfi=(18)
cfn=(2888)
calls=1327 0 
0 113564
0 9289
cob=(2)
cfi=(18)
cfn=(2792)
calls=1327 0 
0 30815
0 360
cob=(2)
cfi=(18)
cfn=(2792)
calls=120 0 
0 2004
0 4341

fn=(2802) Catch::addSingleton(Catch::ISingleton*)
0 7
cfn=(2804)
calls=1 0 
0 213
0 6
cfn=(2806) void std::vector<Catch::ISingleton*, std::allocator<Catch::ISingleton*> >::_M_realloc_insert<Catch::ISingleton* const&>(__gnu_cxx::__normal_iterator<Catch::ISingleton**, std::vector<Catch::ISingleton*, std::allocator<Catch::ISingleton*> > >, Catch::ISingleton* const&)
calls=1 0 
0 252
0 2

fn=(2804)
0 6
cob=(2)
cfi=(18)
cfn=(2798)
calls=2 0 
0 261
0 12

fn=(2808)
0 12
cfn=(2810) std::pair<std::_Rb_tree_iterator<std::pair<std::__cxx11::basic_string<char, std::char_traits<char>, std::allocator<char> > const, std::shared_ptr<Catch::IReporterFactory> > >, bool> std::_Rb_tree<std::__cxx11::basic_string<char, std::char_traits<char>, std::allocator<char> >, std::pair<std::__cxx11::basic_string<char, std::char_traits<char>, std::allocator<char> > const, std::shared_ptr<Catch::IReporterFactory> >, std::_Select1st<std::pair<std::__cxx11::basic_string<char, std::char_traits<char>, std::allocator<char> > const, std::shared_ptr<Catch::IReporterFactory> > >, std::less<std::__cxx11::basic_string<char, std::char_traits<char>, std::allocator<char> > >, std::allocator<std::pair<std::__cxx11::basic_string<char, std::char_traits<char>, std::allocator<char> > const, std::shared_ptr<Catch::IReporterFactory> > > >::_M_emplace_unique<std::__cxx11::basic_string<char, std::char_traits<char>, std::allocator<char> > const&, std::shared_ptr<Catch::IReporterFactory> const&>(std::__cxx11::basic_string<char, std::char_traits<char>, std::allocator<char> > const&, std::shared_ptr<Catch::IReporterFactory> const&)
calls=4 0 
0 2904

fn=(2810)
0 52
cob=(2)
cfi=(18)
cfn=(2798)
calls=4 0 
0 816
0 40
cfn=(2812)
calls=4 0 
0 230
0 131
cob=(2)
cfi=(18)
cfn=(2822)
calls=5 0 
0 115
0 82
cob=(2)
cfi=(18)
cfn=(2822)
calls=3 0 
0 70
0 46
cob=(2)
cfi=(18)
cfn=(2814)
calls=4 0 
0 141
0 56
cob=(2)
cfi=(18)
cfn=(2824)
calls=3 0 
0 1107
0 18

fn=(2832)
0 10
cfn=(2796)
calls=1 0 
0 6
0 5
cob=(2)
cfi=(18)
cfn=(2798)
calls=1 0 
0 204
0 18
cfn=(2808)
calls=1 0 
0 572
0 4
cfn=(2818)
calls=1 0 
0 16
0 8

fn=(2856) Catch::extractClassName[abi:cxx11](Catch::StringRef const&)
0 342
cfn=(2790)
calls=19 0 
0 646
0 57
cfn=(2858)
calls=19 0 
0 95
0 247

fn=(2892)
0 475
cfn=(2812)
calls=19 0 
0 4115
0 114
cfn=(2812)
calls=19 0 
0 627
0 133
cfn=(2812)
calls=19 0 
0 627
0 247
cfn=(2894)
calls=19 0 
0 4085
0 57
cfn=(2896) Catch::setTags(Catch::TestCaseInfo&, std::vector<std::__cxx11::basic_string<char, std::char_traits<char>, std::allocator<char> >, std::allocator<std::__cxx11::basic_string<char, std::char_traits<char>, std::allocator<char> > > >)
calls=19 0 
0 24476
0 323

fn=(2924) _GLOBAL__sub_I_othellostatecontroller.cpp
0 4
cob=(2)
cfi=(18)
cfn=(2256)
calls=1 0 
0 25
0 5
cob=(2)
cfi=(18)
cfn=(2784)
calls=1 0 
0 633

fn=(2944)
0 3

fn=(2972)
0 27386
cob=(2)
cfi=(18)
cfn=(2878)
calls=136 0 
0 14362
0 12176
cob=(2)
cfi=(18)
cfn=(2878)
calls=1054 0 
0 108982
0 11551
cob=(2)
cfi=(18)
cfn=(2878)
calls=918 0 
0 91898
0 6130
cob=(2)
cfi=(18)
cfn=(2878)
calls=54 0 
0 5820
0 17980
cfn=(9482) std::_Sp_counted_ptr_inplace<Catch::clara::detail::BoundValueRef<long>, std::allocator<Catch::clara::detail::BoundValueRef<long> >, (__gnu_cxx::_Lock_policy)2>::_M_dispose()
calls=1 0 
0 8
cfn=(9476)
calls=2 0 
0 16
cfn=(9472) std::_Sp_counted_ptr_inplace<Catch::clara::detail::BoundLambda<Catch::makeCommandLineParser(Catch::ConfigData&)::{lambda(std::__cxx11::basic_string<char, std::char_traits<char>, std::allocator<char> > const&)#6}>, std::allocator<Catch::makeCommandLineParser(Catch::ConfigData&)::{lambda(std::__cxx11::basic_string<char, std::char_traits<char>, std::allocator<char> > const&)#6}>, (__gnu_cxx::_Lock_policy)2>::_M_dispose()
calls=1 0 
0 2
cfn=(9468) std::_Sp_counted_ptr_inplace<Catch::clara::detail::BoundLambda<Catch::makeCommandLineParser(Catch::ConfigData&)::{lambda(std::__cxx11::basic_string<char, std::char_traits<char>, std::allocator<char> > const&)#5}>, std::allocator<Catch::makeCommandLineParser(Catch::ConfigData&)::{lambda(std::__cxx11::basic_string<char, std::char_traits<char>, std::allocator<char> > const&)#5}>, (__gnu_cxx::_Lock_policy)2>::_M_dispose()
calls=1 0 
0 2
cfn=(9464)
calls=1 0 
0 2
cfn=(9460) std::_Sp_counted_ptr_inplace<Catch::clara::detail::BoundLambda<Catch::makeCommandLineParser(Catch::ConfigData&)::{lambda(std::__cxx11::basic_string<char, std::char_traits<char>, std::allocator<char> > const&)#3}>, std::allocator<Catch::makeCommandLineParser(Catch::ConfigData&)::{lambda(std::__cxx11::basic_string<char, std::char_traits<char>, std::allocator<char> > const&)#3}>, (__gnu_cxx::_Lock_policy)2>::_M_dispose()
calls=1 0 
0 2
cfn=(9456) std::_Sp_counted_ptr_inplace<Catch::clara::detail::BoundLambda<Catch::makeCommandLineParser(Catch::ConfigData&)::{lambda(std::__cxx11::basic_string<char, std::char_traits<char>, std::allocator<char> > const&)#7}>, std::allocator<Catch::makeCommandLineParser(Catch::ConfigData&)::{lambda(std::__cxx11::basic_string<char, std::char_traits<char>, std::allocator<char> > const&)#7}>, (__gnu_cxx::_Lock_policy)2>::_M_dispose()
calls=1 0 
0 2
cfn=(9402) std::_Sp_counted_ptr_inplace<Catch::clara::detail::BoundValueRef<std::vector<std::__cxx11::basic_string<char, std::char_traits<char>, std::allocator<char> >, std::allocator<std::__cxx11::basic_string<char, std::char_traits<char>, std::allocator<char> > > > >, std::allocator<Catch::clara::detail::BoundValueRef<std::vector<std::__cxx11::basic_string<char, std::char_traits<char>, std::allocator<char> >, std::allocator<std::__cxx11::basic_string<char, std::char_traits<char>, std::allocator<char> > > > > >, (__gnu_cxx::_Lock_policy)2>::_M_dispose()
calls=1 0 
0 8
cfn=(9452) std::_Sp_counted_ptr_inplace<Catch::clara::detail::BoundLambda<Catch::makeCommandLineParser(Catch::ConfigData&)::{lambda(std::__cxx11::basic_string<char, std::char_traits<char>, std::allocator<char> > const&)#2}>, std::allocator<Catch::makeCommandLineParser(Catch::ConfigData&)::{lambda(std::__cxx11::basic_string<char, std::char_traits<char>, std::allocator<char> > const&)#2}>, (__gnu_cxx::_Lock_policy)2>::_M_dispose()
calls=1 0 
0 2
cfn=(9446) std::_Sp_counted_ptr_inplace<Catch::clara::detail::BoundValueRef<double>, std::allocator<Catch::clara::detail::BoundValueRef<double> >, (__gnu_cxx::_Lock_policy)2>::_M_dispose()
calls=2 0 
0 16
cfn=(9442)
calls=1 0 
0 2
cfn=(9438) std::_Sp_counted_ptr_inplace<Catch::clara::detail::BoundLambda<Catch::makeCommandLineParser(Catch::ConfigData&)::{lambda(std::__cxx11::basic_string<char, std::char_traits<char>, std::allocator<char> > const&)#1}>, std::allocator<Catch::makeCommandLineParser(Catch::ConfigData&)::{lambda(std::__cxx11::basic_string<char, std::char_traits<char>, std::allocator<char> > const&)#1}>, (__gnu_cxx::_Lock_policy)2>::_M_dispose()
calls=1 0 
0 2
cfn=(9434) std::_Sp_counted_ptr_inplace<Catch::clara::detail::BoundLambda<Catch::makeCommandLineParser(Catch::ConfigData&)::{lambda(int)#10}>, std::allocator<Catch::makeCommandLineParser(Catch::ConfigData&)::{lambda(int)#10}>, (__gnu_cxx::_Lock_policy)2>::_M_dispose()
calls=1 0 
0 2
cfn=(9430) std::_Sp_counted_ptr_inplace<Catch::clara::detail::BoundFlagLambda<Catch::makeCommandLineParser(Catch::ConfigData&)::{lambda(bool)#9}>, std::allocator<Catch::makeCommandLineParser(Catch::ConfigData&)::{lambda(bool)#9}>, (__gnu_cxx::_Lock_policy)2>::_M_dispose()
calls=1 0 
0 2
cfn=(9426) std::_Sp_counted_ptr_inplace<Catch::clara::detail::BoundLambda<Catch::makeCommandLineParser(Catch::ConfigData&)::{lambda(std::__cxx11::basic_string<char, std::char_traits<char>, std::allocator<char> > const&)#8}>, std::allocator<Catch::makeCommandLineParser(Catch::ConfigData&)::{lambda(std::__cxx11::basic_string<char, std::char_traits<char>, std::allocator<char> > const&)#8}>, (__gnu_cxx::_Lock_policy)2>::_M_dispose()
calls=1 0 
0 2
cfn=(9420)
calls=2 0 
0 16
cfn=(9414)
calls=11 0 
0 88
cfn=(9408) std::_Sp_counted_ptr_inplace<Catch::clara::detail::BoundFlagLambda<Catch::clara::detail::Help::Help(bool&)::{lambda(bool)#1}>, std::allocator<Catch::clara::detail::Help::Help(bool&)::{lambda(bool)#1}>, (__gnu_cxx::_Lock_policy)2>::_M_dispose()
calls=1 0 
0 8
0 403
cfn=(9486) std::_Sp_counted_ptr_inplace<Catch::clara::detail::BoundValueRef<long>, std::allocator<Catch::clara::detail::BoundValueRef<long> >, (__gnu_cxx::_Lock_policy)2>::_M_destroy()
calls=1 0 
0 110
cfn=(9480) std::_Sp_counted_ptr_inplace<Catch::clara::detail::BoundValueRef<unsigned int>, std::allocator<Catch::clara::detail::BoundValueRef<unsigned int> >, (__gnu_cxx::_Lock_policy)2>::_M_destroy()
calls=2 0 
0 220
cfn=(9474)
calls=1 0 
0 110
cfn=(9470) std::_Sp_counted_ptr_inplace<Catch::clara::detail::BoundLambda<Catch::makeCommandLineParser(Catch::ConfigData&)::{lambda(std::__cxx11::basic_string<char, std::char_traits<char>, std::allocator<char> > const&)#5}>, std::allocator<Catch::makeCommandLineParser(Catch::ConfigData&)::{lambda(std::__cxx11::basic_string<char, std::char_traits<char>, std::allocator<char> > const&)#5}>, (__gnu_cxx::_Lock_policy)2>::_M_destroy()
calls=1 0 
0 110
cfn=(9466) std::_Sp_counted_ptr_inplace<Catch::clara::detail::BoundLambda<Catch::makeCommandLineParser(Catch::ConfigData&)::{lambda(std::__cxx11::basic_string<char, std::char_traits<char>, std::allocator<char> > const&)#4}>, std::allocator<Catch::makeCommandLineParser(Catch::ConfigData&)::{lambda(std::__cxx11::basic_string<char, std::char_traits<char>, std::allocator<char> > const&)#4}>, (__gnu_cxx::_Lock_policy)2>::_M_destroy()
calls=1 0 
0 110
cfn=(9462) std::_Sp_counted_ptr_inplace<Catch::clara::detail::BoundLambda<Catch::makeCommandLineParser(Catch::ConfigData&)::{lambda(std::__cxx11::basic_string<char, std::char_traits<char>, std::allocator<char> > const&)#3}>, std::allocator<Catch::makeCommandLineParser(Catch::ConfigData&)::{lambda(std::__cxx11::basic_string<char, std::char_traits<char>, std::allocator<char> > const&)#3}>, (__gnu_cxx::_Lock_policy)2>::_M_destroy()
calls=1 0 
0 110
cfn=(9458)
calls=1 0 
0 110
cfn=(9406) std::_Sp_counted_ptr_inplace<Catch::clara::detail::BoundValueRef<std::vector<std::__cxx11::basic_string<char, std::char_traits<char>, std::allocator<char> >, std::allocator<std::__cxx11::basic_string<char, std::char_traits<char>, std::allocator<char> > > > >, std::allocator<Catch::clara::detail::BoundValueRef<std::vector<std::__cxx11::basic_string<char, std::char_traits<char>, std::allocator<char> >, std::allocator<std::__cxx11::basic_string<char, std::char_traits<char>, std::allocator<char> > > > > >, (__gnu_cxx::_Lock_policy)2>::_M_destroy()
calls=1 0 
0 110
cfn=(9454) std::_Sp_counted_ptr_inplace<Catch::clara::detail::BoundLambda<Catch::makeCommandLineParser(Catch::ConfigData&)::{lambda(std::__cxx11::basic_string<char, std::char_traits<char>, std::allocator<char> > const&)#2}>, std::allocator<Catch::makeCommandLineParser(Catch::ConfigData&)::{lambda(std::__cxx11::basic_string<char, std::char_traits<char>, std::allocator<char> > const&)#2}>, (__gnu_cxx::_Lock_policy)2>::_M_destroy()
calls=1 0 
0 110
cfn=(9450) std::_Sp_counted_ptr_inplace<Catch::clara::detail::BoundValueRef<double>, std::allocator<Catch::clara::detail::BoundValueRef<double> >, (__gnu_cxx::_Lock_policy)2>::_M_destroy()
calls=2 0 
0 220
cfn=(9444)
calls=1 0 
0 110
cfn=(9440) std::_Sp_counted_ptr_inplace<Catch::clara::detail::BoundLambda<Catch::makeCommandLineParser(Catch::ConfigData&)::{lambda(std::__cxx11::basic_string<char, std::char_traits<char>, std::allocator<char> > const&)#1}>, std::allocator<Catch::makeCommandLineParser(Catch::ConfigData&)::{lambda(std::__cxx11::basic_string<char, std::char_traits<char>, std::allocator<char> > const&)#1}>, (__gnu_cxx::_Lock_policy)2>::_M_destroy()
calls=1 0 
0 110
cfn=(9436) std::_Sp_counted_ptr_inplace<Catch::clara::detail::BoundLambda<Catch::makeCommandLineParser(Catch::ConfigData&)::{lambda(int)#10}>, std::allocator<Catch::makeCommandLineParser(Catch::ConfigData&)::{lambda(int)#10}>, (__gnu_cxx::_Lock_policy)2>::_M_destroy()
calls=1 0 
0 110
cfn=(9432) std::_Sp_counted_ptr_inplace<Catch::clara::detail::BoundFlagLambda<Catch::makeCommandLineParser(Catch::ConfigData&)::{lambda(bool)#9}>, std::allocator<Catch::makeCommandLineParser(Catch::ConfigData&)::{lambda(bool)#9}>, (__gnu_cxx::_Lock_policy)2>::_M_destroy()
calls=1 0 
0 110
cfn=(9428) std::_Sp_counted_ptr_inplace<Catch::clara::detail::BoundLambda<Catch::makeCommandLineParser(Catch::ConfigData&)::{lambda(std::__cxx11::basic_string<char, std::char_traits<char>, std::allocator<char> > const&)#8}>, std::allocator<Catch::makeCommandLineParser(Catch::ConfigData&)::{lambda(std::__cxx11::basic_string<char, std::char_traits<char>, std::allocator<char> > const&)#8}>, (__gnu_cxx::_Lock_policy)2>::_M_destroy()
calls=1 0 
0 110
cfn=(9424)
calls=2 0 
0 220
cfn=(9418) std::_Sp_counted_ptr_inplace<Catch::clara::detail::BoundFlagRef, std::allocator<Catch::clara::detail::BoundFlagRef>, (__gnu_cxx::_Lock_policy)2>::_M_destroy()
calls=11 0 
0 1210
cfn=(9412)
calls=1 0 
0 110

fn=(2994) Catch::clara::detail::TokenStream::loadBuffer()
0 32

fn=(3024)
0 11
cfn=(3026) Catch::makeStream(Catch::StringRef const&)
calls=1 0 
0 3124
0 5

fn=(3066) Catch::Config::stream() const
0 36
cfn=(3068)
calls=9 0 
0 27

fn=(3072) Catch::ConsoleReporter::ConsoleReporter(Catch::ReporterConfig const&)
0 18
cfn=(3074)
calls=1 0 
0 12
0 2
cfn=(3076)
calls=1 0 
0 3
0 25
cfn=(3078) std::_Rb_tree<Catch::Verbosity, Catch::Verbosity, std::_Identity<Catch::Verbosity>, std::less<Catch::Verbosity>, std::allocator<Catch::Verbosity> >::_M_get_insert_hint_unique_pos(std::_Rb_tree_const_iterator<Catch::Verbosity>, Catch::Verbosity const&)
calls=1 0 
0 38
0 12
cob=(2)
cfi=(18)
cfn=(2798)
calls=1 0 
0 57
0 7
cob=(2)
cfi=(18)
cfn=(2814)
calls=1 0 
0 18
0 26
cfn=(3082) std::_Rb_tree<Catch::Verbosity, Catch::Verbosity, std::_Identity<Catch::Verbosity>, std::less<Catch::Verbosity>, std::allocator<Catch::Verbosity> >::_M_erase(std::_Rb_tree_node<Catch::Verbosity>*)
calls=1 0 
0 112
0 5
cfn=(3076)
calls=1 0 
0 3
0 4
cfn=(3084) Catch::ConsoleReporter::ConsoleReporter(Catch::ReporterConfig const&)::{lambda()#1}::operator()() const [clone .isra.0]
calls=1 0 
0 1556
0 2
cob=(2)
cfi=(18)
cfn=(2798)
calls=1 0 
0 216
0 15
cob=(2)
cfi=(18)
cfn=(3030)
calls=1 0 
0 100
0 20
cob=(2)
cfi=(18)
cfn=(3032)
calls=1 0 
0 992
0 17
cob=(2)
cfi=(18)
cfn=(3086)
calls=1 0 
0 39
0 11
cob=(2)
cfi=(18)
cfn=(3032)
calls=1 0 
0 992
0 21

fn=(3094) Catch::FatalConditionHandler::FatalConditionHandler()
0 131090
cob=(2)
cfi=(18)
cfn=(3096)
calls=1 0 
0 76087
0 1

fn=(3140) Catch::StreamingReporterBase<Catch::ConsoleReporter>::testGroupStarting(Catch::GroupInfo const&)
0 18
cfn=(2812)
calls=1 0 
0 57
0 10

fn=(3176)
0 42055
cfn=(3334) Catch::SourceLineInfo::operator==(Catch::SourceLineInfo const&) const
calls=2379 0 
0 15439
0 16420
cfn=(3334)
calls=2146 0 
0 14041
0 14789
cfn=(3334)
calls=1913 0 
0 12643
0 20246
cfn=(3334)
calls=2612 0 
0 16837
0 7321
cob=(2)
cfi=(18)
cfn=(2822)
calls=233 0 
0 9345
0 24501
cob=(2)
cfi=(18)
cfn=(2822)
calls=233 0 
0 10326
0 4327
cob=(2)
cfi=(18)
cfn=(2822)
calls=233 0 
0 9771
0 1631
cob=(2)
cfi=(18)
cfn=(2822)
calls=233 0 
0 9744
0 2724
cfn=(3334)
calls=52 0 
0 372
0 212
cob=(2)
cfi=(18)
cfn=(2822)
calls=12 0 
0 492
0 679
cfn=(3334)
calls=115 0 
0 1125
0 340
cfn=(3334)
calls=85 0 
0 745
0 1606
cob=(2)
cfi=(18)
cfn=(2822)
calls=134 0 
0 4597
0 728
cfn=(3334)
calls=92 0 
0 727
0 160
cfn=(3334)
calls=40 0 
0 300
0 687
cob=(2)
cfi=(18)
cfn=(2822)
calls=47 0 
0 2130
0 264

fn=(3192)
0 872
cfn=(3194)
calls=218 0 
0 654

fn=(3242) Catch::getResultCapture()
0 37476

fn=(3246) Catch::TestCaseTracking::TrackerBase::isOpen() const
0 6519
cfn=(3186)
calls=641 0 
0 12179
0 2939

fn=(3292) Catch::uncaught_exceptions()
0 360
cob=(2)
cfi=(18)
cfn=(3294)
calls=120 0 
0 5981
0 480

fn=(9198)
0 24
cfn=(9140) Catch::Colour::use(Catch::Colour::Code)
calls=4 0 
0 2400
0 8

fn=(3460) Catch::RunContext::assertionEnded(Catch::AssertionResult const&)
0 112
cfn=(3462) Catch::AssertionResult::getResultType() const
calls=8 0 
0 24
0 104
cfn=(3464) Catch::AssertionStats::AssertionStats(Catch::AssertionResult const&, std::vector<Catch::MessageInfo, std::allocator<Catch::MessageInfo> > const&, Catch::Totals const&)
calls=8 0 
0 1408
0 24
cfn=(3468) Catch::ConsoleReporter::assertionEnded(Catch::AssertionStats const&)
calls=8 0 
0 488
0 16
cfn=(3474) Catch::AssertionStats::~AssertionStats()
calls=8 0 
0 208
0 16
cfn=(3462)
calls=8 0 
0 24
0 64
cfn=(3272) Catch::RunContext::resetAssertionInfo()
calls=8 0 
0 64
0 224
cfn=(2812)
calls=8 0 
0 264
0 48
cfn=(2812)
calls=8 0 
0 264
0 24
cfn=(3456)
calls=8 0 
0 40
0 104

fn=(3518) QVector<int>::QVector(int, int const&)
0 680
cob=(2)
cfi=(18)
cfn=(3356)
calls=40 0 
0 4160
0 5480

fn=(3542)
0 4050
cob=(2)
cfi=(18)
cfn=(3358)
calls=129 0 
0 11610
0 3094
cob=(2)
cfi=(18)
cfn=(3356)
calls=182 0 
0 29006
0 3094
cob=(2)
cfi=(18)
cfn=(2792)
calls=182 0 
0 3830
0 2366

fn=(3568)
0 18

fn=(3582) MiceGame::getPositionSquare(int) const
0 52

fn=(3610) MiceGame::tryEat(int)
0 27
cfn=(3588)
calls=3 0 
0 16
0 9
cfn=(3556)
calls=3 0 
0 9
0 6
cfn=(3586)
calls=3 0 
0 9
0 21
cfn=(3482)
calls=3 0 
0 9
0 26
cfn=(3612)
calls=2 0 
0 698
0 8
cfn=(3590)
calls=1 0 
0 33
0 7

fn=(3642)
0 18
cob=(2)
cfi=(18)
cfn=(3644)
calls=3 0 
0 6185
0 15
cob=(2)
cfi=(18)
cfn=(2798)
calls=3 0 
0 335
0 12
cob=(2)
cfi=(18)
cfn=(3738)
calls=3 0 
0 15220
0 15

fn=(9008)
0 22
cob=(32)
cfi=(223)
cfn=(9010) QTcpSocket::~QTcpSocket()
calls=2 0 
0 7769
0 6
cob=(2)
cfi=(18)
cfn=(9104)
calls=2 0 
0 680
0 4
cfn=(9009) Client::~Client()'2
calls=1 0 
0 1371
0 4
cob=(2)
cfi=(18)
cfn=(3436)
calls=1 0 
0 92

fn=(9009)
0 11
cob=(32)
cfi=(223)
cfn=(9010)
calls=1 0 
0 1027
0 3
cob=(2)
cfi=(18)
cfn=(9104)
calls=1 0 
0 330

fn=(9336) std::_Rb_tree<std::__cxx11::basic_string<char, std::char_traits<char>, std::allocator<char> >, std::pair<std::__cxx11::basic_string<char, std::char_traits<char>, std::allocator<char> > const, std::shared_ptr<Catch::IReporterFactory> >, std::_Select1st<std::pair<std::__cxx11::basic_string<char, std::char_traits<char>, std::allocator<char> > const, std::shared_ptr<Catch::IReporterFactory> > >, std::less<std::__cxx11::basic_string<char, std::char_traits<char>, std::allocator<char> > >, std::allocator<std::pair<std::__cxx11::basic_string<char, std::char_traits<char>, std::allocator<char> > const, std::shared_ptr<Catch::IReporterFactory> > > >::_M_erase(std::_Rb_tree_node<std::pair<std::__cxx11::basic_string<char, std::char_traits<char>, std::allocator<char> > const, std::shared_ptr<Catch::IReporterFactory> > >*)
0 14
cfn=(9337) std::_Rb_tree<std::__cxx11::basic_string<char, std::char_traits<char>, std::allocator<char> >, std::pair<std::__cxx11::basic_string<char, std::char_traits<char>, std::allocator<char> > const, std::shared_ptr<Catch::IReporterFactory> >, std::_Select1st<std::pair<std::__cxx11::basic_string<char, std::char_traits<char>, std::allocator<char> > const, std::shared_ptr<Catch::IReporterFactory> > >, std::less<std::__cxx11::basic_string<char, std::char_traits<char>, std::allocator<char> > >, std::allocator<std::pair<std::__cxx11::basic_string<char, std::char_traits<char>, std::allocator<char> > const, std::shared_ptr<Catch::IReporterFactory> > > >::_M_erase(std::_Rb_tree_node<std::pair<std::__cxx11::basic_string<char, std::char_traits<char>, std::allocator<char> > const, std::shared_ptr<Catch::IReporterFactory> > >*)'2
calls=1 0 
0 570
0 4
cfn=(9337)
calls=1 0 
0 4
0 34
cob=(2)
cfi=(18)
cfn=(2878)
calls=2 0 
0 216
0 16
cfn=(9358)
calls=1 0 
0 13
cfn=(9352) std::_Sp_counted_ptr_inplace<Catch::ReporterRegistrar<Catch::ConsoleReporter>::ReporterFactory, std::allocator<Catch::ReporterRegistrar<Catch::ConsoleReporter>::ReporterFactory>, (__gnu_cxx::_Lock_policy)2>::_M_dispose()
calls=1 0 
0 13
0 18
cfn=(9362) std::_Sp_counted_ptr_inplace<Catch::ReporterRegistrar<Catch::CompactReporter>::ReporterFactory, std::allocator<Catch::ReporterRegistrar<Catch::CompactReporter>::ReporterFactory>, (__gnu_cxx::_Lock_policy)2>::_M_destroy()
calls=1 0 
0 110
cfn=(9356)
calls=1 0 
0 110
0 2

fn=(9337)
0 34
cfn=(9337)
calls=2 0 
0 291
0 34
cob=(2)
cfi=(18)
cfn=(2878)
calls=2 0 
0 216
0 22
cfn=(9346)
calls=1 0 
0 13
cfn=(9338) std::_Sp_counted_ptr_inplace<Catch::ReporterRegistrar<Catch::XmlReporter>::ReporterFactory, std::allocator<Catch::ReporterRegistrar<Catch::XmlReporter>::ReporterFactory>, (__gnu_cxx::_Lock_policy)2>::_M_dispose()
calls=1 0 
0 13
0 18
cfn=(9350) std::_Sp_counted_ptr_inplace<Catch::ReporterRegistrar<Catch::JunitReporter>::ReporterFactory, std::allocator<Catch::ReporterRegistrar<Catch::JunitReporter>::ReporterFactory>, (__gnu_cxx::_Lock_policy)2>::_M_destroy()
calls=1 0 
0 110
cfn=(9344) std::_Sp_counted_ptr_inplace<Catch::ReporterRegistrar<Catch::XmlReporter>::ReporterFactory, std::allocator<Catch::ReporterRegistrar<Catch::XmlReporter>::ReporterFactory>, (__gnu_cxx::_Lock_policy)2>::_M_destroy()
calls=1 0 
0 110
0 4

fn=(9342)
0 8

fn=(9354) Catch::ReporterRegistrar<Catch::ConsoleReporter>::ReporterFactory::~ReporterFactory()
0 5
cfn=(9342)
calls=1 0 
0 2

fn=(9378) Catch::ITestCaseRegistry::~ITestCaseRegistry()
0 2

fn=(9428)
0 2
cob=(2)
cfi=(18)
cfn=(2878)
calls=1 0 
0 108

fn=(9438)
0 2

fn=(9460)
0 2

fn=(9902) Catch::AutoReg::~AutoReg()
0 95
cfn=(3332)
calls=19 0 
0 38

fn=(2236)
0 12
cob=(3)
cfi=(226) /build/glibc-B3wQXB/glibc-2.31/csu/../csu/libc-start.c
cfn=(2238) (below main)
calls=1 137 
0 5979464

fn=(2806)
0 27
cob=(2)
cfi=(18)
cfn=(2798)
calls=1 0 
0 197
0 28

fn=(2818)
0 40764
cfn=(3406)
calls=19 0 
0 52740
cfn=(2974)
calls=1 0 
0 6
0 260
cfn=(3412) std::_Sp_counted_ptr_inplace<Catch::TestCaseTracking::SectionTracker, std::allocator<Catch::TestCaseTracking::SectionTracker>, (__gnu_cxx::_Lock_policy)2>::_M_destroy()
calls=19 0 
0 1951
cfn=(2976)
calls=1 0 
0 110

fn=(2862)
0 240
cfn=(2858)
calls=60 0 
0 480
0 300
cob=(2)
cfi=(18)
cfn=(2864)
calls=60 0 
0 5950
0 300
cob=(2)
cfi=(18)
cfn=(2864)
calls=60 0 
0 4380
0 420
cob=(2)
cfi=(18)
cfn=(2864)
calls=60 0 
0 4434
0 420
cob=(2)
cfi=(18)
cfn=(2864)
calls=60 0 
0 4434
0 420
cob=(2)
cfi=(18)
cfn=(2864)
calls=60 0 
0 4434
0 420
cob=(2)
cfi=(18)
cfn=(2864)
calls=60 0 
0 4674
0 300

fn=(2902) Catch::toLower(std::__cxx11::basic_string<char, std::char_traits<char>, std::allocator<char> > const&)
0 240
cfn=(2812)
calls=20 0 
0 1104
0 40
cfn=(2904) Catch::toLowerInPlace(std::__cxx11::basic_string<char, std::char_traits<char>, std::allocator<char> >&)
calls=20 0 
0 3624
0 100

fn=(2920) Catch::TestCaseInfo::TestCaseInfo(Catch::TestCaseInfo const&)
0 646
cfn=(2812)
calls=38 0 
0 5330
0 228
cfn=(2812)
calls=38 0 
0 1254
0 266
cfn=(2812)
calls=38 0 
0 1254
0 152
cfn=(2894)
calls=38 0 
0 7250
0 114
cfn=(2894)
calls=38 0 
0 8607
0 456

fn=(2932) _GLOBAL__sub_I_miceboard.cpp
0 4
cob=(2)
cfi=(18)
cfn=(2256)
calls=1 0 
0 25
0 5
cob=(2)
cfi=(18)
cfn=(2784)
calls=1 0 
0 74

fn=(2934) _GLOBAL__sub_I_micegame.cpp
0 4
cob=(2)
cfi=(18)
cfn=(2256)
calls=1 0 
0 25
0 5
cob=(2)
cfi=(18)
cfn=(2784)
calls=1 0 
0 74

fn=(2942)
0 25

fn=(2976)
0 6
cob=(2)
cfi=(18)
cfn=(2878)
calls=3 0 
0 302

fn=(2996) Catch::clara::detail::Parser::parse(std::__cxx11::basic_string<char, std::char_traits<char>, std::allocator<char> > const&, Catch::clara::detail::TokenStream const&) const
0 1250
cob=(2)
cfi=(18)
cfn=(2998)
calls=1 0 
0 1226
0 17
cfn=(2790)
calls=1 0 
0 58
0 4
cob=(2)
cfi=(18)
cfn=(2948)
calls=1 0 
0 64
0 7
cfn=(3008) Catch::clara::detail::BoundValueRef<std::__cxx11::basic_string<char, std::char_traits<char>, std::allocator<char> > >::setValue(std::__cxx11::basic_string<char, std::char_traits<char>, std::allocator<char> > const&)
calls=1 0 
0 82
0 19
cfn=(3010)
calls=1 0 
0 36
0 15
cfn=(3010)
calls=1 0 
0 36
0 30
cfn=(3010)
calls=1 0 
0 36
0 14
cfn=(3012) Catch::clara::detail::ResultValueBase<Catch::clara::detail::ParseState>::ResultValueBase(Catch::clara::detail::ResultValueBase<Catch::clara::detail::ParseState> const&)
calls=1 0 
0 53
0 35
cfn=(3014) std::vector<Catch::clara::detail::Token, std::allocator<Catch::clara::detail::Token> >::~vector()
calls=1 0 
0 14
0 1

fn=(3018) Catch::Session::runInternal()
0 20
cfn=(3020) Catch::Session::config()
calls=1 0 
0 3805
0 2
cfn=(3042) Catch::seedRng(Catch::IConfig const&)
calls=1 0 
0 17
0 11
cfn=(3090) Catch::Config::name[abi:cxx11]() const
calls=1 0 
0 75
0 6
cfn=(9120) Catch::RunContext::testGroupEnded(std::__cxx11::basic_string<char, std::char_traits<char>, std::allocator<char> > const&, Catch::Totals const&, unsigned long, unsigned long)
calls=1 0 
0 279
0 30
cfn=(9128) std::_Rb_tree<Catch::TestCase const*, Catch::TestCase const*, std::_Identity<Catch::TestCase const*>, std::less<Catch::TestCase const*>, std::allocator<Catch::TestCase const*> >::_M_erase(std::_Rb_tree_node<Catch::TestCase const*>*)
calls=1 0 
0 2342
0 2
cfn=(9130) Catch::RunContext::~RunContext()
calls=1 0 
0 40046
0 4
cfn=(2818)
calls=1 0 
0 16
0 17
cfn=(3044)
calls=1 0 
0 199
0 20
cfn=(2942)
calls=1 0 
0 5
0 22
cfn=(3088) Catch::RunContext::RunContext(std::shared_ptr<Catch::IConfig const> const&, std::unique_ptr<Catch::IStreamingReporter, std::default_delete<Catch::IStreamingReporter> >&&)
calls=1 0 
0 207573
0 7
cfn=(2818)
calls=1 0 
0 16
0 12
cfn=(3108)
calls=1 0 
0 58387
0 12
cfn=(3126)
calls=1 0 
0 55
0 31
cfn=(3128) Catch::TestSpec::getInvalidArgs[abi:cxx11]() const
calls=1 0 
0 3
0 16
cfn=(3128)
calls=1 0 
0 3
0 13
cfn=(3090)
calls=1 0 
0 75
0 5
cfn=(3136) Catch::RunContext::testGroupStarting(std::__cxx11::basic_string<char, std::char_traits<char>, std::allocator<char> > const&, unsigned long, unsigned long)
calls=1 0 
0 191
0 84
cfn=(3144) Catch::RunContext::runTest(Catch::TestCase const&)
calls=19 0 
0 4067825
0 57
cfn=(3400)
calls=19 0 
0 665
0 38
cob=(2)
cfi=(18)
cfn=(3402)
calls=19 0 
0 311
0 114
cfn=(3142) Catch::RunContext::aborting() const
calls=19 0 
0 285
0 54
cfn=(3056) Catch::Config::getReporterName[abi:cxx11]() const
calls=1 0 
0 3
0 7
cfn=(3058) Catch::(anonymous namespace)::createReporter(std::__cxx11::basic_string<char, std::char_traits<char>, std::allocator<char> > const&, std::shared_ptr<Catch::IConfig const> const&)
calls=1 0 
0 4689
0 4
cfn=(2818)
calls=1 0 
0 16
0 104
cfn=(3130)
calls=19 0 
0 95
0 114
cfn=(3132) std::pair<std::_Rb_tree_iterator<Catch::TestCase const*>, bool> std::_Rb_tree<Catch::TestCase const*, Catch::TestCase const*, std::_Identity<Catch::TestCase const*>, std::less<Catch::TestCase const*>, std::allocator<Catch::TestCase const*> >::_M_emplace_unique<Catch::TestCase const*>(Catch::TestCase const*&&)
calls=19 0 
0 7920
0 19

fn=(3078)
0 21
cfn=(3080)
calls=1 0 
0 17

fn=(3088)
0 24
cfn=(3090)
calls=1 0 
0 75
0 4
cfn=(3092) Catch::TestRunInfo::TestRunInfo(std::__cxx11::basic_string<char, std::char_traits<char>, std::allocator<char> > const&)
calls=1 0 
0 65
0 58
cfn=(3094)
calls=1 0 
0 207178
0 15
cfn=(3100) Catch::StreamingReporterBase<Catch::ConsoleReporter>::getPreferences() const
calls=1 0 
0 3
0 26
cfn=(3102)
calls=1 0 
0 114
0 11

fn=(3090)
0 45
cfn=(2812)
calls=3 0 
0 171
0 9

fn=(3100)
0 297

fn=(3136)
0 14
cfn=(3138) Catch::GroupInfo::GroupInfo(std::__cxx11::basic_string<char, std::char_traits<char>, std::allocator<char> > const&, unsigned long, unsigned long)
calls=1 0 
0 77
0 3
cfn=(3140)
calls=1 0 
0 85
0 12

fn=(3138)
0 28
cfn=(2812)
calls=2 0 
0 114
0 12

fn=(3150) Catch::TestCaseTracking::NameAndLocation::NameAndLocation(std::__cxx11::basic_string<char, std::char_traits<char>, std::allocator<char> > const&, Catch::SourceLineInfo const&)
0 16458
cfn=(2812)
calls=1266 0 
0 174574
0 7596

fn=(3154) Catch::TestCaseTracking::TrackerBase::TrackerBase(Catch::TestCaseTracking::NameAndLocation const&, Catch::TestCaseTracking::TrackerContext&, Catch::TestCaseTracking::ITracker*)
0 2820
cfn=(2812)
calls=141 0 
0 23473
0 2397

fn=(3166)
0 3798

fn=(3178) Catch::TestCaseTracking::SectionTracker::addNextFilters(std::vector<std::__cxx11::basic_string<char, std::char_traits<char>, std::allocator<char> >, std::allocator<std::__cxx11::basic_string<char, std::char_traits<char>, std::allocator<char> > > > const&)
0 976

fn=(3182)
0 4988

fn=(3222) Catch::FatalConditionHandler::engage_platform()
0 2058
cob=(2)
cfi=(18)
cfn=(3224)
calls=98 0 
0 784
0 3136
cob=(2)
cfi=(18)
cfn=(3228)
calls=98 0 
0 8330
0 2940
cob=(2)
cfi=(18)
cfn=(3228)
calls=490 0 
0 41650
0 2058

fn=(3234) Catch::TestCase::invoke() const
0 392
cfn=(3236) Catch::TestInvokerAsFunction::invoke() const
calls=98 0 
0 3684221

fn=(3238) ____C_A_T_C_H____T_E_S_T____0()
0 414
cfn=(2786)
calls=23 0 
0 4094
0 161
cfn=(3200)
calls=23 0 
0 3450
0 92
cfn=(3240)
calls=23 0 
0 21496
0 46
cfn=(3250)
calls=23 0 
0 2323
0 115
cob=(2)
cfi=(18)
cfn=(2878)
calls=23 0 
0 2024
0 46
cfn=(3252)
calls=23 0 
0 69
0 48
cfn=(3254)
calls=1 0 
0 51
0 2
cfn=(3256)
calls=1 0 
0 3
0 4
cfn=(3258) OthelloStateController::playNoMove(Othellostate&)
calls=1 0 
0 5
0 2
cfn=(3256)
calls=1 0 
0 3
0 6
cfn=(2838)
calls=1 0 
0 45
0 15
cfn=(3262)
calls=1 0 
0 44
0 13
cfn=(3264)
calls=1 0 
0 68
0 4
cfn=(3274)
calls=1 0 
0 2
0 2
cfn=(3276)
calls=1 0 
0 13
0 2
cfn=(3280)
calls=1 0 
0 4
0 3
cfn=(2838)
calls=1 0 
0 32
0 13
cfn=(3262)
calls=1 0 
0 44
0 12
cfn=(3264)
calls=1 0 
0 68
0 4
cfn=(3274)
calls=1 0 
0 2
0 2
cfn=(3276)
calls=1 0 
0 13
0 2
cfn=(3280)
calls=1 0 
0 4
0 3
cfn=(2838)
calls=1 0 
0 40
0 13
cfn=(3262)
calls=1 0 
0 44
0 6
cfn=(2838)
calls=1 0 
0 36
0 17
cfn=(3264)
calls=1 0 
0 68
0 4
cfn=(3274)
calls=1 0 
0 2
0 2
cfn=(3276)
calls=1 0 
0 13
0 2
cfn=(3280)
calls=1 0 
0 4
0 2
cfn=(3282)
calls=1 0 
0 2
0 46
cfn=(3284)
calls=23 0 
0 6279
0 69
cfn=(2786)
calls=23 0 
0 4416
0 161
cfn=(3200)
calls=23 0 
0 3680
0 115
cfn=(3240)
calls=23 0 
0 24087
0 46
cfn=(3250)
calls=23 0 
0 2323
0 138
cob=(2)
cfi=(18)
cfn=(2878)
calls=23 0 
0 2024
0 46
cfn=(3252)
calls=23 0 
0 69
0 64
cfn=(2786)
calls=6 0 
0 1038
0 42
cfn=(3200)
calls=6 0 
0 900
0 18
cfn=(3240)
calls=6 0 
0 6812
0 12
cfn=(3250)
calls=6 0 
0 606
0 24
cob=(2)
cfi=(18)
cfn=(2878)
calls=6 0 
0 528
0 12
cfn=(3252)
calls=6 0 
0 18
0 36
cfn=(3284)
calls=6 0 
0 1825
0 18
cfn=(2786)
calls=6 0 
0 1068
0 42
cfn=(3200)
calls=6 0 
0 900
0 18
cfn=(3240)
calls=6 0 
0 6255
0 12
cfn=(3250)
calls=6 0 
0 606
0 24
cob=(2)
cfi=(18)
cfn=(2878)
calls=6 0 
0 528
0 12
cfn=(3252)
calls=6 0 
0 18
0 36
cfn=(3284)
calls=6 0 
0 1825
0 18
cfn=(2786)
calls=6 0 
0 1128
0 42
cfn=(3200)
calls=6 0 
0 960
0 18
cfn=(3240)
calls=6 0 
0 6668
0 12
cfn=(3250)
calls=6 0 
0 606
0 24
cob=(2)
cfi=(18)
cfn=(2878)
calls=6 0 
0 528
0 12
cfn=(3252)
calls=6 0 
0 18
0 36
cfn=(3284)
calls=6 0 
0 1845
0 18
cfn=(2786)
calls=6 0 
0 1152
0 42
cfn=(3200)
calls=6 0 
0 960
0 18
cfn=(3240)
calls=6 0 
0 6421
0 12
cfn=(3250)
calls=6 0 
0 606
0 24
cob=(2)
cfi=(18)
cfn=(2878)
calls=6 0 
0 528
0 12
cfn=(3252)
calls=6 0 
0 18
0 36
cfn=(3284)
calls=6 0 
0 1845
0 18
cfn=(2786)
calls=6 0 
0 1563
0 42
cfn=(3200)
calls=6 0 
0 1391
0 18
cfn=(3240)
calls=6 0 
0 7688
0 12
cfn=(3250)
calls=6 0 
0 606
0 24
cob=(2)
cfi=(18)
cfn=(2878)
calls=6 0 
0 528
0 12
cfn=(3252)
calls=6 0 
0 18
0 36
cfn=(3284)
calls=6 0 
0 1861
0 18
cfn=(2786)
calls=6 0 
0 1368
0 42
cfn=(3200)
calls=6 0 
0 1008
0 18
cfn=(3240)
calls=6 0 
0 6813
0 12
cfn=(3250)
calls=6 0 
0 606
0 24
cob=(2)
cfi=(18)
cfn=(2878)
calls=6 0 
0 528
0 12
cfn=(3252)
calls=6 0 
0 18
0 30
cfn=(3284)
calls=6 0 
0 1861
0 69
cfn=(3284)
calls=23 0 
0 10127
0 69
cfn=(2786)
calls=23 0 
0 6053
0 161
cfn=(3200)
calls=23 0 
0 4500
0 69
cfn=(3240)
calls=23 0 
0 24476
0 46
cfn=(3250)
calls=23 0 
0 2323
0 92
cob=(2)
cfi=(18)
cfn=(2878)
calls=23 0 
0 2024
0 46
cfn=(3252)
calls=23 0 
0 69
0 55
cfn=(2786)
calls=3 0 
0 576
0 21
cfn=(3200)
calls=3 0 
0 480
0 9
cfn=(3240)
calls=3 0 
0 3759
0 6
cfn=(3250)
calls=3 0 
0 303
0 12
cob=(2)
cfi=(18)
cfn=(2878)
calls=3 0 
0 264
0 6
cfn=(3252)
calls=3 0 
0 9
0 18
cfn=(3284)
calls=3 0 
0 1458
0 9
cfn=(2786)
calls=3 0 
0 588
0 21
cfn=(3200)
calls=3 0 
0 480
0 9
cfn=(3240)
calls=3 0 
0 3948
0 6
cfn=(3250)
calls=3 0 
0 303
0 12
cob=(2)
cfi=(18)
cfn=(2878)
calls=3 0 
0 264
0 6
cfn=(3252)
calls=3 0 
0 9
0 18
cfn=(3284)
calls=3 0 
0 1458
0 9
cfn=(2786)
calls=3 0 
0 576
0 21
cfn=(3200)
calls=3 0 
0 480
0 9
cfn=(3240)
calls=3 0 
0 4263
0 6
cfn=(3250)
calls=3 0 
0 303
0 12
cob=(2)
cfi=(18)
cfn=(2878)
calls=3 0 
0 264
0 6
cfn=(3252)
calls=3 0 
0 9
0 15
cfn=(3284)
calls=3 0 
0 1458
0 46
cfn=(3284)
calls=23 0 
0 6785
0 69
cfn=(2786)
calls=23 0 
0 4416
0 161
cfn=(3200)
calls=23 0 
0 3680
0 69
cfn=(3240)
calls=23 0 
0 22309
0 46
cfn=(3250)
calls=23 0 
0 2323
0 92
cob=(2)
cfi=(18)
cfn=(2878)
calls=23 0 
0 2024
0 46
cfn=(3252)
calls=23 0 
0 69
0 66
cfn=(2786)
calls=5 0 
0 865
0 35
cfn=(3200)
calls=5 0 
0 750
0 15
cfn=(3240)
calls=5 0 
0 5692
0 10
cfn=(3250)
calls=5 0 
0 505
0 30
cob=(2)
cfi=(18)
cfn=(2878)
calls=5 0 
0 440
0 10
cfn=(3252)
calls=5 0 
0 15
0 12
cfn=(3254)
calls=1 0 
0 51
0 2
cfn=(3376)
calls=1 0 
0 34472
0 7
cfn=(2838)
calls=1 0 
0 40
0 13
cfn=(3262)
calls=1 0 
0 44
0 5
cfn=(2838)
calls=1 0 
0 36
0 15
cfn=(3264)
calls=1 0 
0 68
0 4
cfn=(3274)
calls=1 0 
0 2
0 2
cfn=(3276)
calls=1 0 
0 13
0 2
cfn=(3280)
calls=1 0 
0 4
0 2
cfn=(3282)
calls=1 0 
0 2
0 10
cfn=(3284)
calls=5 0 
0 1696
0 20
cfn=(2786)
calls=5 0 
0 940
0 35
cfn=(3200)
calls=5 0 
0 800
0 15
cfn=(3240)
calls=5 0 
0 5725
0 10
cfn=(3250)
calls=5 0 
0 505
0 20
cob=(2)
cfi=(18)
cfn=(2878)
calls=5 0 
0 440
0 10
cfn=(3252)
calls=5 0 
0 15
0 12
cfn=(3254)
calls=1 0 
0 51
0 3
cfn=(3344) OthelloStateController::playMove(Othellostate&, int)
calls=1 0 
0 1730
0 2
cfn=(3376)
calls=1 0 
0 34539
0 7
cfn=(2838)
calls=1 0 
0 40
0 13
cfn=(3262)
calls=1 0 
0 44
0 5
cfn=(2838)
calls=1 0 
0 36
0 15
cfn=(3264)
calls=1 0 
0 68
0 4
cfn=(3274)
calls=1 0 
0 2
0 2
cfn=(3276)
calls=1 0 
0 13
0 2
cfn=(3280)
calls=1 0 
0 4
0 2
cfn=(3282)
calls=1 0 
0 2
0 10
cfn=(3284)
calls=5 0 
0 1716
0 20
cfn=(2786)
calls=5 0 
0 940
0 35
cfn=(3200)
calls=5 0 
0 800
0 15
cfn=(3240)
calls=5 0 
0 5974
0 10
cfn=(3250)
calls=5 0 
0 505
0 20
cob=(2)
cfi=(18)
cfn=(2878)
calls=5 0 
0 440
0 10
cfn=(3252)
calls=5 0 
0 15
0 12
cfn=(3254)
calls=1 0 
0 51
0 3
cfn=(3344)
calls=1 0 
0 1730
0 2
cfn=(3376)
calls=1 0 
0 34281
0 7
cfn=(2838)
calls=1 0 
0 40
0 13
cfn=(3262)
calls=1 0 
0 44
0 5
cfn=(2838)
calls=1 0 
0 36
0 15
cfn=(3264)
calls=1 0 
0 68
0 4
cfn=(3274)
calls=1 0 
0 2
0 2
cfn=(3276)
calls=1 0 
0 13
0 2
cfn=(3280)
calls=1 0 
0 4
0 2
cfn=(3282)
calls=1 0 
0 2
0 10
cfn=(3284)
calls=5 0 
0 1716
0 20
cfn=(2786)
calls=5 0 
0 960
0 35
cfn=(3200)
calls=5 0 
0 800
0 15
cfn=(3240)
calls=5 0 
0 5666
0 10
cfn=(3250)
calls=5 0 
0 505
0 20
cob=(2)
cfi=(18)
cfn=(2878)
calls=5 0 
0 440
0 10
cfn=(3252)
calls=5 0 
0 15
0 12
cfn=(3254)
calls=1 0 
0 51
0 3
cfn=(3344)
calls=1 0 
0 1730
0 3
cfn=(3344)
calls=1 0 
0 1761
0 2
cfn=(3376)
calls=1 0 
0 33606
0 7
cfn=(2838)
calls=1 0 
0 40
0 13
cfn=(3262)
calls=1 0 
0 44
0 5
cfn=(2838)
calls=1 0 
0 36
0 15
cfn=(3264)
calls=1 0 
0 68
0 4
cfn=(3274)
calls=1 0 
0 2
0 2
cfn=(3276)
calls=1 0 
0 13
0 2
cfn=(3280)
calls=1 0 
0 4
0 2
cfn=(3282)
calls=1 0 
0 2
0 10
cfn=(3284)
calls=5 0 
0 1716
0 20
cfn=(2786)
calls=5 0 
0 960
0 35
cfn=(3200)
calls=5 0 
0 800
0 15
cfn=(3240)
calls=5 0 
0 6169
0 10
cfn=(3250)
calls=5 0 
0 505
0 20
cob=(2)
cfi=(18)
cfn=(2878)
calls=5 0 
0 440
0 10
cfn=(3252)
calls=5 0 
0 15
0 12
cfn=(3254)
calls=1 0 
0 51
0 3
cfn=(3344)
calls=1 0 
0 1730
0 3
cfn=(3344)
calls=1 0 
0 1761
0 3
cfn=(3344)
calls=1 0 
0 1761
0 3
cfn=(3344)
calls=1 0 
0 2490
0 2
cfn=(3376)
calls=1 0 
0 32716
0 7
cfn=(2838)
calls=1 0 
0 40
0 13
cfn=(3262)
calls=1 0 
0 44
0 5
cfn=(2838)
calls=1 0 
0 36
0 15
cfn=(3264)
calls=1 0 
0 68
0 4
cfn=(3274)
calls=1 0 
0 2
0 2
cfn=(3276)
calls=1 0 
0 13
0 2
cfn=(3280)
calls=1 0 
0 4
0 2
cfn=(3282)
calls=1 0 
0 2
0 10
cfn=(3284)
calls=5 0 
0 1716
0 69
cfn=(3284)
calls=23 0 
0 8873
0 69
cfn=(2786)
calls=23 0 
0 4324
0 161
cfn=(3200)
calls=23 0 
0 3680
0 69
cfn=(3240)
calls=23 0 
0 22672
0 46
cfn=(3250)
calls=23 0 
0 2323
0 92
cob=(2)
cfi=(18)
cfn=(2878)
calls=23 0 
0 2024
0 46
cfn=(3252)
calls=23 0 
0 69
0 58
cfn=(2786)
calls=3 0 
0 534
0 21
cfn=(3200)
calls=3 0 
0 450
0 9
cfn=(3240)
calls=3 0 
0 4508
0 6
cfn=(3250)
calls=3 0 
0 303
0 18
cob=(2)
cfi=(18)
cfn=(2878)
calls=3 0 
0 264
0 6
cfn=(3252)
calls=3 0 
0 9
0 11
cfn=(3254)
calls=1 0 
0 51
0 5
cob=(2)
cfi=(18)
cfn=(3356)
calls=1 0 
0 104
0 15
cfn=(3378)
calls=1 0 
0 34350
0 31
cfn=(3382)
calls=4 0 
0 24
0 28
cfn=(3382)
calls=4 0 
0 24
0 25
cfn=(2838)
calls=1 0 
0 40
0 15
cfn=(3262)
calls=1 0 
0 44
0 11
cfn=(2838)
calls=1 0 
0 36
0 17
cfn=(3264)
calls=1 0 
0 68
0 4
cfn=(3274)
calls=1 0 
0 2
0 2
cfn=(3276)
calls=1 0 
0 13
0 2
cfn=(3280)
calls=1 0 
0 4
0 3
cfn=(2838)
calls=1 0 
0 32
0 13
cfn=(3262)
calls=1 0 
0 44
0 3
cfn=(2838)
calls=1 0 
0 36
0 15
cfn=(3264)
calls=1 0 
0 68
0 4
cfn=(3274)
calls=1 0 
0 2
0 2
cfn=(3276)
calls=1 0 
0 13
0 2
cfn=(3280)
calls=1 0 
0 4
0 2
cfn=(3384) QVector<int>::~QVector()
calls=1 0 
0 103
0 2
cfn=(3384)
calls=1 0 
0 103
0 2
cfn=(3282)
calls=1 0 
0 2
0 6
cfn=(3284)
calls=3 0 
0 1438
0 12
cfn=(2786)
calls=3 0 
0 576
0 21
cfn=(3200)
calls=3 0 
0 480
0 9
cfn=(3240)
calls=3 0 
0 3786
0 6
cfn=(3250)
calls=3 0 
0 303
0 12
cob=(2)
cfi=(18)
cfn=(2878)
calls=3 0 
0 264
0 6
cfn=(3252)
calls=3 0 
0 9
0 11
cfn=(3254)
calls=1 0 
0 51
0 5
cob=(2)
cfi=(18)
cfn=(3356)
calls=1 0 
0 104
0 12
cfn=(3344)
calls=1 0 
0 1730
0 5
cfn=(3378)
calls=1 0 
0 34417
0 25
cfn=(3382)
calls=3 0 
0 18
0 21
cfn=(3382)
calls=3 0 
0 18
0 20
cfn=(2838)
calls=1 0 
0 40
0 15
cfn=(3262)
calls=1 0 
0 44
0 11
cfn=(2838)
calls=1 0 
0 36
0 17
cfn=(3264)
calls=1 0 
0 68
0 4
cfn=(3274)
calls=1 0 
0 2
0 2
cfn=(3276)
calls=1 0 
0 13
0 2
cfn=(3280)
calls=1 0 
0 4
0 3
cfn=(2838)
calls=1 0 
0 32
0 13
cfn=(3262)
calls=1 0 
0 44
0 3
cfn=(2838)
calls=1 0 
0 36
0 15
cfn=(3264)
calls=1 0 
0 68
0 4
cfn=(3274)
calls=1 0 
0 2
0 2
cfn=(3276)
calls=1 0 
0 13
0 2
cfn=(3280)
calls=1 0 
0 4
0 2
cfn=(3384)
calls=1 0 
0 103
0 2
cfn=(3384)
calls=1 0 
0 103
0 2
cfn=(3282)
calls=1 0 
0 2
0 6
cfn=(3284)
calls=3 0 
0 1458
0 12
cfn=(2786)
calls=3 0 
0 576
0 21
cfn=(3200)
calls=3 0 
0 480
0 9
cfn=(3240)
calls=3 0 
0 3948
0 6
cfn=(3250)
calls=3 0 
0 303
0 12
cob=(2)
cfi=(18)
cfn=(2878)
calls=3 0 
0 264
0 6
cfn=(3252)
calls=3 0 
0 9
0 15
cfn=(3284)
calls=3 0 
0 1458
0 69
cfn=(3284)
calls=23 0 
0 6419
0 69
cfn=(2786)
calls=23 0 
0 4416
0 161
cfn=(3200)
calls=23 0 
0 3680
0 69
cfn=(3240)
calls=23 0 
0 22847
0 46
cfn=(3250)
calls=23 0 
0 2323
0 92
cob=(2)
cfi=(18)
cfn=(2878)
calls=23 0 
0 2024
0 46
cfn=(3252)
calls=23 0 
0 69
0 66
cfn=(2786)
calls=5 0 
0 890
0 35
cfn=(3200)
calls=5 0 
0 750
0 15
cfn=(3240)
calls=5 0 
0 5036
0 10
cfn=(3250)
calls=5 0 
0 505
0 30
cob=(2)
cfi=(18)
cfn=(2878)
calls=5 0 
0 440
0 10
cfn=(3252)
calls=5 0 
0 15
0 12
cfn=(3254)
calls=1 0 
0 51
0 4
cfn=(3380) OthelloStateController::isPossibleMove(Othellostate const&, int, int)
calls=1 0 
0 471
0 6
cfn=(2838)
calls=1 0 
0 32
0 13
cfn=(3262)
calls=1 0 
0 44
0 3
cfn=(2838)
calls=1 0 
0 36
0 14
cfn=(3264)
calls=1 0 
0 68
0 4
cfn=(3274)
calls=1 0 
0 2
0 2
cfn=(3276)
calls=1 0 
0 13
0 2
cfn=(3280)
calls=1 0 
0 4
0 2
cfn=(3282)
calls=1 0 
0 2
0 10
cfn=(3284)
calls=5 0 
0 1696
0 20
cfn=(2786)
calls=5 0 
0 890
0 35
cfn=(3200)
calls=5 0 
0 750
0 15
cfn=(3240)
calls=5 0 
0 5499
0 10
cfn=(3250)
calls=5 0 
0 505
0 20
cob=(2)
cfi=(18)
cfn=(2878)
calls=5 0 
0 440
0 10
cfn=(3252)
calls=5 0 
0 15
0 12
cfn=(3254)
calls=1 0 
0 51
0 4
cfn=(3380)
calls=1 0 
0 601
0 6
cfn=(2838)
calls=1 0 
0 32
0 13
cfn=(3262)
calls=1 0 
0 44
0 3
cfn=(2838)
calls=1 0 
0 36
0 16
cfn=(3264)
calls=1 0 
0 68
0 4
cfn=(3274)
calls=1 0 
0 2
0 2
cfn=(3276)
calls=1 0 
0 13
0 2
cfn=(3280)
calls=1 0 
0 4
0 2
cfn=(3282)
calls=1 0 
0 2
0 10
cfn=(3284)
calls=5 0 
0 1696
0 20
cfn=(2786)
calls=5 0 
0 890
0 35
cfn=(3200)
calls=5 0 
0 750
0 15
cfn=(3240)
calls=5 0 
0 5876
0 10
cfn=(3250)
calls=5 0 
0 505
0 20
cob=(2)
cfi=(18)
cfn=(2878)
calls=5 0 
0 440
0 10
cfn=(3252)
calls=5 0 
0 15
0 12
cfn=(3254)
calls=1 0 
0 51
0 4
cfn=(3380)
calls=1 0 
0 528
0 6
cfn=(2838)
calls=1 0 
0 32
0 13
cfn=(3262)
calls=1 0 
0 44
0 3
cfn=(2838)
calls=1 0 
0 36
0 16
cfn=(3264)
calls=1 0 
0 68
0 4
cfn=(3274)
calls=1 0 
0 2
0 2
cfn=(3276)
calls=1 0 
0 13
0 2
cfn=(3280)
calls=1 0 
0 4
0 2
cfn=(3282)
calls=1 0 
0 2
0 10
cfn=(3284)
calls=5 0 
0 1696
0 20
cfn=(2786)
calls=5 0 
0 940
0 35
cfn=(3200)
calls=5 0 
0 800
0 15
cfn=(3240)
calls=5 0 
0 5517
0 10
cfn=(3250)
calls=5 0 
0 505
0 20
cob=(2)
cfi=(18)
cfn=(2878)
calls=5 0 
0 440
0 10
cfn=(3252)
calls=5 0 
0 15
0 12
cfn=(3254)
calls=1 0 
0 51
0 3
cfn=(3344)
calls=1 0 
0 1730
0 4
cfn=(3380)
calls=1 0 
0 535
0 6
cfn=(2838)
calls=1 0 
0 32
0 13
cfn=(3262)
calls=1 0 
0 44
0 3
cfn=(2838)
calls=1 0 
0 36
0 14
cfn=(3264)
calls=1 0 
0 68
0 4
cfn=(3274)
calls=1 0 
0 2
0 2
cfn=(3276)
calls=1 0 
0 13
0 2
cfn=(3280)
calls=1 0 
0 4
0 2
cfn=(3282)
calls=1 0 
0 2
0 10
cfn=(3284)
calls=5 0 
0 1716
0 20
cfn=(2786)
calls=5 0 
0 940
0 35
cfn=(3200)
calls=5 0 
0 800
0 15
cfn=(3240)
calls=5 0 
0 6015
0 10
cfn=(3250)
calls=5 0 
0 505
0 20
cob=(2)
cfi=(18)
cfn=(2878)
calls=5 0 
0 440
0 10
cfn=(3252)
calls=5 0 
0 15
0 12
cfn=(3254)
calls=1 0 
0 51
0 3
cfn=(3344)
calls=1 0 
0 1730
0 3
cfn=(3344)
calls=1 0 
0 1761
0 4
cfn=(3380)
calls=1 0 
0 407
0 6
cfn=(2838)
calls=1 0 
0 32
0 13
cfn=(3262)
calls=1 0 
0 44
0 3
cfn=(2838)
calls=1 0 
0 36
0 14
cfn=(3264)
calls=1 0 
0 68
0 4
cfn=(3274)
calls=1 0 
0 2
0 2
cfn=(3276)
calls=1 0 
0 13
0 2
cfn=(3280)
calls=1 0 
0 4
0 2
cfn=(3282)
calls=1 0 
0 2
0 10
cfn=(3284)
calls=5 0 
0 1716
0 46
cfn=(3284)
calls=23 0 
0 8873
0 255
cfn=(3254)
calls=1 0 
0 51
0 2
cfn=(3256)
calls=1 0 
0 3
0 379
cfn=(3344)
calls=1 0 
0 1686
0 709
cfn=(3256)
calls=1 0 
0 3
0 6
cfn=(2838)
calls=1 0 
0 40
0 16
cfn=(3262)
calls=1 0 
0 44
0 6
cfn=(2838)
calls=1 0 
0 36
0 18
cfn=(3264)
calls=1 0 
0 68
0 5
cfn=(3274)
calls=1 0 
0 2
0 2
cfn=(3276)
calls=1 0 
0 13
0 2
cfn=(3280)
calls=1 0 
0 4
0 3
cfn=(2838)
calls=1 0 
0 32
0 13
cfn=(3262)
calls=1 0 
0 44
0 3
cfn=(2838)
calls=1 0 
0 36
0 14
cfn=(3264)
calls=1 0 
0 68
0 4
cfn=(3274)
calls=1 0 
0 2
0 2
cfn=(3276)
calls=1 0 
0 13
0 2
cfn=(3280)
calls=1 0 
0 4
0 2
cfn=(3282)
calls=1 0 
0 2
0 3
cfn=(3254)
calls=1 0 
0 51
0 5
cob=(2)
cfi=(18)
cfn=(3356)
calls=1 0 
0 104
0 14
cfn=(3344)
calls=1 0 
0 1730
0 3
cfn=(3344)
calls=1 0 
0 1792
0 5
cfn=(3378)
calls=1 0 
0 32722
0 37
cfn=(3382)
calls=5 0 
0 30
0 35
cfn=(3382)
calls=5 0 
0 30
0 30
cfn=(2838)
calls=1 0 
0 40
0 15
cfn=(3262)
calls=1 0 
0 44
0 11
cfn=(2838)
calls=1 0 
0 36
0 17
cfn=(3264)
calls=1 0 
0 68
0 4
cfn=(3274)
calls=1 0 
0 2
0 2
cfn=(3276)
calls=1 0 
0 13
0 2
cfn=(3280)
calls=1 0 
0 4
0 3
cfn=(2838)
calls=1 0 
0 32
0 13
cfn=(3262)
calls=1 0 
0 44
0 3
cfn=(2838)
calls=1 0 
0 36
0 15
cfn=(3264)
calls=1 0 
0 68
0 4
cfn=(3274)
calls=1 0 
0 2
0 2
cfn=(3276)
calls=1 0 
0 13
0 2
cfn=(3280)
calls=1 0 
0 4
0 2
cfn=(3384)
calls=1 0 
0 103
0 2
cfn=(3384)
calls=1 0 
0 103
0 2
cfn=(3282)
calls=1 0 
0 2
0 3
cfn=(3254)
calls=1 0 
0 51
0 2
cfn=(3256)
calls=1 0 
0 3
0 377
cfn=(3344)
calls=1 0 
0 1730
0 3
cfn=(3344)
calls=1 0 
0 1792
0 612
cfn=(3254)
calls=1 0 
0 51
0 2
cfn=(3256)
calls=1 0 
0 3
0 379
cfn=(3344)
calls=1 0 
0 1894
0 768
cfn=(3256)
calls=1 0 
0 3
0 6
cfn=(2838)
calls=1 0 
0 40
0 16
cfn=(3262)
calls=1 0 
0 44
0 6
cfn=(2838)
calls=1 0 
0 36
0 18
cfn=(3264)
calls=1 0 
0 68
0 5
cfn=(3274)
calls=1 0 
0 2
0 2
cfn=(3276)
calls=1 0 
0 13
0 2
cfn=(3280)
calls=1 0 
0 4
0 3
cfn=(2838)
calls=1 0 
0 32
0 13
cfn=(3262)
calls=1 0 
0 44
0 3
cfn=(2838)
calls=1 0 
0 36
0 14
cfn=(3264)
calls=1 0 
0 68
0 4
cfn=(3274)
calls=1 0 
0 2
0 2
cfn=(3276)
calls=1 0 
0 13
0 2
cfn=(3280)
calls=1 0 
0 4
0 2
cfn=(3282)
calls=1 0 
0 2
0 3
cfn=(3254)
calls=1 0 
0 51
0 2
cfn=(3256)
calls=1 0 
0 3
0 376
cfn=(3344)
calls=1 0 
0 1730
0 3
cfn=(3344)
calls=1 0 
0 1761
0 1107
cfn=(3256)
calls=1 0 
0 3
0 6
cfn=(2838)
calls=1 0 
0 40
0 16
cfn=(3262)
calls=1 0 
0 44
0 6
cfn=(2838)
calls=1 0 
0 36
0 18
cfn=(3264)
calls=1 0 
0 68
0 5
cfn=(3274)
calls=1 0 
0 2
0 2
cfn=(3276)
calls=1 0 
0 13
0 2
cfn=(3280)
calls=1 0 
0 4
0 3
cfn=(2838)
calls=1 0 
0 32
0 13
cfn=(3262)
calls=1 0 
0 44
0 3
cfn=(2838)
calls=1 0 
0 36
0 14
cfn=(3264)
calls=1 0 
0 68
0 4
cfn=(3274)
calls=1 0 
0 2
0 2
cfn=(3276)
calls=1 0 
0 13
0 2
cfn=(3280)
calls=1 0 
0 4
0 2
cfn=(3282)
calls=1 0 
0 2
0 3
cfn=(3254)
calls=1 0 
0 51
0 2
cfn=(3256)
calls=1 0 
0 3
0 379
cfn=(3344)
calls=1 0 
0 1730
0 705
cfn=(3256)
calls=1 0 
0 3
0 6
cfn=(2838)
calls=1 0 
0 40
0 16
cfn=(3262)
calls=1 0 
0 44
0 6
cfn=(2838)
calls=1 0 
0 36
0 18
cfn=(3264)
calls=1 0 
0 68
0 5
cfn=(3274)
calls=1 0 
0 2
0 2
cfn=(3276)
calls=1 0 
0 13
0 2
cfn=(3280)
calls=1 0 
0 4
0 3
cfn=(2838)
calls=1 0 
0 32
0 13
cfn=(3262)
calls=1 0 
0 44
0 3
cfn=(2838)
calls=1 0 
0 36
0 14
cfn=(3264)
calls=1 0 
0 68
0 4
cfn=(3274)
calls=1 0 
0 2
0 2
cfn=(3276)
calls=1 0 
0 13
0 2
cfn=(3280)
calls=1 0 
0 4
0 2
cfn=(3282)
calls=1 0 
0 2
0 3
cfn=(3254)
calls=1 0 
0 51
0 377
cfn=(3344)
calls=1 0 
0 1730
0 770
cfn=(2838)
calls=1 0 
0 32
0 13
cfn=(3262)
calls=1 0 
0 44
0 3
cfn=(2838)
calls=1 0 
0 36
0 14
cfn=(3264)
calls=1 0 
0 68
0 4
cfn=(3274)
calls=1 0 
0 2
0 2
cfn=(3276)
calls=1 0 
0 13
0 2
cfn=(3280)
calls=1 0 
0 4
0 2
cfn=(3282)
calls=1 0 
0 2
0 3
cfn=(3254)
calls=1 0 
0 51
0 377
cfn=(3344)
calls=1 0 
0 1730
0 708
cfn=(2838)
calls=1 0 
0 32
0 13
cfn=(3262)
calls=1 0 
0 44
0 3
cfn=(2838)
calls=1 0 
0 36
0 14
cfn=(3264)
calls=1 0 
0 68
0 4
cfn=(3274)
calls=1 0 
0 2
0 2
cfn=(3276)
calls=1 0 
0 13
0 2
cfn=(3280)
calls=1 0 
0 4
0 2
cfn=(3282)
calls=1 0 
0 2
0 3
cfn=(3254)
calls=1 0 
0 51
0 377
cfn=(3344)
calls=1 0 
0 1730
0 708
cfn=(2838)
calls=1 0 
0 32
0 13
cfn=(3262)
calls=1 0 
0 44
0 3
cfn=(2838)
calls=1 0 
0 36
0 14
cfn=(3264)
calls=1 0 
0 68
0 4
cfn=(3274)
calls=1 0 
0 2
0 2
cfn=(3276)
calls=1 0 
0 13
0 2
cfn=(3280)
calls=1 0 
0 4
0 2
cfn=(3282)
calls=1 0 
0 2
0 3
cfn=(3254)
calls=1 0 
0 51
0 2
cfn=(3256)
calls=1 0 
0 3
0 379
cfn=(3344)
calls=1 0 
0 629
0 629
cfn=(3256)
calls=1 0 
0 3
0 6
cfn=(2838)
calls=1 0 
0 40
0 16
cfn=(3262)
calls=1 0 
0 44
0 6
cfn=(2838)
calls=1 0 
0 36
0 18
cfn=(3264)
calls=1 0 
0 68
0 5
cfn=(3274)
calls=1 0 
0 2
0 2
cfn=(3276)
calls=1 0 
0 13
0 2
cfn=(3280)
calls=1 0 
0 4
0 3
cfn=(2838)
calls=1 0 
0 32
0 13
cfn=(3262)
calls=1 0 
0 44
0 3
cfn=(2838)
calls=1 0 
0 36
0 14
cfn=(3264)
calls=1 0 
0 68
0 4
cfn=(3274)
calls=1 0 
0 2
0 2
cfn=(3276)
calls=1 0 
0 13
0 2
cfn=(3280)
calls=1 0 
0 4
0 2
cfn=(3282)
calls=1 0 
0 2
0 333
cfn=(3256)
calls=1 0 
0 3
0 6
cfn=(2838)
calls=1 0 
0 40
0 16
cfn=(3262)
calls=1 0 
0 44
0 6
cfn=(2838)
calls=1 0 
0 36
0 18
cfn=(3264)
calls=1 0 
0 68
0 5
cfn=(3274)
calls=1 0 
0 2
0 2
cfn=(3276)
calls=1 0 
0 13
0 2
cfn=(3280)
calls=1 0 
0 4
0 3
cfn=(2838)
calls=1 0 
0 32
0 13
cfn=(3262)
calls=1 0 
0 44
0 3
cfn=(2838)
calls=1 0 
0 36
0 14
cfn=(3264)
calls=1 0 
0 68
0 4
cfn=(3274)
calls=1 0 
0 2
0 2
cfn=(3276)
calls=1 0 
0 13
0 2
cfn=(3280)
calls=1 0 
0 4
0 2
cfn=(3282)
calls=1 0 
0 2
0 611

fn=(3276)
0 476
cfn=(3278) Catch::AssertionHandler::setCompleted()
calls=119 0 
0 357
0 714

fn=(3286) Catch::Timer::getElapsedSeconds() const
0 654
cfn=(3288) Catch::Timer::getElapsedMicroseconds() const
calls=218 0 
0 13516
0 1526

fn=(3370) QVector<int>::QVector(QVector<int> const&)
0 1480

fn=(9120)
0 19
cfn=(3142)
calls=1 0 
0 15
0 9
cfn=(3138)
calls=1 0 
0 77
0 6
cfn=(9122) Catch::TestGroupStats::TestGroupStats(Catch::GroupInfo const&, Catch::Totals const&, bool)
calls=1 0 
0 96
0 3
cfn=(9124) Catch::ConsoleReporter::testGroupEnded(Catch::TestGroupStats const&)
calls=1 0 
0 28
0 2
cfn=(9126) Catch::TestGroupStats::~TestGroupStats()
calls=1 0 
0 9
0 15

fn=(9124)
0 28

fn=(9138)
0 20
cfn=(9140)
calls=4 0 
0 10113

fn=(3388)
0 380
cfn=(3312)
calls=19 0 
0 228
0 76
cfn=(3312)
calls=19 0 
0 228
0 171

fn=(3412)
0 282
cob=(2)
cfi=(18)
cfn=(2878)
calls=141 0 
0 16195

fn=(3416)
0 72

fn=(3420)
0 72

fn=(3468)
0 200
cfn=(3470) Catch::AssertionResult::isOk() const
calls=8 0 
0 120
0 128
cfn=(3462)
calls=8 0 
0 24
0 16

fn=(3476) ____C_A_T_C_H____T_E_S_T____35()
0 60
cfn=(2790)
calls=3 0 
0 414
0 21
cfn=(3200)
calls=3 0 
0 480
0 15
cfn=(3240)
calls=3 0 
0 3513
0 33
cob=(2)
cfi=(18)
cfn=(2878)
calls=3 0 
0 264
0 12
cob=(2)
cfi=(18)
cfn=(2878)
calls=3 0 
0 264
0 6
cfn=(3252)
calls=3 0 
0 9
0 12
cfn=(3416)
calls=1 0 
0 4
0 3
cfn=(3418)
calls=1 0 
0 351
0 378
cfn=(3478) OthelloGame::doMove(int)
calls=1 0 
0 17
0 440
cfn=(2838)
calls=1 0 
0 40
0 13
cfn=(3262)
calls=1 0 
0 44
0 3
cfn=(2838)
calls=1 0 
0 36
0 14
cfn=(3264)
calls=1 0 
0 68
0 4
cfn=(3274)
calls=1 0 
0 2
0 2
cfn=(3276)
calls=1 0 
0 13
0 2
cfn=(3280)
calls=1 0 
0 4
0 2
cfn=(3434)
calls=1 0 
0 220
0 9
cfn=(3284)
calls=3 0 
0 1458
0 21
cfn=(2790)
calls=3 0 
0 414
0 21
cfn=(3200)
calls=3 0 
0 480
0 9
cfn=(3240)
calls=3 0 
0 3651
0 21
cob=(2)
cfi=(18)
cfn=(2878)
calls=3 0 
0 264
0 12
cob=(2)
cfi=(18)
cfn=(2878)
calls=3 0 
0 264
0 6
cfn=(3252)
calls=3 0 
0 9
0 12
cfn=(3284)
calls=3 0 
0 1458
0 21
cfn=(2790)
calls=3 0 
0 414
0 21
cfn=(3200)
calls=3 0 
0 480
0 9
cfn=(3240)
calls=3 0 
0 3901
0 21
cob=(2)
cfi=(18)
cfn=(2878)
calls=3 0 
0 284
0 12
cob=(2)
cfi=(18)
cfn=(2878)
calls=3 0 
0 284
0 6
cfn=(3252)
calls=3 0 
0 9
0 9
cfn=(3416)
calls=1 0 
0 4
0 3
cfn=(3418)
calls=1 0 
0 351
0 5
cfn=(3478)
calls=1 0 
0 3446
0 5
cfn=(3484) Catch::operator|(Catch::ResultDisposition::Flags, Catch::ResultDisposition::Flags)
calls=1 0 
0 4
0 6
cfn=(2838)
calls=1 0 
0 40
0 13
cfn=(3262)
calls=1 0 
0 44
0 6
cfn=(2838)
calls=1 0 
0 36
0 16
cfn=(3264)
calls=1 0 
0 68
0 4
cfn=(3274)
calls=1 0 
0 2
0 2
cfn=(3276)
calls=1 0 
0 13
0 2
cfn=(3280)
calls=1 0 
0 4
0 2
cfn=(3434)
calls=1 0 
0 220
0 6
cfn=(3284)
calls=3 0 
0 1478
0 36
cfn=(3416)
calls=1 0 
0 4
0 3
cfn=(3418)
calls=1 0 
0 351
0 5
cfn=(3478)
calls=1 0 
0 3357
0 5
cfn=(3484)
calls=1 0 
0 4
0 6
cfn=(2838)
calls=1 0 
0 40
0 13
cfn=(3262)
calls=1 0 
0 44
0 6
cfn=(2838)
calls=1 0 
0 36
0 16
cfn=(3264)
calls=1 0 
0 68
0 4
cfn=(3274)
calls=1 0 
0 2
0 2
cfn=(3276)
calls=1 0 
0 13
0 2
cfn=(3280)
calls=1 0 
0 4
0 2
cfn=(3434)
calls=1 0 
0 220
0 1

fn=(3484)
0 20

fn=(3498)
0 1127

fn=(3504) OthelloMinMax::Evaluate(Othellostate const&) const
0 88
cfn=(3498)
calls=11 0 
0 606
0 24
cfn=(3256)
calls=1 0 
0 3
0 67
cfn=(3506)
calls=10 0 
0 17930

fn=(3558)
0 176
cfn=(3560)
calls=16 0 
0 48
0 224
cfn=(3562) void std::_Hashtable<int, int, std::allocator<int>, std::__detail::_Identity, std::equal_to<int>, std::hash<int>, std::__detail::_Mod_range_hashing, std::__detail::_Default_ranged_hash, std::__detail::_Prime_rehash_policy, std::__detail::_Hashtable_traits<false, true, true> >::_M_assign<std::_Hashtable<int, int, std::allocator<int>, std::__detail::_Identity, std::equal_to<int>, std::hash<int>, std::__detail::_Mod_range_hashing, std::__detail::_Default_ranged_hash, std::__detail::_Prime_rehash_policy, std::__detail::_Hashtable_traits<false, true, true> >::_M_assign(std::_Hashtable<int, int, std::allocator<int>, std::__detail::_Identity, std::equal_to<int>, std::hash<int>, std::__detail::_Mod_range_hashing, std::__detail::_Default_ranged_hash, std::__detail::_Prime_rehash_policy, std::__detail::_Hashtable_traits<false, true, true> > const&)::{lambda(std::__detail::_Hash_node<int, false> const*)#1}>(std::_Hashtable<int, int, std::allocator<int>, std::__detail::_Identity, std::equal_to<int>, std::hash<int>, std::__detail::_Mod_range_hashing, std::__detail::_Default_ranged_hash, std::__detail::_Prime_rehash_policy, std::__detail::_Hashtable_traits<false, true, true> > const&, std::_Hashtable<int, int, std::allocator<int>, std::__detail::_Identity, std::equal_to<int>, std::hash<int>, std::__detail::_Mod_range_hashing, std::__detail::_Default_ranged_hash, std::__detail::_Prime_rehash_policy, std::__detail::_Hashtable_traits<false, true, true> >::_M_assign(std::_Hashtable<int, int, std::allocator<int>, std::__detail::_Identity, std::equal_to<int>, std::hash<int>, std::__detail::_Mod_range_hashing, std::__detail::_Default_ranged_hash, std::__detail::_Prime_rehash_policy, std::__detail::_Hashtable_traits<false, true, true> > const&)::{lambda(std::__detail::_Hash_node<int, false> const*)#1} const&)
calls=16 0 
0 63952
0 230
cfn=(3564) std::_Hashtable<int, int, std::allocator<int>, std::__detail::_Identity, std::equal_to<int>, std::hash<int>, std::__detail::_Mod_range_hashing, std::__detail::_Default_ranged_hash, std::__detail::_Prime_rehash_policy, std::__detail::_Hashtable_traits<false, true, true> >::~_Hashtable()
calls=7 0 
0 17102
0 18
cfn=(3564)
calls=9 0 
0 19399
0 162

fn=(3588)
0 66

fn=(3604) MiceGame::currentPlayerId() const
0 3
cfn=(3482)
calls=1 0 
0 3

fn=(9160) Catch::(anonymous namespace)::PosixColourImpl::setColour(char const*) [clone .isra.0]
0 152
cfn=(3066)
calls=8 0 
0 56
0 40
cob=(2)
cfi=(18)
cfn=(9162)
calls=8 0 
0 9259
0 24
cob=(2)
cfi=(18)
cfn=(2788)
calls=8 0 
0 144
0 32
cob=(2)
cfi=(18)
cfn=(9162)
calls=8 0 
0 2036
0 56

fn=(9024) QtPrivate::QSlotObject<void (Client::*)(long long), QtPrivate::List<long long>, void>::impl(int, QtPrivate::QSlotObjectBase*, QObject*, void**, bool*)
0 13
cob=(2)
cfi=(18)
cfn=(3436)
calls=1 0 
0 92

fn=(9116) ____C_A_T_C_H____T_E_S_T____119()
0 360
cfn=(2786)
calls=20 0 
0 3460
0 140
cfn=(3200)
calls=20 0 
0 3000
0 80
cfn=(3240)
calls=20 0 
0 17486
0 40
cfn=(3250)
calls=20 0 
0 2020
0 120
cob=(2)
cfi=(18)
cfn=(2878)
calls=20 0 
0 1760
0 40
cfn=(3252)
calls=20 0 
0 60
0 42
cfn=(3516) MiceBoard::MiceBoard()
calls=1 0 
0 9381
0 5
cfn=(3574)
calls=1 0 
0 17
0 5
cfn=(2838)
calls=1 0 
0 40
0 15
cfn=(3262)
calls=1 0 
0 44
0 3
cfn=(3382)
calls=1 0 
0 6
0 9
cfn=(2838)
calls=1 0 
0 36
0 16
cfn=(3264)
calls=1 0 
0 68
0 5
cfn=(3274)
calls=1 0 
0 2
0 2
cfn=(3276)
calls=1 0 
0 13
0 2
cfn=(3280)
calls=1 0 
0 4
0 2
cfn=(9118) MiceBoard::~MiceBoard()
calls=1 0 
0 2936
0 40
cfn=(3284)
calls=20 0 
0 3631
0 80
cfn=(2786)
calls=20 0 
0 3840
0 140
cfn=(3200)
calls=20 0 
0 3200
0 60
cfn=(3240)
calls=20 0 
0 18737
0 40
cfn=(3250)
calls=20 0 
0 2020
0 80
cob=(2)
cfi=(18)
cfn=(2878)
calls=20 0 
0 1760
0 40
cfn=(3252)
calls=20 0 
0 60
0 42
cfn=(3516)
calls=1 0 
0 7365
0 3
cfn=(3558)
calls=1 0 
0 8857
0 6
cfn=(2838)
calls=1 0 
0 40
0 15
cfn=(3262)
calls=1 0 
0 44
0 3
cfn=(2838)
calls=1 0 
0 36
0 15
cfn=(3264)
calls=1 0 
0 68
0 4
cfn=(3274)
calls=1 0 
0 2
0 2
cfn=(3276)
calls=1 0 
0 13
0 2
cfn=(3280)
calls=1 0 
0 4
0 2
cfn=(9118)
calls=1 0 
0 3078
0 40
cfn=(3284)
calls=20 0 
0 3651
0 80
cfn=(2786)
calls=20 0 
0 3920
0 140
cfn=(3200)
calls=20 0 
0 3200
0 60
cfn=(3240)
calls=20 0 
0 18916
0 40
cfn=(3250)
calls=20 0 
0 2020
0 80
cob=(2)
cfi=(18)
cfn=(2878)
calls=20 0 
0 1760
0 40
cfn=(3252)
calls=20 0 
0 60
0 42
cfn=(3516)
calls=1 0 
0 6868
0 3
cfn=(3558)
calls=1 0 
0 5244
0 6
cfn=(2838)
calls=1 0 
0 40
0 15
cfn=(3262)
calls=1 0 
0 44
0 3
cfn=(2838)
calls=1 0 
0 36
0 17
cfn=(3264)
calls=1 0 
0 68
0 4
cfn=(3274)
calls=1 0 
0 2
0 2
cfn=(3276)
calls=1 0 
0 13
0 2
cfn=(3280)
calls=1 0 
0 4
0 2
cfn=(9118)
calls=1 0 
0 3078
0 40
cfn=(3284)
calls=20 0 
0 3651
0 80
cfn=(2786)
calls=20 0 
0 3840
0 140
cfn=(3200)
calls=20 0 
0 3200
0 60
cfn=(3240)
calls=20 0 
0 18954
0 40
cfn=(3250)
calls=20 0 
0 2020
0 80
cob=(2)
cfi=(18)
cfn=(2878)
calls=20 0 
0 1760
0 40
cfn=(3252)
calls=20 0 
0 60
0 42
cfn=(3516)
calls=1 0 
0 6868
0 3
cfn=(3558)
calls=1 0 
0 5260
0 6
cfn=(2838)
calls=1 0 
0 40
0 15
cfn=(3262)
calls=1 0 
0 44
0 3
cfn=(2838)
calls=1 0 
0 36
0 17
cfn=(3264)
calls=1 0 
0 68
0 4
cfn=(3274)
calls=1 0 
0 2
0 2
cfn=(3276)
calls=1 0 
0 13
0 2
cfn=(3280)
calls=1 0 
0 4
0 2
cfn=(9118)
calls=1 0 
0 3078
0 40
cfn=(3284)
calls=20 0 
0 3651
0 80
cfn=(2786)
calls=20 0 
0 3760
0 140
cfn=(3200)
calls=20 0 
0 3200
0 60
cfn=(3240)
calls=20 0 
0 19406
0 40
cfn=(3250)
calls=20 0 
0 2020
0 80
cob=(2)
cfi=(18)
cfn=(2878)
calls=20 0 
0 1760
0 40
cfn=(3252)
calls=20 0 
0 60
0 42
cfn=(3516)
calls=1 0 
0 6868
0 6
cfn=(3382)
calls=1 0 
0 6
0 30
cfn=(3382)
calls=15 0 
0 90
0 128
cfn=(3578) std::_Hashtable<int, int, std::allocator<int>, std::__detail::_Identity, std::equal_to<int>, std::hash<int>, std::__detail::_Mod_range_hashing, std::__detail::_Default_ranged_hash, std::__detail::_Prime_rehash_policy, std::__detail::_Hashtable_traits<false, true, true> >::_M_erase(std::integral_constant<bool, true>, int const&)
calls=16 0 
0 2508
0 83
cfn=(3558)
calls=1 0 
0 2078
0 5
cfn=(2838)
calls=1 0 
0 40
0 15
cfn=(3262)
calls=1 0 
0 44
0 3
cfn=(2838)
calls=1 0 
0 36
0 15
cfn=(3264)
calls=1 0 
0 68
0 4
cfn=(3274)
calls=1 0 
0 2
0 2
cfn=(3276)
calls=1 0 
0 13
0 2
cfn=(3280)
calls=1 0 
0 4
0 2
cfn=(9118)
calls=1 0 
0 1270
0 40
cfn=(3284)
calls=20 0 
0 3651
0 80
cfn=(2786)
calls=20 0 
0 3840
0 140
cfn=(3200)
calls=20 0 
0 3200
0 60
cfn=(3240)
calls=20 0 
0 19502
0 40
cfn=(3250)
calls=20 0 
0 2020
0 80
cob=(2)
cfi=(18)
cfn=(2878)
calls=20 0 
0 1760
0 40
cfn=(3252)
calls=20 0 
0 60
0 42
cfn=(3516)
calls=1 0 
0 6868
0 7
cfn=(3382)
calls=1 0 
0 6
0 30
cfn=(3382)
calls=15 0 
0 90
0 128
cfn=(3578)
calls=16 0 
0 2508
0 83
cfn=(3558)
calls=1 0 
0 2072
0 5
cfn=(2838)
calls=1 0 
0 40
0 15
cfn=(3262)
calls=1 0 
0 44
0 3
cfn=(2838)
calls=1 0 
0 36
0 17
cfn=(3264)
calls=1 0 
0 68
0 4
cfn=(3274)
calls=1 0 
0 2
0 2
cfn=(3276)
calls=1 0 
0 13
0 2
cfn=(3280)
calls=1 0 
0 4
0 2
cfn=(9118)
calls=1 0 
0 1270
0 40
cfn=(3284)
calls=20 0 
0 3651
0 80
cfn=(2786)
calls=20 0 
0 3760
0 140
cfn=(3200)
calls=20 0 
0 3200
0 60
cfn=(3240)
calls=20 0 
0 19827
0 40
cfn=(3250)
calls=20 0 
0 2020
0 80
cob=(2)
cfi=(18)
cfn=(2878)
calls=20 0 
0 1760
0 40
cfn=(3252)
calls=20 0 
0 60
0 42
cfn=(3516)
calls=1 0 
0 6868
0 10
cfn=(3382)
calls=1 0 
0 6
0 46
cfn=(3382)
calls=23 0 
0 138
0 192
cfn=(3578)
calls=24 0 
0 3734
0 123
cfn=(3558)
calls=1 0 
0 337
0 6
cfn=(2838)
calls=1 0 
0 40
0 15
cfn=(3262)
calls=1 0 
0 44
0 3
cfn=(2838)
calls=1 0 
0 36
0 17
cfn=(3264)
calls=1 0 
0 68
0 4
cfn=(3274)
calls=1 0 
0 2
0 2
cfn=(3276)
calls=1 0 
0 13
0 2
cfn=(3280)
calls=1 0 
0 4
0 2
cfn=(9118)
calls=1 0 
0 365
0 40
cfn=(3284)
calls=20 0 
0 3651
0 80
cfn=(2786)
calls=20 0 
0 3840
0 140
cfn=(3200)
calls=20 0 
0 3200
0 60
cfn=(3240)
calls=20 0 
0 20505
0 40
cfn=(3250)
calls=20 0 
0 2020
0 80
cob=(2)
cfi=(18)
cfn=(2878)
calls=20 0 
0 1760
0 40
cfn=(3252)
calls=20 0 
0 60
0 42
cfn=(3516)
calls=1 0 
0 6868
0 6
cfn=(3598)
calls=1 0 
0 738
0 6
cfn=(2838)
calls=1 0 
0 40
0 15
cfn=(3262)
calls=1 0 
0 44
0 3
cfn=(2838)
calls=1 0 
0 36
0 17
cfn=(3264)
calls=1 0 
0 68
0 4
cfn=(3274)
calls=1 0 
0 2
0 2
cfn=(3276)
calls=1 0 
0 13
0 2
cfn=(3280)
calls=1 0 
0 4
0 2
cfn=(9118)
calls=1 0 
0 3078
0 40
cfn=(3284)
calls=20 0 
0 3651
0 80
cfn=(2786)
calls=20 0 
0 3840
0 140
cfn=(3200)
calls=20 0 
0 3200
0 60
cfn=(3240)
calls=20 0 
0 20881
0 40
cfn=(3250)
calls=20 0 
0 2020
0 80
cob=(2)
cfi=(18)
cfn=(2878)
calls=20 0 
0 1760
0 40
cfn=(3252)
calls=20 0 
0 60
0 42
cfn=(3516)
calls=1 0 
0 6868
0 6
cfn=(3598)
calls=1 0 
0 3422
0 6
cfn=(2838)
calls=1 0 
0 40
0 15
cfn=(3262)
calls=1 0 
0 44
0 3
cfn=(2838)
calls=1 0 
0 36
0 17
cfn=(3264)
calls=1 0 
0 68
0 4
cfn=(3274)
calls=1 0 
0 2
0 2
cfn=(3276)
calls=1 0 
0 13
0 2
cfn=(3280)
calls=1 0 
0 4
0 2
cfn=(9118)
calls=1 0 
0 3078
0 40
cfn=(3284)
calls=20 0 
0 3651
0 80
cfn=(2786)
calls=20 0 
0 3840
0 140
cfn=(3200)
calls=20 0 
0 3200
0 60
cfn=(3240)
calls=20 0 
0 20811
0 40
cfn=(3250)
calls=20 0 
0 2020
0 80
cob=(2)
cfi=(18)
cfn=(2878)
calls=20 0 
0 1760
0 40
cfn=(3252)
calls=20 0 
0 60
0 42
cfn=(3516)
calls=1 0 
0 6868
0 6
cfn=(3598)
calls=1 0 
0 3267
0 6
cfn=(2838)
calls=1 0 
0 40
0 15
cfn=(3262)
calls=1 0 
0 44
0 3
cfn=(2838)
calls=1 0 
0 36
0 17
cfn=(3264)
calls=1 0 
0 68
0 4
cfn=(3274)
calls=1 0 
0 2
0 2
cfn=(3276)
calls=1 0 
0 13
0 2
cfn=(3280)
calls=1 0 
0 4
0 2
cfn=(9118)
calls=1 0 
0 3078
0 40
cfn=(3284)
calls=20 0 
0 3651
0 80
cfn=(2786)
calls=20 0 
0 4080
0 140
cfn=(3200)
calls=20 0 
0 3360
0 60
cfn=(3240)
calls=20 0 
0 20968
0 40
cfn=(3250)
calls=20 0 
0 2020
0 80
cob=(2)
cfi=(18)
cfn=(2878)
calls=20 0 
0 1760
0 40
cfn=(3252)
calls=20 0 
0 60
0 42
cfn=(3516)
calls=1 0 
0 6868
0 7
cfn=(3382)
calls=1 0 
0 6
0 6
cfn=(3382)
calls=3 0 
0 18
0 32
cfn=(3578)
calls=4 0 
0 632
0 26
cfn=(3598)
calls=1 0 
0 1654
0 5
cfn=(2838)
calls=1 0 
0 40
0 15
cfn=(3262)
calls=1 0 
0 44
0 3
cfn=(2838)
calls=1 0 
0 36
0 15
cfn=(3264)
calls=1 0 
0 68
0 4
cfn=(3274)
calls=1 0 
0 2
0 2
cfn=(3276)
calls=1 0 
0 13
0 2
cfn=(3280)
calls=1 0 
0 4
0 2
cfn=(9118)
calls=1 0 
0 2626
0 40
cfn=(3284)
calls=20 0 
0 3667
0 80
cfn=(2786)
calls=20 0 
0 4560
0 140
cfn=(3200)
calls=20 0 
0 3360
0 60
cfn=(3240)
calls=20 0 
0 21502
0 40
cfn=(3250)
calls=20 0 
0 2020
0 80
cob=(2)
cfi=(18)
cfn=(2878)
calls=20 0 
0 1760
0 40
cfn=(3252)
calls=20 0 
0 60
0 42
cfn=(3516)
calls=1 0 
0 6868
0 7
cfn=(3382)
calls=1 0 
0 6
0 6
cfn=(3382)
calls=3 0 
0 18
0 32
cfn=(3578)
calls=4 0 
0 627
0 26
cfn=(3598)
calls=1 0 
0 1677
0 5
cfn=(2838)
calls=1 0 
0 40
0 15
cfn=(3262)
calls=1 0 
0 44
0 3
cfn=(2838)
calls=1 0 
0 36
0 15
cfn=(3264)
calls=1 0 
0 68
0 4
cfn=(3274)
calls=1 0 
0 2
0 2
cfn=(3276)
calls=1 0 
0 13
0 2
cfn=(3280)
calls=1 0 
0 4
0 2
cfn=(9118)
calls=1 0 
0 2626
0 40
cfn=(3284)
calls=20 0 
0 3667
0 80
cfn=(2786)
calls=20 0 
0 4080
0 140
cfn=(3200)
calls=20 0 
0 3360
0 60
cfn=(3240)
calls=20 0 
0 21747
0 40
cfn=(3250)
calls=20 0 
0 2020
0 80
cob=(2)
cfi=(18)
cfn=(2878)
calls=20 0 
0 1760
0 40
cfn=(3252)
calls=20 0 
0 60
0 42
cfn=(3516)
calls=1 0 
0 6868
0 8
cfn=(3382)
calls=1 0 
0 6
0 6
cfn=(3382)
calls=3 0 
0 18
0 32
cfn=(3578)
calls=4 0 
0 632
0 26
cfn=(3598)
calls=1 0 
0 1687
0 6
cfn=(2838)
calls=1 0 
0 40
0 13
cfn=(3262)
calls=1 0 
0 44
0 3
cfn=(2838)
calls=1 0 
0 36
0 14
cfn=(3264)
calls=1 0 
0 68
0 4
cfn=(3274)
calls=1 0 
0 2
0 3
cfn=(3276)
calls=1 0 
0 13
0 2
cfn=(3280)
calls=1 0 
0 4
0 2
cfn=(9118)
calls=1 0 
0 2626
0 40
cfn=(3284)
calls=20 0 
0 3667
0 80
cfn=(2786)
calls=20 0 
0 4801
0 140
cfn=(3200)
calls=20 0 
0 3521
0 60
cfn=(3240)
calls=20 0 
0 22294
0 40
cfn=(3250)
calls=20 0 
0 2020
0 80
cob=(2)
cfi=(18)
cfn=(2878)
calls=20 0 
0 1760
0 40
cfn=(3252)
calls=20 0 
0 60
0 42
cfn=(3516)
calls=1 0 
0 6868
0 2
cfn=(3382)
calls=1 0 
0 6
0 9
cfn=(3598)
calls=1 0 
0 1185
0 6
cfn=(2838)
calls=1 0 
0 40
0 15
cfn=(3262)
calls=1 0 
0 44
0 3
cfn=(2838)
calls=1 0 
0 36
0 15
cfn=(3264)
calls=1 0 
0 68
0 4
cfn=(3274)
calls=1 0 
0 2
0 2
cfn=(3276)
calls=1 0 
0 13
0 2
cfn=(3280)
calls=1 0 
0 4
0 2
cfn=(9118)
calls=1 0 
0 3078
0 40
cfn=(3284)
calls=20 0 
0 3667
0 80
cfn=(2786)
calls=20 0 
0 4680
0 140
cfn=(3200)
calls=20 0 
0 3360
0 60
cfn=(3240)
calls=20 0 
0 22156
0 40
cfn=(3250)
calls=20 0 
0 2020
0 80
cob=(2)
cfi=(18)
cfn=(2878)
calls=20 0 
0 1760
0 40
cfn=(3252)
calls=20 0 
0 60
0 42
cfn=(3516)
calls=1 0 
0 6868
0 2
cfn=(3382)
calls=1 0 
0 6
0 9
cfn=(3598)
calls=1 0 
0 1227
0 6
cfn=(2838)
calls=1 0 
0 40
0 15
cfn=(3262)
calls=1 0 
0 44
0 3
cfn=(2838)
calls=1 0 
0 36
0 15
cfn=(3264)
calls=1 0 
0 68
0 4
cfn=(3274)
calls=1 0 
0 2
0 2
cfn=(3276)
calls=1 0 
0 13
0 2
cfn=(3280)
calls=1 0 
0 4
0 2
cfn=(9118)
calls=1 0 
0 3078
0 40
cfn=(3284)
calls=20 0 
0 3667
0 80
cfn=(2786)
calls=20 0 
0 3840
0 140
cfn=(3200)
calls=20 0 
0 3200
0 60
cfn=(3240)
calls=20 0 
0 21973
0 40
cfn=(3250)
calls=20 0 
0 2020
0 80
cob=(2)
cfi=(18)
cfn=(2878)
calls=20 0 
0 1760
0 40
cfn=(3252)
calls=20 0 
0 60
0 42
cfn=(3516)
calls=1 0 
0 6868
0 3
cfn=(3382)
calls=1 0 
0 6
0 5
cfn=(3382)
calls=1 0 
0 6
0 9
cfn=(3598)
calls=1 0 
0 1148
0 6
cfn=(2838)
calls=1 0 
0 40
0 15
cfn=(3262)
calls=1 0 
0 44
0 3
cfn=(2838)
calls=1 0 
0 36
0 17
cfn=(3264)
calls=1 0 
0 68
0 4
cfn=(3274)
calls=1 0 
0 2
0 2
cfn=(3276)
calls=1 0 
0 13
0 2
cfn=(3280)
calls=1 0 
0 4
0 2
cfn=(9118)
calls=1 0 
0 3078
0 40
cfn=(3284)
calls=20 0 
0 3651
0 80
cfn=(2786)
calls=20 0 
0 3840
0 140
cfn=(3200)
calls=20 0 
0 3200
0 60
cfn=(3240)
calls=20 0 
0 22327
0 40
cfn=(3250)
calls=20 0 
0 2020
0 80
cob=(2)
cfi=(18)
cfn=(2878)
calls=20 0 
0 1760
0 40
cfn=(3252)
calls=20 0 
0 60
0 42
cfn=(3516)
calls=1 0 
0 6868
0 2
cfn=(3382)
calls=1 0 
0 6
0 9
cfn=(3598)
calls=1 0 
0 1142
0 6
cfn=(2838)
calls=1 0 
0 40
0 15
cfn=(3262)
calls=1 0 
0 44
0 3
cfn=(2838)
calls=1 0 
0 36
0 17
cfn=(3264)
calls=1 0 
0 68
0 4
cfn=(3274)
calls=1 0 
0 2
0 2
cfn=(3276)
calls=1 0 
0 13
0 2
cfn=(3280)
calls=1 0 
0 4
0 2
cfn=(9118)
calls=1 0 
0 3078
0 40
cfn=(3284)
calls=20 0 
0 3651
0 80
cfn=(2786)
calls=20 0 
0 3760
0 140
cfn=(3200)
calls=20 0 
0 3200
0 60
cfn=(3240)
calls=20 0 
0 22253
0 40
cfn=(3250)
calls=20 0 
0 2020
0 80
cob=(2)
cfi=(18)
cfn=(2878)
calls=20 0 
0 1760
0 40
cfn=(3252)
calls=20 0 
0 60
0 42
cfn=(3516)
calls=1 0 
0 6868
0 2
cfn=(3382)
calls=1 0 
0 6
0 9
cfn=(3598)
calls=1 0 
0 734
0 6
cfn=(2838)
calls=1 0 
0 40
0 15
cfn=(3262)
calls=1 0 
0 44
0 3
cfn=(2838)
calls=1 0 
0 36
0 17
cfn=(3264)
calls=1 0 
0 68
0 4
cfn=(3274)
calls=1 0 
0 2
0 2
cfn=(3276)
calls=1 0 
0 13
0 2
cfn=(3280)
calls=1 0 
0 4
0 2
cfn=(9118)
calls=1 0 
0 3078
0 40
cfn=(3284)
calls=20 0 
0 3651
0 80
cfn=(2786)
calls=20 0 
0 3280
0 140
cfn=(3200)
calls=20 0 
0 2980
0 60
cfn=(3240)
calls=20 0 
0 21479
0 40
cfn=(3250)
calls=20 0 
0 2020
0 80
cob=(2)
cfi=(18)
cfn=(2878)
calls=20 0 
0 1760
0 40
cfn=(3252)
calls=20 0 
0 60
0 42
cfn=(3516)
calls=1 0 
0 6868
0 3
cfn=(2838)
calls=1 0 
0 32
0 14
cfn=(3262)
calls=1 0 
0 44
0 2
cfn=(3446)
calls=1 0 
0 684
0 2
cfn=(3276)
calls=1 0 
0 13
0 2
cfn=(3280)
calls=1 0 
0 4
0 2
cfn=(9118)
calls=1 0 
0 3038
0 40
cfn=(3284)
calls=20 0 
0 3669
0 80
cfn=(2786)
calls=20 0 
0 3360
0 140
cfn=(3200)
calls=20 0 
0 2980
0 60
cfn=(3240)
calls=20 0 
0 21940
0 40
cfn=(3250)
calls=20 0 
0 2040
0 80
cob=(2)
cfi=(18)
cfn=(2878)
calls=20 0 
0 1780
0 40
cfn=(3252)
calls=20 0 
0 60
0 42
cob=(2)
cfi=(18)
cfn=(2798)
calls=1 0 
0 57
0 3
cfn=(3516)
calls=1 0 
0 6868
0 2
cfn=(9118)
calls=1 0 
0 3038
0 3
cob=(2)
cfi=(18)
cfn=(3436)
calls=1 0 
0 92
0 3
cfn=(2838)
calls=1 0 
0 32
0 13
cfn=(3262)
calls=1 0 
0 44
0 2
cfn=(3446)
calls=1 0 
0 684
0 2
cfn=(3276)
calls=1 0 
0 13
0 2
cfn=(3280)
calls=1 0 
0 4
0 40
cfn=(3284)
calls=20 0 
0 3689
0 220

fn=(9118)
0 100
cfn=(3564)
calls=20 0 
0 49433
0 320
cob=(2)
cfi=(18)
cfn=(3358)
calls=20 0 
0 1800
0 160
cob=(2)
cfi=(18)
cfn=(3358)
calls=20 0 
0 1800
0 40

fn=(9308) Catch::IRunner::~IRunner()
0 2

fn=(9374)
0 38

fn=(9402)
0 12
cfn=(9404) Catch::clara::detail::BoundValueRef<std::vector<std::__cxx11::basic_string<char, std::char_traits<char>, std::allocator<char> >, std::allocator<std::__cxx11::basic_string<char, std::char_traits<char>, std::allocator<char> > > > >::~BoundValueRef()
calls=2 0 
0 4

fn=(9410) Catch::clara::detail::BoundFlagLambda<Catch::clara::detail::Help::Help(bool&)::{lambda(bool)#1}>::~BoundFlagLambda()
0 2

fn=(9418)
0 22
cob=(2)
cfi=(18)
cfn=(2878)
calls=11 0 
0 1188

fn=(9434)
0 2

fn=(9452)
0 2

fn=(9470)
0 2
cob=(2)
cfi=(18)
cfn=(2878)
calls=1 0 
0 108

fn=(9484) Catch::clara::detail::BoundValueRef<long>::~BoundValueRef()
0 2

fn=(3616) MiceGame::checkIsOver() const
0 9
cfn=(3618)
calls=3 0 
0 142
0 12

fn=(3626) ____C_A_T_C_H____T_E_S_T____72()
0 108
cfn=(2786)
calls=6 0 
0 1128
0 36
cfn=(3200)
calls=6 0 
0 960
0 24
cfn=(3240)
calls=6 0 
0 6964
0 12
cfn=(3250)
calls=6 0 
0 606
0 36
cob=(2)
cfi=(18)
cfn=(2878)
calls=6 0 
0 528
0 12
cfn=(3252)
calls=6 0 
0 18
0 14
cfn=(3254)
calls=1 0 
0 51
0 4
cfn=(3254)
calls=1 0 
0 51
0 6
cfn=(2838)
calls=1 0 
0 32
0 14
cfn=(3262)
calls=1 0 
0 44
0 6
cfn=(2838)
calls=1 0 
0 36
0 18
cfn=(3264)
calls=1 0 
0 68
0 5
cfn=(3274)
calls=1 0 
0 2
0 2
cfn=(3276)
calls=1 0 
0 13
0 2
cfn=(3280)
calls=1 0 
0 4
0 2
cfn=(3282)
calls=1 0 
0 2
0 2
cfn=(3282)
calls=1 0 
0 2
0 12
cfn=(3284)
calls=6 0 
0 1845
0 18
cfn=(2786)
calls=6 0 
0 1128
0 36
cfn=(3200)
calls=6 0 
0 960
0 18
cfn=(3240)
calls=6 0 
0 6404
0 12
cfn=(3250)
calls=6 0 
0 606
0 30
cob=(2)
cfi=(18)
cfn=(2878)
calls=6 0 
0 528
0 12
cfn=(3252)
calls=6 0 
0 18
0 15
cfn=(2838)
calls=1 0 
0 40
0 12
cfn=(3262)
calls=1 0 
0 44
0 2
cfn=(3254)
calls=1 0 
0 51
0 2
cfn=(3282)
calls=1 0 
0 2
0 2
cfn=(3446)
calls=1 0 
0 684
0 2
cfn=(3276)
calls=1 0 
0 13
0 2
cfn=(3280)
calls=1 0 
0 4
0 12
cfn=(3284)
calls=6 0 
0 1845
0 18
cfn=(2786)
calls=6 0 
0 1152
0 36
cfn=(3200)
calls=6 0 
0 960
0 24
cfn=(3240)
calls=6 0 
0 6314
0 12
cfn=(3250)
calls=6 0 
0 606
0 24
cob=(2)
cfi=(18)
cfn=(2878)
calls=6 0 
0 528
0 12
cfn=(3252)
calls=6 0 
0 18
0 14
cfn=(3254)
calls=1 0 
0 51
0 3
cfn=(3254)
calls=1 0 
0 51
0 6
cfn=(2838)
calls=1 0 
0 32
0 14
cfn=(3262)
calls=1 0 
0 44
0 6
cfn=(2838)
calls=1 0 
0 36
0 18
cfn=(3264)
calls=1 0 
0 68
0 5
cfn=(3274)
calls=1 0 
0 2
0 2
cfn=(3276)
calls=1 0 
0 13
0 2
cfn=(3280)
calls=1 0 
0 4
0 2
cfn=(3282)
calls=1 0 
0 2
0 2
cfn=(3282)
calls=1 0 
0 2
0 12
cfn=(3284)
calls=6 0 
0 1845
0 18
cfn=(2786)
calls=6 0 
0 1128
0 36
cfn=(3200)
calls=6 0 
0 960
0 18
cfn=(3240)
calls=6 0 
0 6349
0 12
cfn=(3250)
calls=6 0 
0 626
0 24
cob=(2)
cfi=(18)
cfn=(2878)
calls=6 0 
0 548
0 12
cfn=(3252)
calls=6 0 
0 18
0 14
cfn=(3254)
calls=1 0 
0 51
0 4
cfn=(3254)
calls=1 0 
0 51
0 8
cfn=(2838)
calls=1 0 
0 32
0 15
cfn=(3262)
calls=1 0 
0 44
0 6
cfn=(2838)
calls=1 0 
0 36
0 19
cfn=(3264)
calls=1 0 
0 68
0 5
cfn=(3274)
calls=1 0 
0 2
0 2
cfn=(3276)
calls=1 0 
0 13
0 2
cfn=(3280)
calls=1 0 
0 4
0 3
cfn=(2838)
calls=1 0 
0 40
0 12
cfn=(3262)
calls=1 0 
0 44
0 6
cfn=(2838)
calls=1 0 
0 36
0 17
cfn=(3264)
calls=1 0 
0 68
0 5
cfn=(3274)
calls=1 0 
0 2
0 2
cfn=(3276)
calls=1 0 
0 13
0 2
cfn=(3280)
calls=1 0 
0 4
0 2
cfn=(3282)
calls=1 0 
0 2
0 2
cfn=(3282)
calls=1 0 
0 2
0 12
cfn=(3284)
calls=6 0 
0 1865
0 18
cfn=(2786)
calls=6 0 
0 1152
0 36
cfn=(3200)
calls=6 0 
0 960
0 18
cfn=(3240)
calls=6 0 
0 6443
0 12
cfn=(3250)
calls=6 0 
0 606
0 24
cob=(2)
cfi=(18)
cfn=(2878)
calls=6 0 
0 528
0 12
cfn=(3252)
calls=6 0 
0 18
0 14
cfn=(3254)
calls=1 0 
0 51
0 4
cfn=(3254)
calls=1 0 
0 51
0 8
cfn=(2838)
calls=1 0 
0 32
0 15
cfn=(3262)
calls=1 0 
0 44
0 6
cfn=(2838)
calls=1 0 
0 36
0 19
cfn=(3264)
calls=1 0 
0 68
0 5
cfn=(3274)
calls=1 0 
0 2
0 2
cfn=(3276)
calls=1 0 
0 13
0 2
cfn=(3280)
calls=1 0 
0 4
0 3
cfn=(2838)
calls=1 0 
0 40
0 12
cfn=(3262)
calls=1 0 
0 44
0 6
cfn=(2838)
calls=1 0 
0 36
0 17
cfn=(3264)
calls=1 0 
0 68
0 5
cfn=(3274)
calls=1 0 
0 2
0 2
cfn=(3276)
calls=1 0 
0 13
0 2
cfn=(3280)
calls=1 0 
0 4
0 2
cfn=(3282)
calls=1 0 
0 2
0 2
cfn=(3282)
calls=1 0 
0 2
0 12
cfn=(3284)
calls=6 0 
0 1845
0 18
cfn=(2786)
calls=6 0 
0 1128
0 36
cfn=(3200)
calls=6 0 
0 960
0 18
cfn=(3240)
calls=6 0 
0 6452
0 12
cfn=(3250)
calls=6 0 
0 626
0 30
cob=(2)
cfi=(18)
cfn=(2878)
calls=6 0 
0 548
0 12
cfn=(3252)
calls=6 0 
0 18
0 14
cfn=(3254)
calls=1 0 
0 51
0 3
cfn=(2838)
calls=1 0 
0 32
0 12
cfn=(3262)
calls=1 0 
0 44
0 2
cfn=(3446)
calls=1 0 
0 684
0 2
cfn=(3276)
calls=1 0 
0 13
0 2
cfn=(3280)
calls=1 0 
0 4
0 2
cfn=(3282)
calls=1 0 
0 2
0 12
cfn=(3284)
calls=6 0 
0 1865
0 66

fn=(2240) __libc_csu_init
0 15
cob=(2)
cfi=(18)
cfn=(2242)
calls=1 0 
0 7
0 8
cfn=(2246) 0x000000000001ecc0
calls=1 0 
0 12
0 28
cfn=(2934)
calls=1 0 
0 108
cfn=(2932)
calls=1 0 
0 108
cfn=(2930) _GLOBAL__sub_I_othellominmax.cpp
calls=1 0 
0 108
cfn=(2928) _GLOBAL__sub_I_othellostate.cpp
calls=1 0 
0 108
cfn=(2926) _GLOBAL__sub_I_othellogame.cpp
calls=1 0 
0 108
cfn=(2924)
calls=1 0 
0 667
cfn=(2252)
calls=1 0 
0 247090
0 32

fn=(2796)
0 143
cob=(2)
cfi=(18)
cfn=(2798)
calls=1 0 
0 199
0 10
cfn=(2800)
calls=1 0 
0 5
0 19
cob=(2)
cfi=(18)
cfn=(2256)
calls=1 0 
0 25
0 47
cfn=(2802)
calls=1 0 
0 480
0 8

fn=(2840)
0 114

fn=(2916) Catch::TestCase::getTestCaseInfo() const
0 408

fn=(2970)
0 957
cob=(2)
cfi=(18)
cfn=(2798)
calls=31 0 
0 8008
0 713
cfn=(2812)
calls=31 0 
0 2651
0 217
cfn=(2812)
calls=31 0 
0 9386
0 186
cfn=(2894)
calls=31 0 
0 14286
0 9885
cfn=(2972)
calls=403 0 
0 12896
0 1302
cfn=(2972)
calls=62 0 
0 1984
0 15793
cob=(2)
cfi=(18)
cfn=(2878)
calls=30 0 
0 3809
0 774

fn=(2974)
0 18

fn=(2988) std::vector<std::__cxx11::basic_string<char, std::char_traits<char>, std::allocator<char> >, std::allocator<std::__cxx11::basic_string<char, std::char_traits<char>, std::allocator<char> > > >::~vector()
0 531
cob=(2)
cfi=(18)
cfn=(2878)
calls=9 0 
0 972
0 403
cob=(2)
cfi=(18)
cfn=(2878)
calls=31 0 
0 3328
0 4

fn=(3020)
0 15
cob=(2)
cfi=(18)
cfn=(2798)
calls=1 0 
0 57
0 10
cfn=(3022)
calls=1 0 
0 3718
0 5

fn=(3036)
0 31

fn=(3042)
0 1683

fn=(3054)
0 3

fn=(3082)
0 11
cfn=(3083) std::_Rb_tree<Catch::Verbosity, Catch::Verbosity, std::_Identity<Catch::Verbosity>, std::less<Catch::Verbosity>, std::allocator<Catch::Verbosity> >::_M_erase(std::_Rb_tree_node<Catch::Verbosity>*)'2
calls=1 0 
0 4
0 3
cob=(2)
cfi=(18)
cfn=(2878)
calls=1 0 
0 88
0 6

fn=(3083)
0 4

fn=(3092)
0 8
cfn=(2812)
calls=1 0 
0 57

fn=(3124)
0 36

fn=(3128)
0 6

fn=(3152)
0 1692
cfn=(3154)
calls=141 0 
0 28690
0 1269
cfn=(3156)
calls=141 0 
0 48110
0 667
cfn=(3166)
calls=122 0 
0 366
0 610
cfn=(3178)
calls=122 0 
0 976
0 1128

fn=(3186)
0 27300
cfn=(3188) Catch::TestCaseTracking::TrackerBase::isComplete() const
calls=2100 0 
0 12600

fn=(3244) Catch::RunContext::sectionStarted(Catch::SectionInfo const&, Catch::Counts&)
0 19533
cfn=(3150)
calls=1149 0 
0 186363
0 3447
cfn=(3172)
calls=1149 0 
0 478596
0 6894
cob=(2)
cfi=(18)
cfn=(2878)
calls=1149 0 
0 101252
0 3447
cfn=(3246)
calls=1149 0 
0 21637
0 17628
cfn=(3202)
calls=118 0 
0 25438
0 12
cfn=(3202)
calls=2 0 
0 1396
0 606
cfn=(3248)
calls=2 0 
0 678
0 2

fn=(3254)
0 3009

fn=(3282)
0 148

fn=(3336) Catch::FatalConditionHandler::disengage_platform()
0 196
cfn=(3338) Catch::restorePreviousSignalHandlers()
calls=98 0 
0 42630

fn=(3344)
0 560
cfn=(3346) Othellostate::putOnTable(int)
calls=40 0 
0 1440
0 80
cfn=(3350) OthelloStateController::getRowAndCollumnFromMove(int)
calls=40 0 
0 560
0 360
cfn=(3352)
calls=40 0 
0 240
0 240
cfn=(3354) possibleShifts()
calls=40 0 
0 6080
0 7060
cfn=(3352)
calls=307 0 
0 1842
0 2593
cfn=(3370)
calls=37 0 
0 740
0 703
cfn=(3346)
calls=37 0 
0 1332
0 296
cob=(2)
cfi=(18)
cfn=(3358)
calls=37 0 
0 3330
0 854
cfn=(3260) Othellostate::changeOnMove()
calls=40 0 
0 120
0 700
cob=(2)
cfi=(18)
cfn=(3356)
calls=4 0 
0 84
0 392
cfn=(3374)
calls=37 0 
0 7120
0 151
cfn=(3366)
calls=40 0 
0 7913
0 160
cob=(2)
cfi=(18)
cfn=(3358)
calls=40 0 
0 4607
0 1200
cfn=(3352)
calls=58 0 
0 348
0 438
cfn=(3352)
calls=37 0 
0 222
0 666
cob=(2)
cfi=(18)
cfn=(3356)
calls=37 0 
0 3848
0 407
cfn=(3368) QVector<QVector<int> >::append(QVector<int> const&)
calls=37 0 
0 10171
0 222
cfn=(3352)
calls=37 0 
0 222
0 185

fn=(3346)
0 468
cfn=(3348)
calls=78 0 
0 1092
0 312
cfn=(3256)
calls=78 0 
0 234
0 702

fn=(9122)
0 20
cfn=(2812)
calls=1 0 
0 57
0 19

fn=(9128)
0 11
cfn=(9129) std::_Rb_tree<Catch::TestCase const*, Catch::TestCase const*, std::_Identity<Catch::TestCase const*>, std::less<Catch::TestCase const*>, std::allocator<Catch::TestCase const*> >::_M_erase(std::_Rb_tree_node<Catch::TestCase const*>*)'2
calls=1 0 
0 1350
0 9
cfn=(9129)
calls=3 0 
0 516
0 12
cob=(2)
cfi=(18)
cfn=(2878)
calls=4 0 
0 432
0 12

fn=(9129)
0 129
cfn=(9129)
calls=9 0 
0 2124
0 18
cfn=(9129)
calls=6 0 
0 152
0 45
cob=(2)
cfi=(18)
cfn=(2878)
calls=15 0 
0 1598
0 76

fn=(9134) Catch::ConsoleReporter::testRunEnded(Catch::TestRunStats const&)
0 8
cfn=(9136) Catch::ConsoleReporter::printTotalsDivider(Catch::Totals const&)
calls=1 0 
0 14057
0 3
cfn=(9208)
calls=1 0 
0 10799
0 11
cob=(2)
cfi=(18)
cfn=(9254)
calls=1 0 
0 1275
0 2
cob=(2)
cfi=(18)
cfn=(9268)
calls=1 0 
0 1055
0 23

fn=(3398) Catch::TestCaseStats::~TestCaseStats()
0 634
cob=(2)
cfi=(18)
cfn=(2878)
calls=19 0 
0 1772
0 330
cob=(2)
cfi=(18)
cfn=(2878)
calls=19 0 
0 1772
0 284
cob=(2)
cfi=(18)
cfn=(2878)
calls=14 0 
0 1288
0 20

fn=(3430)
0 147

fn=(3462)
0 72

fn=(3464)
0 288
cfn=(2812)
calls=8 0 
0 264
0 48
cfn=(2812)
calls=8 0 
0 264
0 24
cfn=(3456)
calls=8 0 
0 40
0 312
cfn=(3466) Catch::AssertionResult::hasMessage() const
calls=8 0 
0 32
0 136

fn=(3472) Catch::isOk(Catch::ResultWas::OfType)
0 96

fn=(3488)
0 63
cfn=(3352)
calls=3 0 
0 18
0 147
cfn=(3352)
calls=21 0 
0 126
0 840
cfn=(3352)
calls=168 0 
0 1008
0 853
cfn=(3482)
calls=1 0 
0 3
0 14
cfn=(3482)
calls=2 0 
0 6

fn=(3510) ____C_A_T_C_H____T_E_S_T____50()
0 340
cfn=(2786)
calls=20 0 
0 5413
0 140
cfn=(3200)
calls=20 0 
0 3614
0 80
cfn=(3240)
calls=20 0 
0 19788
0 40
cfn=(3250)
calls=20 0 
0 2020
0 120
cob=(2)
cfi=(18)
cfn=(2878)
calls=20 0 
0 1760
0 40
cfn=(3252)
calls=20 0 
0 60
0 44
cob=(2)
cfi=(18)
cfn=(2798)
calls=1 0 
0 57
0 3
cfn=(3512) MiceGame::MiceGame()
calls=1 0 
0 10905
0 3
cfn=(3544)
calls=1 0 
0 3
0 3
cfn=(3546) MiceGame::player2() const
calls=1 0 
0 3
0 3
cfn=(3548)
calls=1 0 
0 3
0 3
cfn=(3482)
calls=1 0 
0 3
0 3
cfn=(3482)
calls=1 0 
0 3
0 4
cfn=(3484)
calls=1 0 
0 4
0 6
cfn=(2838)
calls=1 0 
0 32
0 15
cfn=(3262)
calls=1 0 
0 44
0 6
cfn=(2838)
calls=1 0 
0 36
0 17
cfn=(3264)
calls=1 0 
0 68
0 5
cfn=(3274)
calls=1 0 
0 2
0 2
cfn=(3276)
calls=1 0 
0 13
0 2
cfn=(3280)
calls=1 0 
0 4
0 3
cfn=(3484)
calls=1 0 
0 4
0 4
cfn=(2838)
calls=1 0 
0 32
0 13
cfn=(3262)
calls=1 0 
0 44
0 6
cfn=(2838)
calls=1 0 
0 36
0 18
cfn=(3264)
calls=1 0 
0 68
0 5
cfn=(3274)
calls=1 0 
0 2
0 2
cfn=(3276)
calls=1 0 
0 13
0 2
cfn=(3280)
calls=1 0 
0 4
0 3
cfn=(3484)
calls=1 0 
0 4
0 4
cfn=(2838)
calls=1 0 
0 40
0 13
cfn=(3262)
calls=1 0 
0 44
0 6
cfn=(2838)
calls=1 0 
0 36
0 17
cfn=(3264)
calls=1 0 
0 68
0 5
cfn=(3274)
calls=1 0 
0 2
0 2
cfn=(3276)
calls=1 0 
0 13
0 2
cfn=(3280)
calls=1 0 
0 4
0 3
cfn=(2838)
calls=1 0 
0 32
0 14
cfn=(3262)
calls=1 0 
0 44
0 6
cfn=(2838)
calls=1 0 
0 36
0 17
cfn=(3264)
calls=1 0 
0 68
0 5
cfn=(3274)
calls=1 0 
0 2
0 2
cfn=(3276)
calls=1 0 
0 13
0 2
cfn=(3280)
calls=1 0 
0 4
0 3
cfn=(2838)
calls=1 0 
0 32
0 13
cfn=(3262)
calls=1 0 
0 44
0 6
cfn=(2838)
calls=1 0 
0 36
0 18
cfn=(3264)
calls=1 0 
0 68
0 5
cfn=(3274)
calls=1 0 
0 2
0 2
cfn=(3276)
calls=1 0 
0 13
0 2
cfn=(3280)
calls=1 0 
0 4
0 3
cfn=(2838)
calls=1 0 
0 32
0 13
cfn=(3262)
calls=1 0 
0 44
0 6
cfn=(2838)
calls=1 0 
0 36
0 17
cfn=(3264)
calls=1 0 
0 68
0 4
cfn=(3274)
calls=1 0 
0 2
0 2
cfn=(3276)
calls=1 0 
0 13
0 2
cfn=(3280)
calls=1 0 
0 4
0 40
cfn=(3284)
calls=20 0 
0 3667
0 60
cfn=(2786)
calls=20 0 
0 3840
0 140
cfn=(3200)
calls=20 0 
0 3200
0 60
cfn=(3240)
calls=20 0 
0 18717
0 40
cfn=(3250)
calls=20 0 
0 2020
0 80
cob=(2)
cfi=(18)
cfn=(2878)
calls=20 0 
0 1760
0 40
cfn=(3252)
calls=20 0 
0 60
0 42
cob=(2)
cfi=(18)
cfn=(2798)
calls=1 0 
0 57
0 3
cfn=(3512)
calls=1 0 
0 10654
0 3
cfn=(3550) MiceGame::tryMove(int)
calls=1 0 
0 10035
0 6
cfn=(2838)
calls=1 0 
0 40
0 13
cfn=(3262)
calls=1 0 
0 44
0 3
cfn=(2838)
calls=1 0 
0 36
0 15
cfn=(3264)
calls=1 0 
0 68
0 4
cfn=(3274)
calls=1 0 
0 2
0 2
cfn=(3276)
calls=1 0 
0 13
0 2
cfn=(3280)
calls=1 0 
0 4
0 40
cfn=(3284)
calls=20 0 
0 3651
0 60
cfn=(2786)
calls=20 0 
0 3760
0 140
cfn=(3200)
calls=20 0 
0 3200
0 60
cfn=(3240)
calls=20 0 
0 18916
0 40
cfn=(3250)
calls=20 0 
0 2020
0 80
cob=(2)
cfi=(18)
cfn=(2878)
calls=20 0 
0 1760
0 40
cfn=(3252)
calls=20 0 
0 60
0 42
cob=(2)
cfi=(18)
cfn=(2798)
calls=1 0 
0 57
0 3
cfn=(3512)
calls=1 0 
0 7630
0 3
cfn=(3382)
calls=1 0 
0 6
0 5
cfn=(3382)
calls=1 0 
0 6
0 6
cfn=(3550)
calls=1 0 
0 9130
0 6
cfn=(2838)
calls=1 0 
0 40
0 13
cfn=(3262)
calls=1 0 
0 44
0 3
cfn=(2838)
calls=1 0 
0 36
0 15
cfn=(3264)
calls=1 0 
0 68
0 4
cfn=(3274)
calls=1 0 
0 2
0 2
cfn=(3276)
calls=1 0 
0 13
0 2
cfn=(3280)
calls=1 0 
0 4
0 40
cfn=(3284)
calls=20 0 
0 3651
0 60
cfn=(2786)
calls=20 0 
0 3760
0 140
cfn=(3200)
calls=20 0 
0 3200
0 60
cfn=(3240)
calls=20 0 
0 19001
0 40
cfn=(3250)
calls=20 0 
0 2020
0 80
cob=(2)
cfi=(18)
cfn=(2878)
calls=20 0 
0 1760
0 40
cfn=(3252)
calls=20 0 
0 60
0 42
cob=(2)
cfi=(18)
cfn=(2798)
calls=1 0 
0 57
0 3
cfn=(3512)
calls=1 0 
0 7247
0 3
cfn=(3550)
calls=1 0 
0 9146
0 3
cfn=(3550)
calls=1 0 
0 5413
0 3
cfn=(3550)
calls=1 0 
0 4834
0 6
cfn=(2838)
calls=1 0 
0 40
0 13
cfn=(3262)
calls=1 0 
0 44
0 3
cfn=(2838)
calls=1 0 
0 36
0 17
cfn=(3264)
calls=1 0 
0 68
0 4
cfn=(3274)
calls=1 0 
0 2
0 2
cfn=(3276)
calls=1 0 
0 13
0 2
cfn=(3280)
calls=1 0 
0 4
0 40
cfn=(3284)
calls=20 0 
0 3651
0 60
cfn=(2786)
calls=20 0 
0 3760
0 140
cfn=(3200)
calls=20 0 
0 3200
0 60
cfn=(3240)
calls=20 0 
0 19658
0 40
cfn=(3250)
calls=20 0 
0 2040
0 80
cob=(2)
cfi=(18)
cfn=(2878)
calls=20 0 
0 1780
0 40
cfn=(3252)
calls=20 0 
0 60
0 42
cob=(2)
cfi=(18)
cfn=(2798)
calls=1 0 
0 57
0 3
cfn=(3512)
calls=1 0 
0 7242
0 3
cfn=(3550)
calls=1 0 
0 8899
0 6
cfn=(2838)
calls=1 0 
0 40
0 13
cfn=(3262)
calls=1 0 
0 44
0 3
cfn=(2838)
calls=1 0 
0 36
0 17
cfn=(3264)
calls=1 0 
0 68
0 4
cfn=(3274)
calls=1 0 
0 2
0 2
cfn=(3276)
calls=1 0 
0 13
0 2
cfn=(3280)
calls=1 0 
0 4
0 40
cfn=(3284)
calls=20 0 
0 3671
0 60
cfn=(2786)
calls=20 0 
0 3840
0 140
cfn=(3200)
calls=20 0 
0 3200
0 60
cfn=(3240)
calls=20 0 
0 19360
0 40
cfn=(3250)
calls=20 0 
0 2020
0 80
cob=(2)
cfi=(18)
cfn=(2878)
calls=20 0 
0 1760
0 40
cfn=(3252)
calls=20 0 
0 60
0 42
cob=(2)
cfi=(18)
cfn=(2798)
calls=1 0 
0 57
0 3
cfn=(3512)
calls=1 0 
0 7390
0 3
cfn=(3382)
calls=1 0 
0 6
0 9
cfn=(3578)
calls=1 0 
0 133
0 2
cfn=(3382)
calls=1 0 
0 6
0 7
cfn=(3578)
calls=1 0 
0 138
0 2
cfn=(3544)
calls=1 0 
0 3
0 5
cfn=(3550)
calls=1 0 
0 1180
0 6
cfn=(2838)
calls=1 0 
0 40
0 13
cfn=(3262)
calls=1 0 
0 44
0 3
cfn=(2838)
calls=1 0 
0 36
0 17
cfn=(3264)
calls=1 0 
0 68
0 4
cfn=(3274)
calls=1 0 
0 2
0 2
cfn=(3276)
calls=1 0 
0 13
0 2
cfn=(3280)
calls=1 0 
0 4
0 40
cfn=(3284)
calls=20 0 
0 3651
0 60
cfn=(2786)
calls=20 0 
0 3760
0 140
cfn=(3200)
calls=20 0 
0 3200
0 60
cfn=(3240)
calls=20 0 
0 19850
0 40
cfn=(3250)
calls=20 0 
0 2020
0 80
cob=(2)
cfi=(18)
cfn=(2878)
calls=20 0 
0 1778
0 40
cfn=(3252)
calls=20 0 
0 60
0 42
cob=(2)
cfi=(18)
cfn=(2798)
calls=1 0 
0 57
0 3
cfn=(3512)
calls=1 0 
0 10777
0 3
cfn=(3382)
calls=1 0 
0 6
0 9
cfn=(3578)
calls=1 0 
0 133
0 2
cfn=(3382)
calls=1 0 
0 6
0 7
cfn=(3578)
calls=1 0 
0 138
0 2
cfn=(3544)
calls=1 0 
0 3
0 5
cfn=(3550)
calls=1 0 
0 7882
0 6
cfn=(2838)
calls=1 0 
0 40
0 13
cfn=(3262)
calls=1 0 
0 44
0 3
cfn=(2838)
calls=1 0 
0 36
0 17
cfn=(3264)
calls=1 0 
0 68
0 4
cfn=(3274)
calls=1 0 
0 2
0 2
cfn=(3276)
calls=1 0 
0 13
0 2
cfn=(3280)
calls=1 0 
0 4
0 40
cfn=(3284)
calls=20 0 
0 3671
0 60
cfn=(2786)
calls=20 0 
0 3760
0 140
cfn=(3200)
calls=20 0 
0 3200
0 60
cfn=(3240)
calls=20 0 
0 19753
0 40
cfn=(3250)
calls=20 0 
0 2020
0 80
cob=(2)
cfi=(18)
cfn=(2878)
calls=20 0 
0 1760
0 40
cfn=(3252)
calls=20 0 
0 60
0 42
cob=(2)
cfi=(18)
cfn=(2798)
calls=1 0 
0 57
0 3
cfn=(3512)
calls=1 0 
0 7628
0 3
cfn=(3382)
calls=1 0 
0 6
0 9
cfn=(3578)
calls=1 0 
0 133
0 2
cfn=(3382)
calls=1 0 
0 6
0 7
cfn=(3578)
calls=1 0 
0 138
0 3
cfn=(3544)
calls=1 0 
0 3
0 5
cfn=(3550)
calls=1 0 
0 49
0 6
cfn=(2838)
calls=1 0 
0 40
0 13
cfn=(3262)
calls=1 0 
0 44
0 3
cfn=(2838)
calls=1 0 
0 36
0 17
cfn=(3264)
calls=1 0 
0 68
0 4
cfn=(3274)
calls=1 0 
0 2
0 2
cfn=(3276)
calls=1 0 
0 13
0 2
cfn=(3280)
calls=1 0 
0 4
0 40
cfn=(3284)
calls=20 0 
0 3651
0 60
cfn=(2786)
calls=20 0 
0 4080
0 140
cfn=(3200)
calls=20 0 
0 3360
0 60
cfn=(3240)
calls=20 0 
0 23209
0 40
cfn=(3250)
calls=20 0 
0 2020
0 80
cob=(2)
cfi=(18)
cfn=(2878)
calls=20 0 
0 1760
0 40
cfn=(3252)
calls=20 0 
0 60
0 42
cob=(2)
cfi=(18)
cfn=(2798)
calls=1 0 
0 57
0 3
cfn=(3512)
calls=1 0 
0 10770
0 3
cfn=(3544)
calls=1 0 
0 3
0 4
cfn=(3382)
calls=1 0 
0 6
0 7
cfn=(3578)
calls=1 0 
0 138
0 4
cfn=(3550)
calls=1 0 
0 1833
0 6
cfn=(2838)
calls=1 0 
0 40
0 13
cfn=(3262)
calls=1 0 
0 44
0 3
cfn=(2838)
calls=1 0 
0 36
0 15
cfn=(3264)
calls=1 0 
0 68
0 4
cfn=(3274)
calls=1 0 
0 2
0 2
cfn=(3276)
calls=1 0 
0 13
0 2
cfn=(3280)
calls=1 0 
0 4
0 40
cfn=(3284)
calls=20 0 
0 3828
0 60
cfn=(2786)
calls=20 0 
0 3840
0 140
cfn=(3200)
calls=20 0 
0 3200
0 60
cfn=(3240)
calls=20 0 
0 20648
0 40
cfn=(3250)
calls=20 0 
0 2020
0 80
cob=(2)
cfi=(18)
cfn=(2878)
calls=20 0 
0 1760
0 40
cfn=(3252)
calls=20 0 
0 60
0 42
cob=(2)
cfi=(18)
cfn=(2798)
calls=1 0 
0 57
0 3
cfn=(3512)
calls=1 0 
0 10833
0 3
cfn=(3544)
calls=1 0 
0 3
0 4
cfn=(3382)
calls=1 0 
0 6
0 7
cfn=(3578)
calls=1 0 
0 138
0 4
cfn=(3550)
calls=1 0 
0 8912
0 6
cfn=(2838)
calls=1 0 
0 40
0 13
cfn=(3262)
calls=1 0 
0 44
0 3
cfn=(2838)
calls=1 0 
0 36
0 15
cfn=(3264)
calls=1 0 
0 68
0 4
cfn=(3274)
calls=1 0 
0 2
0 2
cfn=(3276)
calls=1 0 
0 13
0 2
cfn=(3280)
calls=1 0 
0 4
0 40
cfn=(3284)
calls=20 0 
0 3651
0 60
cfn=(2786)
calls=20 0 
0 3840
0 140
cfn=(3200)
calls=20 0 
0 3200
0 60
cfn=(3240)
calls=20 0 
0 22474
0 40
cfn=(3250)
calls=20 0 
0 2020
0 80
cob=(2)
cfi=(18)
cfn=(2878)
calls=20 0 
0 1760
0 40
cfn=(3252)
calls=20 0 
0 60
0 42
cob=(2)
cfi=(18)
cfn=(2798)
calls=1 0 
0 57
0 3
cfn=(3512)
calls=1 0 
0 7710
0 3
cfn=(3544)
calls=1 0 
0 3
0 5
cfn=(3382)
calls=1 0 
0 6
0 9
cfn=(3578)
calls=1 0 
0 138
0 2
cfn=(3382)
calls=1 0 
0 6
0 7
cfn=(3578)
calls=1 0 
0 138
0 4
cfn=(3550)
calls=1 0 
0 1228
0 6
cfn=(2838)
calls=1 0 
0 40
0 13
cfn=(3262)
calls=1 0 
0 44
0 3
cfn=(2838)
calls=1 0 
0 36
0 17
cfn=(3264)
calls=1 0 
0 68
0 4
cfn=(3274)
calls=1 0 
0 2
0 2
cfn=(3276)
calls=1 0 
0 13
0 2
cfn=(3280)
calls=1 0 
0 4
0 40
cfn=(3284)
calls=20 0 
0 3817
0 60
cfn=(2786)
calls=20 0 
0 3840
0 140
cfn=(3200)
calls=20 0 
0 3200
0 60
cfn=(3240)
calls=20 0 
0 20988
0 40
cfn=(3250)
calls=20 0 
0 2020
0 80
cob=(2)
cfi=(18)
cfn=(2878)
calls=20 0 
0 1778
0 40
cfn=(3252)
calls=20 0 
0 60
0 42
cob=(2)
cfi=(18)
cfn=(2798)
calls=1 0 
0 57
0 3
cfn=(3512)
calls=1 0 
0 10667
0 3
cfn=(3544)
calls=1 0 
0 3
0 5
cfn=(3382)
calls=1 0 
0 6
0 9
cfn=(3578)
calls=1 0 
0 138
0 2
cfn=(3382)
calls=1 0 
0 6
0 7
cfn=(3578)
calls=1 0 
0 138
0 4
cfn=(3550)
calls=1 0 
0 1228
0 6
cfn=(2838)
calls=1 0 
0 40
0 13
cfn=(3262)
calls=1 0 
0 44
0 3
cfn=(2838)
calls=1 0 
0 36
0 17
cfn=(3264)
calls=1 0 
0 68
0 4
cfn=(3274)
calls=1 0 
0 2
0 2
cfn=(3276)
calls=1 0 
0 13
0 2
cfn=(3280)
calls=1 0 
0 4
0 40
cfn=(3284)
calls=20 0 
0 3837
0 60
cfn=(2786)
calls=20 0 
0 3920
0 140
cfn=(3200)
calls=20 0 
0 3200
0 60
cfn=(3240)
calls=20 0 
0 21027
0 40
cfn=(3250)
calls=20 0 
0 2020
0 80
cob=(2)
cfi=(18)
cfn=(2878)
calls=20 0 
0 1760
0 40
cfn=(3252)
calls=20 0 
0 60
0 42
cob=(2)
cfi=(18)
cfn=(2798)
calls=1 0 
0 57
0 3
cfn=(3512)
calls=1 0 
0 10703
0 3
cfn=(3544)
calls=1 0 
0 3
0 5
cfn=(3382)
calls=1 0 
0 6
0 9
cfn=(3578)
calls=1 0 
0 138
0 2
cfn=(3382)
calls=1 0 
0 6
0 7
cfn=(3578)
calls=1 0 
0 138
0 4
cfn=(3550)
calls=1 0 
0 7994
0 6
cfn=(2838)
calls=1 0 
0 40
0 13
cfn=(3262)
calls=1 0 
0 44
0 3
cfn=(2838)
calls=1 0 
0 36
0 17
cfn=(3264)
calls=1 0 
0 68
0 4
cfn=(3274)
calls=1 0 
0 2
0 2
cfn=(3276)
calls=1 0 
0 13
0 2
cfn=(3280)
calls=1 0 
0 4
0 40
cfn=(3284)
calls=20 0 
0 3817
0 60
cfn=(2786)
calls=20 0 
0 3920
0 140
cfn=(3200)
calls=20 0 
0 3200
0 60
cfn=(3240)
calls=20 0 
0 21444
0 40
cfn=(3250)
calls=20 0 
0 2020
0 80
cob=(2)
cfi=(18)
cfn=(2878)
calls=20 0 
0 1760
0 40
cfn=(3252)
calls=20 0 
0 60
0 42
cob=(2)
cfi=(18)
cfn=(2798)
calls=1 0 
0 57
0 3
cfn=(3512)
calls=1 0 
0 7630
0 3
cfn=(3544)
calls=1 0 
0 3
0 5
cfn=(3382)
calls=1 0 
0 6
0 9
cfn=(3578)
calls=1 0 
0 138
0 2
cfn=(3382)
calls=1 0 
0 6
0 7
cfn=(3578)
calls=1 0 
0 138
0 4
cfn=(3550)
calls=1 0 
0 7882
0 6
cfn=(2838)
calls=1 0 
0 40
0 13
cfn=(3262)
calls=1 0 
0 44
0 3
cfn=(2838)
calls=1 0 
0 36
0 17
cfn=(3264)
calls=1 0 
0 68
0 4
cfn=(3274)
calls=1 0 
0 2
0 2
cfn=(3276)
calls=1 0 
0 13
0 2
cfn=(3280)
calls=1 0 
0 4
0 40
cfn=(3284)
calls=20 0 
0 3817
0 60
cfn=(2786)
calls=20 0 
0 3760
0 140
cfn=(3200)
calls=20 0 
0 3200
0 60
cfn=(3240)
calls=20 0 
0 21430
0 40
cfn=(3250)
calls=20 0 
0 2020
0 80
cob=(2)
cfi=(18)
cfn=(2878)
calls=20 0 
0 1760
0 40
cfn=(3252)
calls=20 0 
0 60
0 42
cob=(2)
cfi=(18)
cfn=(2798)
calls=1 0 
0 57
0 3
cfn=(3512)
calls=1 0 
0 7630
0 2
cfn=(3382)
calls=1 0 
0 6
0 8
cfn=(3610)
calls=1 0 
0 45
0 6
cfn=(2838)
calls=1 0 
0 40
0 13
cfn=(3262)
calls=1 0 
0 44
0 3
cfn=(2838)
calls=1 0 
0 36
0 17
cfn=(3264)
calls=1 0 
0 68
0 4
cfn=(3274)
calls=1 0 
0 2
0 2
cfn=(3276)
calls=1 0 
0 13
0 2
cfn=(3280)
calls=1 0 
0 4
0 40
cfn=(3284)
calls=20 0 
0 3651
0 60
cfn=(2786)
calls=20 0 
0 3840
0 140
cfn=(3200)
calls=20 0 
0 3200
0 60
cfn=(3240)
calls=20 0 
0 21888
0 40
cfn=(3250)
calls=20 0 
0 2020
0 80
cob=(2)
cfi=(18)
cfn=(2878)
calls=20 0 
0 1760
0 40
cfn=(3252)
calls=20 0 
0 60
0 42
cob=(2)
cfi=(18)
cfn=(2798)
calls=1 0 
0 57
0 3
cfn=(3512)
calls=1 0 
0 11110
0 3
cfn=(3382)
calls=1 0 
0 6
0 5
cfn=(3382)
calls=1 0 
0 6
0 5
cfn=(3382)
calls=1 0 
0 6
0 5
cfn=(3382)
calls=1 0 
0 6
0 8
cfn=(3610)
calls=1 0 
0 453
0 6
cfn=(2838)
calls=1 0 
0 40
0 13
cfn=(3262)
calls=1 0 
0 44
0 3
cfn=(2838)
calls=1 0 
0 36
0 17
cfn=(3264)
calls=1 0 
0 68
0 4
cfn=(3274)
calls=1 0 
0 2
0 2
cfn=(3276)
calls=1 0 
0 13
0 2
cfn=(3280)
calls=1 0 
0 4
0 40
cfn=(3284)
calls=20 0 
0 3817
0 60
cfn=(2786)
calls=20 0 
0 4080
0 140
cfn=(3200)
calls=20 0 
0 3360
0 60
cfn=(3240)
calls=20 0 
0 24348
0 40
cfn=(3250)
calls=20 0 
0 2020
0 80
cob=(2)
cfi=(18)
cfn=(2878)
calls=20 0 
0 1760
0 40
cfn=(3252)
calls=20 0 
0 60
0 42
cob=(2)
cfi=(18)
cfn=(2798)
calls=1 0 
0 57
0 4
cfn=(3512)
calls=1 0 
0 10999
0 4
cfn=(3382)
calls=1 0 
0 6
0 9
cfn=(3610)
calls=1 0 
0 380
0 5
cfn=(2838)
calls=1 0 
0 40
0 16
cfn=(3262)
calls=1 0 
0 44
0 3
cfn=(3382)
calls=1 0 
0 6
0 11
cfn=(2838)
calls=1 0 
0 36
0 18
cfn=(3264)
calls=1 0 
0 68
0 5
cfn=(3274)
calls=1 0 
0 2
0 2
cfn=(3276)
calls=1 0 
0 13
0 2
cfn=(3280)
calls=1 0 
0 4
0 3
cfn=(2838)
calls=1 0 
0 49
0 13
cfn=(3262)
calls=1 0 
0 44
0 24
cfn=(2838)
calls=1 0 
0 32
0 17
cfn=(3264)
calls=1 0 
0 68
0 4
cfn=(3274)
calls=1 0 
0 2
0 2
cfn=(3276)
calls=1 0 
0 13
0 2
cfn=(3280)
calls=1 0 
0 4
0 40
cfn=(3284)
calls=20 0 
0 3828
0 60
cfn=(2786)
calls=20 0 
0 3840
0 140
cfn=(3200)
calls=20 0 
0 3200
0 60
cfn=(3240)
calls=20 0 
0 22208
0 40
cfn=(3250)
calls=20 0 
0 2020
0 80
cob=(2)
cfi=(18)
cfn=(2878)
calls=20 0 
0 1760
0 40
cfn=(3252)
calls=20 0 
0 60
0 42
cob=(2)
cfi=(18)
cfn=(2798)
calls=1 0 
0 57
0 3
cfn=(3512)
calls=1 0 
0 10992
0 3
cfn=(3426)
calls=1 0 
0 3
0 3
cfn=(3426)
calls=1 0 
0 3
0 2
cfn=(3616)
calls=1 0 
0 64
0 6
cfn=(2838)
calls=1 0 
0 40
0 13
cfn=(3262)
calls=1 0 
0 44
0 3
cfn=(2838)
calls=1 0 
0 36
0 17
cfn=(3264)
calls=1 0 
0 68
0 4
cfn=(3274)
calls=1 0 
0 2
0 2
cfn=(3276)
calls=1 0 
0 13
0 2
cfn=(3280)
calls=1 0 
0 4
0 40
cfn=(3284)
calls=20 0 
0 3651
0 60
cfn=(2786)
calls=20 0 
0 3560
0 140
cfn=(3200)
calls=20 0 
0 3000
0 60
cfn=(3240)
calls=20 0 
0 21903
0 40
cfn=(3250)
calls=20 0 
0 2040
0 80
cob=(2)
cfi=(18)
cfn=(2878)
calls=20 0 
0 1780
0 40
cfn=(3252)
calls=20 0 
0 60
0 42
cob=(2)
cfi=(18)
cfn=(2798)
calls=1 0 
0 57
0 3
cfn=(3512)
calls=1 0 
0 11144
0 3
cfn=(3426)
calls=1 0 
0 3
0 3
cfn=(3426)
calls=1 0 
0 3
0 2
cfn=(3616)
calls=1 0 
0 28
0 6
cfn=(2838)
calls=1 0 
0 40
0 13
cfn=(3262)
calls=1 0 
0 44
0 3
cfn=(2838)
calls=1 0 
0 36
0 15
cfn=(3264)
calls=1 0 
0 68
0 4
cfn=(3274)
calls=1 0 
0 2
0 2
cfn=(3276)
calls=1 0 
0 13
0 2
cfn=(3280)
calls=1 0 
0 4
0 40
cfn=(3284)
calls=20 0 
0 3651
0 60
cfn=(2786)
calls=20 0 
0 3560
0 140
cfn=(3200)
calls=20 0 
0 3000
0 60
cfn=(3240)
calls=20 0 
0 21620
0 40
cfn=(3250)
calls=20 0 
0 2020
0 80
cob=(2)
cfi=(18)
cfn=(2878)
calls=20 0 
0 1760
0 40
cfn=(3252)
calls=20 0 
0 60
0 42
cob=(2)
cfi=(18)
cfn=(2798)
calls=1 0 
0 57
0 3
cfn=(3512)
calls=1 0 
0 10999
0 3
cfn=(3426)
calls=1 0 
0 3
0 3
cfn=(3426)
calls=1 0 
0 3
0 2
cfn=(3616)
calls=1 0 
0 71
0 6
cfn=(2838)
calls=1 0 
0 40
0 13
cfn=(3262)
calls=1 0 
0 44
0 3
cfn=(2838)
calls=1 0 
0 36
0 14
cfn=(3264)
calls=1 0 
0 68
0 4
cfn=(3274)
calls=1 0 
0 2
0 2
cfn=(3276)
calls=1 0 
0 13
0 2
cfn=(3280)
calls=1 0 
0 4
0 40
cfn=(3284)
calls=20 0 
0 3631
0 220

fn=(3520) MiceBoard::initializePositions()
0 16000
cob=(2)
cfi=(18)
cfn=(2798)
calls=960 0 
0 125815
0 9600
cob=(2)
cfi=(18)
cfn=(3522)
calls=960 0 
0 20287
0 3120
cfn=(3532) std::_Hashtable<int, int, std::allocator<int>, std::__detail::_Identity, std::equal_to<int>, std::hash<int>, std::__detail::_Mod_range_hashing, std::__detail::_Default_ranged_hash, std::__detail::_Prime_rehash_policy, std::__detail::_Hashtable_traits<false, true, true> >::_M_rehash(unsigned long, unsigned long const&)
calls=80 0 
0 25405
0 18400

fn=(3576)
0 27

fn=(3580)
0 56
cfn=(3582)
calls=8 0 
0 52
0 53
cfn=(3594) MiceGame::formsMillOnEvenPosition(int, int) const
calls=3 0 
0 360
0 35
cfn=(3584) MiceGame::formsMillOnOddPosition(int, int) const
calls=5 0 
0 510

fn=(3586)
0 171

fn=(3590)
0 98
cfn=(3592)
calls=7 0 
0 21
0 28
cfn=(3592)
calls=7 0 
0 21
0 63

fn=(3628) ____C_A_T_C_H____T_E_S_T____80()
0 42
cfn=(2790)
calls=2 0 
0 276
0 12
cfn=(3200)
calls=2 0 
0 320
0 8
cfn=(3240)
calls=2 0 
0 2637
0 22
cob=(2)
cfi=(18)
cfn=(2878)
calls=2 0 
0 176
0 8
cob=(2)
cfi=(18)
cfn=(2878)
calls=2 0 
0 176
0 4
cfn=(3252)
calls=2 0 
0 6
0 7
cfn=(3254)
calls=1 0 
0 51
0 4
cfn=(3500)
calls=1 0 
0 1079
0 7
cfn=(2838)
calls=1 0 
0 40
0 14
cfn=(3262)
calls=1 0 
0 44
0 6
cfn=(2838)
calls=1 0 
0 36
0 17
cfn=(3264)
calls=1 0 
0 68
0 5
cfn=(3274)
calls=1 0 
0 2
0 2
cfn=(3276)
calls=1 0 
0 13
0 2
cfn=(3280)
calls=1 0 
0 4
0 2
cfn=(3282)
calls=1 0 
0 2
0 2
cfn=(3282)
calls=1 0 
0 2
0 4
cfn=(3284)
calls=2 0 
0 1329
0 10
cfn=(2790)
calls=2 0 
0 276
0 12
cfn=(3200)
calls=2 0 
0 320
0 6
cfn=(3240)
calls=2 0 
0 2761
0 14
cob=(2)
cfi=(18)
cfn=(2878)
calls=2 0 
0 176
0 8
cob=(2)
cfi=(18)
cfn=(2878)
calls=2 0 
0 176
0 4
cfn=(3252)
calls=2 0 
0 6
0 6
cfn=(3254)
calls=1 0 
0 51
0 3
cfn=(2838)
calls=1 0 
0 32
0 12
cfn=(3262)
calls=1 0 
0 44
0 3
cfn=(3500)
calls=1 0 
0 1079
0 2
cfn=(3282)
calls=1 0 
0 2
0 2
cfn=(3446)
calls=1 0 
0 684
0 2
cfn=(3276)
calls=1 0 
0 13
0 2
cfn=(3280)
calls=1 0 
0 4
0 2
cfn=(3282)
calls=1 0 
0 2
0 4
cfn=(3284)
calls=2 0 
0 1329
0 22

fn=(3638) ____C_A_T_C_H____T_E_S_T____97()
0 21
cfn=(2790)
calls=1 0 
0 138
0 6
cfn=(3200)
calls=1 0 
0 160
0 4
cfn=(3240)
calls=1 0 
0 1766
0 9
cob=(2)
cfi=(18)
cfn=(2878)
calls=1 0 
0 88
0 4
cob=(2)
cfi=(18)
cfn=(2878)
calls=1 0 
0 88
0 2
cfn=(3252)
calls=1 0 
0 3
0 4
cfn=(3254)
calls=1 0 
0 51
0 4
cfn=(3260)
calls=1 0 
0 3
0 7
cfn=(2838)
calls=1 0 
0 32
0 13
cfn=(3262)
calls=1 0 
0 44
0 8
cfn=(2838)
calls=1 0 
0 36
0 16
cfn=(3264)
calls=1 0 
0 68
0 4
cfn=(3274)
calls=1 0 
0 2
0 2
cfn=(3276)
calls=1 0 
0 13
0 2
cfn=(3280)
calls=1 0 
0 4
0 2
cfn=(3282)
calls=1 0 
0 2
0 2
cfn=(3284)
calls=1 0 
0 1200
0 11

fn=(9112) ____C_A_T_C_H____T_E_S_T____109()
0 42
cfn=(2790)
calls=2 0 
0 276
0 14
cfn=(3200)
calls=2 0 
0 320
0 8
cfn=(3240)
calls=2 0 
0 2637
0 22
cob=(2)
cfi=(18)
cfn=(2878)
calls=2 0 
0 176
0 8
cob=(2)
cfi=(18)
cfn=(2878)
calls=2 0 
0 176
0 4
cfn=(3252)
calls=2 0 
0 6
0 7
cfn=(3416)
calls=1 0 
0 4
0 3
cfn=(3428)
calls=1 0 
0 77
0 2
cfn=(3254)
calls=1 0 
0 51
0 99
cfn=(3504)
calls=1 0 
0 458
0 6
cfn=(2838)
calls=1 0 
0 32
0 13
cfn=(3262)
calls=1 0 
0 44
0 6
cfn=(2838)
calls=1 0 
0 36
0 17
cfn=(3264)
calls=1 0 
0 68
0 4
cfn=(3274)
calls=1 0 
0 2
0 2
cfn=(3276)
calls=1 0 
0 13
0 2
cfn=(3280)
calls=1 0 
0 4
0 2
cfn=(3282)
calls=1 0 
0 2
0 4
cfn=(3284)
calls=2 0 
0 1329
0 12
cfn=(2790)
calls=2 0 
0 276
0 14
cfn=(3200)
calls=2 0 
0 320
0 6
cfn=(3240)
calls=2 0 
0 2873
0 14
cob=(2)
cfi=(18)
cfn=(2878)
calls=2 0 
0 176
0 8
cob=(2)
cfi=(18)
cfn=(2878)
calls=2 0 
0 176
0 4
cfn=(3252)
calls=2 0 
0 6
0 7
cfn=(3416)
calls=1 0 
0 4
0 3
cfn=(3428)
calls=1 0 
0 77
0 2
cfn=(3254)
calls=1 0 
0 51
0 4
cfn=(3506)
calls=1 0 
0 1793
0 4
cfn=(3504)
calls=1 0 
0 1826
0 6
cfn=(2838)
calls=1 0 
0 32
0 13
cfn=(3262)
calls=1 0 
0 44
0 6
cfn=(2838)
calls=1 0 
0 36
0 16
cfn=(3264)
calls=1 0 
0 68
0 4
cfn=(3274)
calls=1 0 
0 2
0 2
cfn=(3276)
calls=1 0 
0 13
0 2
cfn=(3280)
calls=1 0 
0 4
0 2
cfn=(3282)
calls=1 0 
0 2
0 4
cfn=(3284)
calls=2 0 
0 1329
0 22

fn=(9320) Catch::ISingleton::~ISingleton()
0 2

fn=(9328) Catch::ITagAliasRegistry::~ITagAliasRegistry()
0 2

fn=(9338)
0 6
cfn=(9340)
calls=1 0 
0 7

fn=(9362)
0 2
cob=(2)
cfi=(18)
cfn=(2878)
calls=1 0 
0 108

fn=(9382) Catch::IRegistryHub::~IRegistryHub()
0 2

fn=(9384)
0 14
cfn=(9386) Catch::Context::~Context()
calls=1 0 
0 156
0 6

fn=(9392)
0 35
cfn=(9394)
calls=1 0 
0 170
0 37
cfn=(9398) Catch::IConfig::~IConfig()
calls=1 0 
0 7

fn=(9404)
0 4

fn=(9430)
0 2

fn=(9436)
0 2
cob=(2)
cfi=(18)
cfn=(2878)
calls=1 0 
0 108

fn=(9448) Catch::clara::detail::BoundValueRef<double>::~BoundValueRef()
0 4

fn=(9456)
0 2

fn=(2834)
0 10
cfn=(2796)
calls=1 0 
0 6
0 5
cob=(2)
cfi=(18)
cfn=(2798)
calls=1 0 
0 204
0 18
cfn=(2808)
calls=1 0 
0 538
0 4
cfn=(2818)
calls=1 0 
0 16
0 8

fn=(2854)
0 323
cfn=(2800)
calls=19 0 
0 95
0 76
cfn=(2796)
calls=19 0 
0 114
0 152
cfn=(2856)
calls=19 0 
0 1387
0 133
cfn=(2860)
calls=19 0 
0 78651
0 114
cfn=(2914) Catch::TestRegistry::registerTest(Catch::TestCase const&)
calls=19 0 
0 25909
0 76
cfn=(2818)
calls=19 0 
0 304
0 38
cfn=(2912)
calls=19 0 
0 5635
0 285

fn=(2912)
0 1059
cob=(2)
cfi=(18)
cfn=(2878)
calls=38 0 
0 3344
0 774
cob=(2)
cfi=(18)
cfn=(2878)
calls=38 0 
0 3344
0 796
cob=(2)
cfi=(18)
cfn=(2878)
calls=28 0 
0 2464
0 116

fn=(2918) void std::vector<Catch::TestCase, std::allocator<Catch::TestCase> >::_M_realloc_insert<Catch::TestCase const&>(__gnu_cxx::__normal_iterator<Catch::TestCase*, std::vector<Catch::TestCase, std::allocator<Catch::TestCase> > >, Catch::TestCase const&)
0 200
cob=(2)
cfi=(18)
cfn=(2798)
calls=6 0 
0 1202
0 36
cfn=(2920)
calls=6 0 
0 4705
0 3126
cob=(2)
cfi=(18)
cfn=(2878)
calls=5 0 
0 532
0 126

fn=(2960) std::vector<std::__cxx11::basic_string<char, std::char_traits<char>, std::allocator<char> >, std::allocator<std::__cxx11::basic_string<char, std::char_traits<char>, std::allocator<char> > > >::push_back(std::__cxx11::basic_string<char, std::char_traits<char>, std::allocator<char> > const&)
0 561
cfn=(2876)
calls=51 0 
0 21086

fn=(2984)
0 26
cob=(2)
cfi=(18)
cfn=(2878)
calls=2 0 
0 196
0 10
cob=(2)
cfi=(18)
cfn=(2878)
calls=2 0 
0 196
0 27
cfn=(9402)
calls=1 0 
0 8
0 13
cfn=(9406)
calls=1 0 
0 110

fn=(2990) Catch::clara::detail::ParserRefImpl<Catch::clara::detail::Opt>::~ParserRefImpl()
0 400
cob=(2)
cfi=(18)
cfn=(2878)
calls=28 0 
0 3024
0 128
cob=(2)
cfi=(18)
cfn=(2878)
calls=4 0 
0 432
0 434

fn=(2992) Catch::Session::applyCommandLine(int, char const* const*)
0 40
cob=(2)
cfi=(18)
cfn=(2788)
calls=1 0 
0 31
0 5
cfn=(2790)
calls=1 0 
0 128
0 31
cfn=(2994)
calls=1 0 
0 32
0 8
cfn=(2812)
calls=1 0 
0 127
0 6
cfn=(2996)
calls=1 0 
0 2997
0 4
cob=(2)
cfi=(18)
cfn=(2878)
calls=1 0 
0 88
0 2
cfn=(3014)
calls=1 0 
0 14
0 2
cfn=(2988)
calls=1 0 
0 14
0 4
cob=(2)
cfi=(18)
cfn=(2878)
calls=1 0 
0 88
0 28
cfn=(3014)
calls=1 0 
0 14
0 3

fn=(3008)
0 7
cob=(2)
cfi=(18)
cfn=(2948)
calls=1 0 
0 64
0 11

fn=(3012)
0 17
cfn=(3010)
calls=1 0 
0 36

fn=(3056)
0 3

fn=(3104)
0 17
cfn=(3106) Catch::TestSpec::hasFilters() const
calls=1 0 
0 5
0 10

fn=(3112)
0 353
cfn=(3114)
calls=43 0 
0 2000
0 72
cfn=(3114)
calls=18 0 
0 832
0 271
cob=(2)
cfi=(18)
cfn=(3116)
calls=7 0 
0 135
0 35
cfn=(3114)
calls=7 0 
0 322
0 24
cfn=(3114)
calls=8 0 
0 376
0 93
cob=(2)
cfi=(18)
cfn=(2798)
calls=1 0 
0 202
0 36
cob=(2)
cfi=(18)
cfn=(2798)
calls=18 0 
0 5310
0 171
cfn=(2812)
calls=19 0 
0 3340
0 152
cfn=(2812)
calls=19 0 
0 627
0 152
cfn=(2812)
calls=19 0 
0 627
0 247
cob=(2)
cfi=(18)
cfn=(2798)
calls=19 0 
0 3739
0 361
cfn=(2812)
calls=19 0 
0 1049
0 7
cfn=(2812)
calls=1 0 
0 55
0 346
cob=(2)
cfi=(18)
cfn=(2798)
calls=19 0 
0 4010
0 361
cfn=(2812)
calls=19 0 
0 1049
0 7
cfn=(2812)
calls=1 0 
0 55
0 460
cob=(2)
cfi=(18)
cfn=(2814)
calls=19 0 
0 945
0 196
cfn=(3114)
calls=18 0 
0 839
0 39
cfn=(3120) std::_Rb_tree<Catch::TestCase, Catch::TestCase, std::_Identity<Catch::TestCase>, std::less<Catch::TestCase>, std::allocator<Catch::TestCase> >::_M_erase(std::_Rb_tree_node<Catch::TestCase>*)
calls=1 0 
0 8881
0 11

fn=(3122)
0 41
cob=(2)
cfi=(18)
cfn=(2798)
calls=1 0 
0 4175
0 164
cfn=(2812)
calls=19 0 
0 3190
0 152
cfn=(2812)
calls=19 0 
0 627
0 152
cfn=(2812)
calls=19 0 
0 627
0 95
cfn=(2894)
calls=19 0 
0 5475
0 247
cob=(2)
cfi=(18)
cfn=(2798)
calls=19 0 
0 3639
0 342
cfn=(2812)
calls=19 0 
0 1049
0 7
cfn=(2812)
calls=1 0 
0 55
0 436

fn=(3146) Catch::StreamingReporterBase<Catch::ConsoleReporter>::testCaseStarting(Catch::TestCaseInfo const&)
0 437
cfn=(2812)
calls=19 0 
0 2042
0 152
cfn=(2812)
calls=19 0 
0 627
0 152
cfn=(2812)
calls=19 0 
0 627
0 247
cob=(2)
cfi=(18)
cfn=(2798)
calls=19 0 
0 1083
0 361
cfn=(2812)
calls=19 0 
0 1049
0 7
cfn=(2812)
calls=1 0 
0 55
0 346
cob=(2)
cfi=(18)
cfn=(2798)
calls=19 0 
0 1083
0 361
cfn=(2812)
calls=19 0 
0 1049
0 7
cfn=(2812)
calls=1 0 
0 55
0 365

fn=(3204)
0 86
cob=(2)
cfi=(18)
cfn=(2798)
calls=3 0 
0 566
0 27
cfn=(2812)
calls=3 0 
0 550
0 21
cfn=(2812)
calls=3 0 
0 99
0 195
cob=(2)
cfi=(18)
cfn=(2878)
calls=2 0 
0 176
0 68

fn=(3240)
0 12639
cfn=(2800)
calls=1149 0 
0 5745
0 10341
cfn=(2812)
calls=1149 0 
0 159515
0 8043
cfn=(2812)
calls=1149 0 
0 37917
0 12639
cfn=(3242)
calls=1149 0 
0 31023
0 5745
cfn=(3244)
calls=1149 0 
0 866929
0 4596
cfn=(3206)
calls=1149 0 
0 59748
0 6894

fn=(3260)
0 129

fn=(3266) Catch::RunContext::handleExpr(Catch::AssertionInfo const&, Catch::ITransientExpression const&, Catch::AssertionReaction&)
0 1443
cfn=(3268) Catch::XmlReporter::assertionStarting(Catch::AssertionInfo const&)
calls=111 0 
0 222
0 1776
cfn=(3270) Catch::RunContext::assertionPassed()
calls=111 0 
0 3108

fn=(3272)
0 952

fn=(3274)
0 222

fn=(3324)
0 4796
cfn=(2812)
calls=218 0 
0 26994
0 1526
cfn=(2812)
calls=218 0 
0 7194
0 3488

fn=(3340) Catch::RunContext::handleUnfinishedSections()
0 1568

fn=(3350)
0 560

fn=(3354)
0 9570
cob=(2)
cfi=(18)
cfn=(3356)
calls=870 0 
0 90480
0 32190

fn=(3372) QVector<QVector<int> >::reallocData(int, int, QFlags<QArrayData::AllocationOption>)
0 1512
cob=(2)
cfi=(18)
cfn=(3356)
calls=36 0 
0 4860
0 1152

fn=(9136)
0 16
cfn=(3316)
calls=1 0 
0 5
0 4
cfn=(3316)
calls=1 0 
0 5
0 17
cfn=(3316)
calls=1 0 
0 5
0 17
cfn=(3316)
calls=1 0 
0 5
0 55
cfn=(9138)
calls=1 0 
0 8279
0 3
cfn=(9192)
calls=1 0 
0 3
0 10
cob=(2)
cfi=(18)
cfn=(9194)
calls=1 0 
0 21
0 4
cob=(2)
cfi=(18)
cfn=(9162)
calls=1 0 
0 110
0 5
cfn=(9198)
calls=1 0 
0 608
0 5
cfn=(9138)
calls=1 0 
0 618
0 3
cfn=(9192)
calls=1 0 
0 3
0 6
cob=(2)
cfi=(18)
cfn=(9194)
calls=1 0 
0 21
0 4
cob=(2)
cfi=(18)
cfn=(9162)
calls=1 0 
0 110
0 5
cfn=(9198)
calls=1 0 
0 608
0 2
cfn=(9200)
calls=1 0 
0 7
0 8
cob=(2)
cfi=(18)
cfn=(2878)
calls=1 0 
0 88
0 3
cfn=(9198)
calls=1 0 
0 608
0 7
cob=(2)
cfi=(18)
cfn=(9162)
calls=1 0 
0 395
0 14
cfn=(9138)
calls=1 0 
0 618
0 3
cfn=(9192)
calls=1 0 
0 3
0 6
cob=(2)
cfi=(18)
cfn=(9194)
calls=1 0 
0 1102
0 4
cob=(2)
cfi=(18)
cfn=(9162)
calls=1 0 
0 633
0 1

fn=(3408)
0 760
cfn=(3407)
calls=19 0 
0 47518
0 190
cfn=(3412)
calls=19 0 
0 1914
0 152
cob=(2)
cfi=(18)
cfn=(2878)
calls=19 0 
0 1788
0 133
cfn=(3410) Catch::TestCaseTracking::ITracker::~ITracker()
calls=19 0 
0 171

fn=(3409)
0 1825
cob=(2)
cfi=(18)
cfn=(2878)
calls=117 0 
0 11562
0 3023
cfn=(3407)
calls=103 0 
0 36728
0 1030
cfn=(3412)
calls=103 0 
0 12612
0 546
cob=(2)
cfi=(18)
cfn=(2878)
calls=24 0 
0 2210
0 854
cfn=(3410)
calls=122 0 
0 13124

fn=(3424) Player::Player(int)
0 320

fn=(3454) Catch::AssertionResultData::AssertionResultData(Catch::ResultWas::OfType, Catch::LazyExpression const&)
0 152
cfn=(3456)
calls=8 0 
0 40
0 56

fn=(3458) Catch::AssertionResult::AssertionResult(Catch::AssertionInfo const&, Catch::AssertionResultData const&)
0 192
cfn=(2812)
calls=8 0 
0 264
0 48
cfn=(2812)
calls=8 0 
0 264
0 24
cfn=(3456)
calls=8 0 
0 40
0 64

fn=(3480) OthelloGame::calculatePlayerFields() const
0 608
cfn=(3352)
calls=128 0 
0 768
0 384
cfn=(3482)
calls=128 0 
0 384
0 744
cfn=(3352)
calls=122 0 
0 732
0 366
cfn=(3482)
calls=122 0 
0 366
0 1048

fn=(3512)
0 140
cob=(2)
cfi=(18)
cfn=(2798)
calls=20 0 
0 1968
0 80
cfn=(3514) MicePlayer::MicePlayer(int)
calls=20 0 
0 440
0 60
cob=(2)
cfi=(18)
cfn=(2798)
calls=20 0 
0 2300
0 80
cfn=(3514)
calls=20 0 
0 440
0 120
cfn=(3516)
calls=20 0 
0 184892
0 140

fn=(3546)
0 3

fn=(3556)
0 54

fn=(3564)
0 180
cfn=(3566)
calls=36 0 
0 82406
0 180
cob=(2)
cfi=(18)
cfn=(2878)
calls=36 0 
0 3168

fn=(3578)
0 2610
cob=(2)
cfi=(18)
cfn=(2878)
calls=90 0 
0 9360
0 1767

fn=(3636) ____C_A_T_C_H____T_E_S_T____94()
0 21
cfn=(2790)
calls=1 0 
0 138
0 6
cfn=(3200)
calls=1 0 
0 160
0 4
cfn=(3240)
calls=1 0 
0 1765
0 9
cob=(2)
cfi=(18)
cfn=(2878)
calls=1 0 
0 88
0 4
cob=(2)
cfi=(18)
cfn=(2878)
calls=1 0 
0 88
0 2
cfn=(3252)
calls=1 0 
0 3
0 4
cfn=(3254)
calls=1 0 
0 51
0 6
cfn=(3352)
calls=1 0 
0 6
0 5
cfn=(2838)
calls=1 0 
0 32
0 13
cfn=(3262)
calls=1 0 
0 44
0 6
cfn=(2838)
calls=1 0 
0 36
0 16
cfn=(3264)
calls=1 0 
0 68
0 4
cfn=(3274)
calls=1 0 
0 2
0 2
cfn=(3276)
calls=1 0 
0 13
0 2
cfn=(3280)
calls=1 0 
0 4
0 2
cfn=(3282)
calls=1 0 
0 2
0 2
cfn=(3284)
calls=1 0 
0 1200
0 11

fn=(9156) Catch::ErrnoGuard::~ErrnoGuard()
0 4
cob=(2)
cfi=(18)
cfn=(9146)
calls=1 0 
0 6
0 4

fn=(9106) ____C_A_T_C_H____T_E_S_T____103()
0 20
cfn=(2790)
calls=1 0 
0 128
0 6
cfn=(3200)
calls=1 0 
0 150
0 4
cfn=(3240)
calls=1 0 
0 1715
0 9
cob=(2)
cfi=(18)
cfn=(2878)
calls=1 0 
0 88
0 4
cob=(2)
cfi=(18)
cfn=(2878)
calls=1 0 
0 88
0 2
cfn=(3252)
calls=1 0 
0 3
0 6
cfn=(3642)
calls=1 0 
0 1194
0 3
cfn=(2838)
calls=1 0 
0 36
0 12
cfn=(3262)
calls=1 0 
0 44
0 2
cfn=(3446)
calls=1 0 
0 684
0 2
cfn=(3276)
calls=1 0 
0 13
0 2
cfn=(3280)
calls=1 0 
0 4
0 2
cfn=(9008)
calls=1 0 
0 1371
0 2
cfn=(3284)
calls=1 0 
0 1180
0 10

fn=(9278) Catch::TestRunStats::~TestRunStats()
0 9

fn=(9280) Catch::FatalConditionHandler::~FatalConditionHandler()
0 6
cob=(2)
cfi=(18)
cfn=(9282)
calls=1 0 
0 292
0 3

fn=(9350)
0 2
cob=(2)
cfi=(18)
cfn=(2878)
calls=1 0 
0 108

fn=(9360)
0 5
cfn=(9342)
calls=1 0 
0 2

fn=(9390) Catch::IContext::~IContext()
0 2

fn=(9396)
0 2

fn=(9422) Catch::clara::detail::BoundValueRef<std::__cxx11::basic_string<char, std::char_traits<char>, std::allocator<char> > >::~BoundValueRef()
0 6

fn=(9432)
0 2
cob=(2)
cfi=(18)
cfn=(2878)
calls=1 0 
0 108

fn=(9446)
0 12
cfn=(9448)
calls=2 0 
0 4

fn=(9466)
0 2
cob=(2)
cfi=(18)
cfn=(2878)
calls=1 0 
0 108

fn=(9472)
0 2

fn=(2246)
0 12

fn=(2820)
0 10
cfn=(2796)
calls=1 0 
0 6
0 5
cob=(2)
cfi=(18)
cfn=(2798)
calls=1 0 
0 204
0 18
cfn=(2808)
calls=1 0 
0 1466
0 4
cfn=(2818)
calls=1 0 
0 16
0 8

fn=(2898) void std::__introsort_loop<__gnu_cxx::__normal_iterator<std::__cxx11::basic_string<char, std::char_traits<char>, std::allocator<char> >*, std::vector<std::__cxx11::basic_string<char, std::char_traits<char>, std::allocator<char> >, std::allocator<std::__cxx11::basic_string<char, std::char_traits<char>, std::allocator<char> > > > >, long, __gnu_cxx::__ops::_Iter_less_iter>(__gnu_cxx::__normal_iterator<std::__cxx11::basic_string<char, std::char_traits<char>, std::allocator<char> >*, std::vector<std::__cxx11::basic_string<char, std::char_traits<char>, std::allocator<char> >, std::allocator<std::__cxx11::basic_string<char, std::char_traits<char>, std::allocator<char> > > > >, __gnu_cxx::__normal_iterator<std::__cxx11::basic_string<char, std::char_traits<char>, std::allocator<char> >*, std::vector<std::__cxx11::basic_string<char, std::char_traits<char>, std::allocator<char> >, std::allocator<std::__cxx11::basic_string<char, std::char_traits<char>, std::allocator<char> > > > >, long, __gnu_cxx::__ops::_Iter_less_iter) [clone .isra.0]
0 475

fn=(2900) void std::__insertion_sort<__gnu_cxx::__normal_iterator<std::__cxx11::basic_string<char, std::char_traits<char>, std::allocator<char> >*, std::vector<std::__cxx11::basic_string<char, std::char_traits<char>, std::allocator<char> >, std::allocator<std::__cxx11::basic_string<char, std::char_traits<char>, std::allocator<char> > > > >, __gnu_cxx::__ops::_Iter_less_iter>(__gnu_cxx::__normal_iterator<std::__cxx11::basic_string<char, std::char_traits<char>, std::allocator<char> >*, std::vector<std::__cxx11::basic_string<char, std::char_traits<char>, std::allocator<char> >, std::allocator<std::__cxx11::basic_string<char, std::char_traits<char>, std::allocator<char> > > > >, __gnu_cxx::__normal_iterator<std::__cxx11::basic_string<char, std::char_traits<char>, std::allocator<char> >*, std::vector<std::__cxx11::basic_string<char, std::char_traits<char>, std::allocator<char> >, std::allocator<std::__cxx11::basic_string<char, std::char_traits<char>, std::allocator<char> > > > >, __gnu_cxx::__ops::_Iter_less_iter)
0 360
cob=(2)
cfi=(18)
cfn=(2822)
calls=1 0 
0 26
0 38
cob=(2)
cfi=(18)
cfn=(2792)
calls=1 0 
0 15
0 232
cob=(2)
cfi=(18)
cfn=(2792)
calls=1 0 
0 15
0 9

fn=(2904)
0 260
cob=(2)
cfi=(18)
cfn=(2906)
calls=20 0 
0 260
0 468
cob=(2)
cfi=(18)
cfn=(2906)
calls=156 0 
0 2028
0 608

fn=(2914)
0 304
cfn=(2916)
calls=19 0 
0 57
0 114
cfn=(2812)
calls=19 0 
0 3372
0 134
cfn=(2920)
calls=13 0 
0 10329
0 201
cob=(2)
cfi=(18)
cfn=(2878)
calls=14 0 
0 1232
0 233
cfn=(2918)
calls=6 0 
0 9927
0 6

fn=(2962) Catch::clara::detail::Opt::Opt(bool&)
0 88
cob=(2)
cfi=(18)
cfn=(2798)
calls=11 0 
0 2114
0 517

fn=(3014)
0 42

fn=(3026)
0 28
cob=(2)
cfi=(18)
cfn=(2798)
calls=1 0 
0 1975
0 4
cfn=(3028) Catch::cout()
calls=1 0 
0 3
0 6
cob=(2)
cfi=(18)
cfn=(3030)
calls=1 0 
0 100
0 15
cob=(2)
cfi=(18)
cfn=(3032)
calls=1 0 
0 992
0 1

fn=(3046)
0 6
cob=(2)
cfi=(18)
cfn=(2798)
calls=1 0 
0 57
0 11
cfn=(2800)
calls=1 0 
0 5
0 15

fn=(3064)
0 9
cfn=(3066)
calls=1 0 
0 7
0 14

fn=(3170) Catch::TestCaseTracking::TrackerContext::startCycle()
0 490

fn=(3198) Catch::RunContext::runCurrentTest(std::__cxx11::basic_string<char, std::char_traits<char>, std::allocator<char> >&, std::__cxx11::basic_string<char, std::char_traits<char>, std::allocator<char> >&)
0 1666
cfn=(2916)
calls=98 0 
0 294
0 490
cfn=(3200)
calls=98 0 
0 11131
0 392
cfn=(3202)
calls=98 0 
0 17167
0 2156
cfn=(3042)
calls=98 0 
0 1666
0 392
cfn=(3100)
calls=98 0 
0 294
0 392
cfn=(3286)
calls=98 0 
0 7056
0 588
cfn=(3312)
calls=98 0 
0 1176
0 294
cfn=(3314)
calls=98 0 
0 2058
0 392
cfn=(3318)
calls=98 0 
0 22186
0 196
cfn=(3340)
calls=98 0 
0 1568
0 1470
cfn=(3324)
calls=98 0 
0 16957
0 392
cfn=(3326)
calls=98 0 
0 12299
0 196
cfn=(3330)
calls=98 0 
0 5900
0 833
cob=(2)
cfi=(18)
cfn=(2878)
calls=49 0 
0 4332
0 1372
cfn=(3206)
calls=98 0 
0 6216
0 196
cfn=(3220) Catch::RunContext::invokeActiveTestCase()
calls=98 0 
0 3790551
0 98

fn=(3200)
0 16211
cfn=(2812)
calls=1247 0 
0 167552
0 12470

fn=(3220)
0 1078
cfn=(3222)
calls=98 0 
0 60956
0 196
cfn=(3234)
calls=98 0 
0 3684613
0 490
cfn=(3336)
calls=98 0 
0 42826
0 392

fn=(3250)
0 14222
cob=(2)
cfi=(18)
cfn=(2878)
calls=1094 0 
0 96372

fn=(3264)
0 999
cfn=(3266)
calls=111 0 
0 6549

fn=(3268)
0 222

fn=(3270)
0 1110
cfn=(3272)
calls=111 0 
0 888
0 1110

fn=(3278)
0 357

fn=(3288)
0 654
cfn=(3290) Catch::Timer::getElapsedNanoseconds() const
calls=218 0 
0 11336
0 1526

fn=(3320)
0 1308
cfn=(3194)
calls=218 0 
0 654

fn=(3326)
0 4578
cfn=(3328)
calls=218 0 
0 7412
0 3657
cob=(2)
cfi=(18)
cfn=(2878)
calls=169 0 
0 14872
0 2180

fn=(3334)
0 62229

fn=(3368)
0 884
cfn=(3372)
calls=36 0 
0 7524
0 946
cfn=(3370)
calls=36 0 
0 720
0 75
cfn=(3370)
calls=1 0 
0 20
0 2

fn=(9126)
0 9

fn=(9130)
0 20
cfn=(3142)
calls=1 0 
0 15
0 5
cfn=(9132) Catch::TestRunStats::TestRunStats(Catch::TestRunInfo const&, Catch::Totals const&, bool)
calls=1 0 
0 88
0 3
cfn=(9134)
calls=1 0 
0 27233
0 2
cfn=(9278)
calls=1 0 
0 9
0 2
cfn=(9280)
calls=1 0 
0 301
0 4
cfn=(2818)
calls=1 0 
0 9009
0 4
cob=(2)
cfi=(18)
cfn=(2878)
calls=1 0 
0 108
0 23
cfn=(9288)
calls=1 0 
0 3168
0 4
cfn=(2818)
calls=1 0 
0 16
0 17
cfn=(9308)
calls=1 0 
0 2
0 2
cfn=(9310) Catch::IResultCapture::~IResultCapture()
calls=1 0 
0 2
0 9

fn=(3390) Catch::TestCaseInfo::expectedToFail() const
0 95

fn=(3394) Catch::TestCaseStats::TestCaseStats(Catch::TestCaseInfo const&, Catch::Totals const&, std::__cxx11::basic_string<char, std::char_traits<char>, std::allocator<char> > const&, std::__cxx11::basic_string<char, std::char_traits<char>, std::allocator<char> > const&, bool)
0 361
cfn=(2920)
calls=19 0 
0 10523
0 285
cfn=(2812)
calls=19 0 
0 627
0 133
cfn=(2812)
calls=19 0 
0 627
0 171

fn=(3446)
0 16
cfn=(3448)
calls=8 0 
0 5448

fn=(3450)
0 224
cfn=(3452)
calls=8 0 
0 32
0 32
cfn=(3454)
calls=8 0 
0 248
0 40
cfn=(3458)
calls=8 0 
0 896
0 24
cfn=(3460)
calls=8 0 
0 3520
0 16
cfn=(3470)
calls=8 0 
0 120
0 232

fn=(3474)
0 208

fn=(3478)
0 26
cfn=(3344)
calls=2 0 
0 1347
0 4
cfn=(3480)
calls=2 0 
0 5400
0 8
cfn=(3426)
calls=2 0 
0 6
0 14
cfn=(3426)
calls=2 0 
0 6
0 4
cfn=(3258)
calls=1 0 
0 5

fn=(3490) ____C_A_T_C_H____T_E_S_T____45()
0 63
cfn=(2790)
calls=3 0 
0 414
0 21
cfn=(3200)
calls=3 0 
0 480
0 12
cfn=(3240)
calls=3 0 
0 3514
0 33
cob=(2)
cfi=(18)
cfn=(2878)
calls=3 0 
0 264
0 12
cob=(2)
cfi=(18)
cfn=(2878)
calls=3 0 
0 264
0 6
cfn=(3252)
calls=3 0 
0 9
0 9
cfn=(3416)
calls=1 0 
0 4
0 3
cfn=(3418)
calls=1 0 
0 351
0 3
cfn=(3492) OthelloGame::get_next_move()
calls=1 0 
0 260925
0 19
cfn=(2838)
calls=1 0 
0 32
0 13
cfn=(3262)
calls=1 0 
0 44
0 6
cfn=(2838)
calls=1 0 
0 36
0 17
cfn=(3264)
calls=1 0 
0 68
0 4
cfn=(3274)
calls=1 0 
0 2
0 2
cfn=(3276)
calls=1 0 
0 13
0 2
cfn=(3280)
calls=1 0 
0 4
0 2
cfn=(3434)
calls=1 0 
0 220
0 6
cfn=(3284)
calls=3 0 
0 1458
0 18
cfn=(2790)
calls=3 0 
0 414
0 21
cfn=(3200)
calls=3 0 
0 480
0 9
cfn=(3240)
calls=3 0 
0 3621
0 21
cob=(2)
cfi=(18)
cfn=(2878)
calls=3 0 
0 264
0 12
cob=(2)
cfi=(18)
cfn=(2878)
calls=3 0 
0 264
0 6
cfn=(3252)
calls=3 0 
0 9
0 9
cfn=(3416)
calls=1 0 
0 4
0 3
cfn=(3418)
calls=1 0 
0 351
0 93
cfn=(3492)
calls=1 0 
0 1150
0 6
cfn=(2838)
calls=1 0 
0 32
0 13
cfn=(3262)
calls=1 0 
0 44
0 6
cfn=(2838)
calls=1 0 
0 36
0 17
cfn=(3264)
calls=1 0 
0 68
0 4
cfn=(3274)
calls=1 0 
0 2
0 2
cfn=(3276)
calls=1 0 
0 13
0 2
cfn=(3280)
calls=1 0 
0 4
0 2
cfn=(3434)
calls=1 0 
0 220
0 6
cfn=(3284)
calls=3 0 
0 1458
0 18
cfn=(2790)
calls=3 0 
0 384
0 21
cfn=(3200)
calls=3 0 
0 450
0 9
cfn=(3240)
calls=3 0 
0 3713
0 21
cob=(2)
cfi=(18)
cfn=(2878)
calls=3 0 
0 284
0 12
cob=(2)
cfi=(18)
cfn=(2878)
calls=3 0 
0 284
0 6
cfn=(3252)
calls=3 0 
0 9
0 9
cfn=(3416)
calls=1 0 
0 4
0 3
cfn=(3418)
calls=1 0 
0 351
0 94
cfn=(3492)
calls=1 0 
0 1150
0 6
cfn=(2838)
calls=1 0 
0 32
0 13
cfn=(3262)
calls=1 0 
0 44
0 6
cfn=(2838)
calls=1 0 
0 36
0 16
cfn=(3264)
calls=1 0 
0 68
0 4
cfn=(3274)
calls=1 0 
0 2
0 2
cfn=(3276)
calls=1 0 
0 13
0 2
cfn=(3280)
calls=1 0 
0 4
0 2
cfn=(3434)
calls=1 0 
0 220
0 6
cfn=(3284)
calls=3 0 
0 1458
0 33

fn=(3492)
0 12
cfn=(3494)
calls=3 0 
0 263213

fn=(3502) OthelloMinMax::Max(Othellostate const&, int, int, int) const
0 80
cfn=(3498)
calls=4 0 
0 68
0 72
cfn=(3378)
calls=4 0 
0 137220
0 122
cfn=(3282)
calls=6 0 
0 12
0 48
cfn=(3500)
calls=9 0 
0 9711
0 27
cfn=(3344)
calls=9 0 
0 15911
0 54
cfn=(3497) OthelloMinMax::Min(Othellostate const&, int, int, int) const'2
calls=9 0 
0 16713
0 79
cfn=(3282)
calls=3 0 
0 6
0 42
cob=(2)
cfi=(18)
cfn=(3358)
calls=3 0 
0 270
0 19
cob=(2)
cfi=(18)
cfn=(3358)
calls=1 0 
0 90
0 4

fn=(3508) OthelloMinMax::getHeuristicScoreOnField(int, int) const
0 5760

fn=(3534) std::__detail::_Hashtable_alloc<std::allocator<std::__detail::_Hash_node<int, false> > >::_M_allocate_buckets(unsigned long) [clone .isra.0]
0 672
cob=(2)
cfi=(18)
cfn=(2798)
calls=96 0 
0 8428
0 384
cob=(2)
cfi=(18)
cfn=(3536)
calls=96 0 
0 2809
0 192

fn=(3538) MiceBoard::initializeGraph()
0 560
cfn=(3540)
calls=40 0 
0 10040
0 200
cfn=(3540)
calls=40 0 
0 1120
0 200
cfn=(3540)
calls=40 0 
0 1120
0 200
cfn=(3540)
calls=40 0 
0 1120
0 200
cfn=(3540)
calls=40 0 
0 1120
0 200
cfn=(3540)
calls=40 0 
0 13800
0 200
cfn=(3540)
calls=40 0 
0 1120
0 160
cfn=(3540)
calls=40 0 
0 1120
0 200
cfn=(3540)
calls=40 0 
0 1120
0 200
cfn=(3540)
calls=40 0 
0 1120
0 200
cfn=(3540)
calls=40 0 
0 1120
0 200
cfn=(3540)
calls=40 0 
0 1120
0 200
cfn=(3540)
calls=40 0 
0 1120
0 200
cfn=(3540)
calls=40 0 
0 14479
0 200
cfn=(3540)
calls=40 0 
0 1120
0 200
cfn=(3540)
calls=40 0 
0 1120
0 200
cfn=(3540)
calls=40 0 
0 1120
0 200
cfn=(3540)
calls=40 0 
0 1120
0 200
cfn=(3540)
calls=40 0 
0 1120
0 200
cfn=(3540)
calls=40 0 
0 1120
0 200
cfn=(3540)
calls=40 0 
0 1120
0 200
cfn=(3540)
calls=40 0 
0 1120
0 200
cfn=(3540)
calls=40 0 
0 1120
0 200
cfn=(3540)
calls=40 0 
0 1120
0 200
cfn=(3540)
calls=40 0 
0 1120
0 200
cfn=(3540)
calls=40 0 
0 1120
0 200
cfn=(3540)
calls=40 0 
0 1120
0 200
cfn=(3540)
calls=40 0 
0 1120
0 200
cfn=(3540)
calls=40 0 
0 1120
0 200
cfn=(3540)
calls=40 0 
0 18516
0 200
cfn=(3540)
calls=40 0 
0 1120
0 200
cfn=(3540)
calls=40 0 
0 1120
0 280

fn=(3552)
0 87
cfn=(3554)
calls=29 0 
0 87

fn=(3584)
0 85
cfn=(3586)
calls=5 0 
0 15
0 30
cfn=(3586)
calls=5 0 
0 15
0 40
cfn=(3586)
calls=5 0 
0 15
0 40
cfn=(3586)
calls=5 0 
0 15
0 70
cfn=(3586)
calls=5 0 
0 15
0 85
cfn=(3586)
calls=5 0 
0 15
0 70

fn=(3594)
0 54
cfn=(3586)
calls=3 0 
0 9
0 42
cfn=(3586)
calls=3 0 
0 9
0 48
cfn=(3586)
calls=3 0 
0 9
0 21
cfn=(3586)
calls=3 0 
0 9
0 45
cfn=(3586)
calls=3 0 
0 9
0 42
cfn=(3586)
calls=3 0 
0 9
0 44
cfn=(3586)
calls=1 0 
0 3
0 7

fn=(3598)
0 180
cfn=(3600)
calls=15 0 
0 20114
0 953
cob=(2)
cfi=(18)
cfn=(3358)
calls=13 0 
0 1170
0 31

fn=(3614)
0 16
cfn=(3580)
calls=2 0 
0 276
0 15
cfn=(3586)
calls=1 0 
0 3
0 5
cfn=(3586)
calls=1 0 
0 3
0 6
cfn=(3586)
calls=1 0 
0 3
0 181

fn=(3634) ____C_A_T_C_H____T_E_S_T____91()
0 21
cfn=(2790)
calls=1 0 
0 146
0 6
cfn=(3200)
calls=1 0 
0 168
0 4
cfn=(3240)
calls=1 0 
0 1806
0 9
cob=(2)
cfi=(18)
cfn=(2878)
calls=1 0 
0 88
0 4
cob=(2)
cfi=(18)
cfn=(2878)
calls=1 0 
0 88
0 2
cfn=(3252)
calls=1 0 
0 3
0 4
cfn=(3254)
calls=1 0 
0 51
0 5
cfn=(3348)
calls=1 0 
0 14
0 4
cfn=(3346)
calls=1 0 
0 36
0 4
cfn=(2838)
calls=1 0 
0 45
0 13
cfn=(3262)
calls=1 0 
0 44
0 13
cfn=(2838)
calls=1 0 
0 36
0 19
cfn=(3264)
calls=1 0 
0 68
0 4
cfn=(3274)
calls=1 0 
0 2
0 2
cfn=(3276)
calls=1 0 
0 13
0 2
cfn=(3280)
calls=1 0 
0 4
0 2
cfn=(3282)
calls=1 0 
0 2
0 2
cfn=(3284)
calls=1 0 
0 1216
0 11

fn=(3640) ____C_A_T_C_H____T_E_S_T____100()
0 21
cfn=(2790)
calls=1 0 
0 138
0 6
cfn=(3200)
calls=1 0 
0 160
0 4
cfn=(3240)
calls=1 0 
0 1765
0 9
cob=(2)
cfi=(18)
cfn=(2878)
calls=1 0 
0 88
0 4
cob=(2)
cfi=(18)
cfn=(2878)
calls=1 0 
0 88
0 2
cfn=(3252)
calls=1 0 
0 3
0 6
cfn=(3642)
calls=1 0 
0 19412
0 2
cfn=(3906) Client::doConnect()
calls=1 0 
0 295152
0 5
cfn=(2838)
calls=1 0 
0 40
0 13
cfn=(3262)
calls=1 0 
0 44
0 3
cfn=(2838)
calls=1 0 
0 36
0 16
cfn=(3264)
calls=1 0 
0 68
0 4
cfn=(3274)
calls=1 0 
0 2
0 2
cfn=(3276)
calls=1 0 
0 13
0 2
cfn=(3280)
calls=1 0 
0 4
0 2
cfn=(9008)
calls=1 0 
0 7106
0 2
cfn=(3284)
calls=1 0 
0 1200
0 11

fn=(3906)
0 24
cob=(2)
cfi=(18)
cfn=(2798)
calls=1 0 
0 57
0 18
cob=(2)
cfi=(18)
cfn=(3908)
calls=1 0 
0 839
0 3
cob=(2)
cfi=(18)
cfn=(3976)
calls=1 0 
0 11
0 9
cob=(2)
cfi=(18)
cfn=(2798)
calls=1 0 
0 131
0 17
cob=(2)
cfi=(18)
cfn=(3908)
calls=1 0 
0 552
0 3
cob=(2)
cfi=(18)
cfn=(3976)
calls=1 0 
0 11
0 9
cob=(2)
cfi=(18)
cfn=(2798)
calls=1 0 
0 288
0 18
cob=(2)
cfi=(18)
cfn=(3908)
calls=1 0 
0 460
0 3
cob=(2)
cfi=(18)
cfn=(3976)
calls=1 0 
0 11
0 9
cob=(2)
cfi=(18)
cfn=(2798)
calls=1 0 
0 282
0 18
cob=(2)
cfi=(18)
cfn=(3908)
calls=1 0 
0 456
0 3
cob=(2)
cfi=(18)
cfn=(3976)
calls=1 0 
0 11
0 7
cob=(2)
cfi=(18)
cfn=(4014)
calls=1 0 
0 13098
0 5
cob=(2)
cfi=(18)
cfn=(4592)
calls=1 0 
0 356
0 3
cob=(2)
cfi=(18)
cfn=(4642)
calls=1 0 
0 295
0 11
cob=(2)
cfi=(18)
cfn=(4656)
calls=1 0 
0 187942
0 7
cob=(2)
cfi=(18)
cfn=(7348)
calls=1 0 
0 132
0 6
cob=(32)
cfi=(223)
cfn=(7358) QAbstractSocket::connectToHost(QHostAddress const&, unsigned short, QFlags<QIODevice::OpenModeFlag>)
calls=1 0 
0 51072
0 2
cob=(2)
cfi=(18)
cfn=(8566)
calls=1 0 
0 116
0 4
cob=(32)
cfi=(223)
cfn=(8568) QAbstractSocket::waitForConnected(int)
calls=1 0 
0 31985
0 6
cob=(32)
cfi=(223)
cfn=(8568)
calls=1 0 
0 630
0 14
cob=(2)
cfi=(18)
cfn=(3358)
calls=1 0 
0 90
0 5
cob=(2)
cfi=(18)
cfn=(4650)
calls=1 0 
0 58
0 8
cob=(2)
cfi=(18)
cfn=(4014)
calls=1 0 
0 454
0 5
cob=(2)
cfi=(18)
cfn=(4592)
calls=1 0 
0 287
0 3
cob=(2)
cfi=(18)
cfn=(4642)
calls=1 0 
0 297
0 12
cob=(2)
cfi=(18)
cfn=(8984)
calls=1 0 
0 28
0 5
cob=(2)
cfi=(18)
cfn=(8988)
calls=1 0 
0 1730
0 14
cob=(2)
cfi=(18)
cfn=(4656)
calls=1 0 
0 3003
0 4
cob=(2)
cfi=(18)
cfn=(3358)
calls=1 0 
0 90
0 5
cob=(2)
cfi=(18)
cfn=(4650)
calls=1 0 
0 58
0 3
cob=(2)
cfi=(18)
cfn=(4650)
calls=1 0 
0 58
0 1

fn=(9220)
0 26
cob=(2)
cfi=(18)
cfn=(9222)
calls=2 0 
0 4612
0 10
cob=(2)
cfi=(18)
cfn=(9162)
calls=2 0 
0 474
0 8
cob=(2)
cfi=(18)
cfn=(9162)
calls=2 0 
0 548
0 14
cob=(2)
cfi=(18)
cfn=(9162)
calls=2 0 
0 474
0 18

fn=(9326) std::_Rb_tree<std::__cxx11::basic_string<char, std::char_traits<char>, std::allocator<char> >, std::pair<std::__cxx11::basic_string<char, std::char_traits<char>, std::allocator<char> > const, Catch::TagAlias>, std::_Select1st<std::pair<std::__cxx11::basic_string<char, std::char_traits<char>, std::allocator<char> > const, Catch::TagAlias> >, std::less<std::__cxx11::basic_string<char, std::char_traits<char>, std::allocator<char> > >, std::allocator<std::pair<std::__cxx11::basic_string<char, std::char_traits<char>, std::allocator<char> > const, Catch::TagAlias> > >::_M_erase(std::_Rb_tree_node<std::pair<std::__cxx11::basic_string<char, std::char_traits<char>, std::allocator<char> > const, Catch::TagAlias> >*)
0 4

fn=(9334) Catch::ReporterRegistry::~ReporterRegistry()
0 20
cfn=(9336)
calls=1 0 
0 1124
0 7
cfn=(9364)
calls=1 0 
0 2

fn=(9344)
0 2
cob=(2)
cfi=(18)
cfn=(2878)
calls=1 0 
0 108

fn=(9348)
0 5
cfn=(9342)
calls=1 0 
0 2

fn=(9352)
0 6
cfn=(9354)
calls=1 0 
0 7

fn=(9376) std::_Sp_counted_ptr<Catch::ITestInvoker*, (__gnu_cxx::_Lock_policy)2>::_M_destroy()
0 57
cob=(2)
cfi=(18)
cfn=(3436)
calls=19 0 
0 2128

fn=(9388) Catch::IMutableContext::~IMutableContext()
0 5
cfn=(9390)
calls=1 0 
0 2

fn=(9406)
0 4
cob=(2)
cfi=(18)
cfn=(2878)
calls=2 0 
0 216

fn=(9408)
0 6
cfn=(9410)
calls=1 0 
0 2

fn=(9420)
0 18
cfn=(9422)
calls=3 0 
0 6

fn=(9426)
0 2

fn=(9480)
0 4
cob=(2)
cfi=(18)
cfn=(2878)
calls=2 0 
0 216

fn=(9486)
0 2
cob=(2)
cfi=(18)
cfn=(2878)
calls=1 0 
0 108

fn=(3378)
0 8740
cfn=(3352)
calls=1024 0 
0 6144
0 5348
cfn=(3380)
calls=825 0 
0 447539
0 2243
cfn=(3374)
calls=28 0 
0 7378
0 1231

fn=(2836)
0 2

fn=(2838)
0 2128
cob=(2)
cfi=(18)
cfn=(2788)
calls=266 0 
0 5883
0 1596

fn=(2842)
0 152
cob=(2)
cfi=(18)
cfn=(2844)
calls=19 0 
0 3649
0 114
cfn=(2852) Catch::TestInvokerAsFunction::TestInvokerAsFunction(void (*)())
calls=19 0 
0 114
0 95

fn=(2852)
0 114

fn=(2876)
0 2272
cob=(2)
cfi=(18)
cfn=(2798)
calls=91 0 
0 15455
0 1092
cfn=(2812)
calls=91 0 
0 7251
0 1202
cob=(2)
cfi=(18)
cfn=(2878)
calls=22 0 
0 2987
0 1773

fn=(2896)
0 570
cfn=(2898)
calls=19 0 
0 475
0 95
cfn=(2900)
calls=19 0 
0 695
0 590
cfn=(2902)
calls=20 0 
0 5108
0 60
cfn=(2862)
calls=20 0 
0 10172
0 180
cfn=(2876)
calls=20 0 
0 5998
0 533

fn=(2946)
0 20
cfn=(2786)
calls=1 0 
0 508
0 6
cob=(2)
cfi=(18)
cfn=(2798)
calls=1 0 
0 57
0 21
cfn=(2812)
calls=1 0 
0 292
0 12
cfn=(2786)
calls=1 0 
0 164
0 3
cob=(2)
cfi=(18)
cfn=(2948)
calls=1 0 
0 2735
0 3
cfn=(2786)
calls=1 0 
0 334
0 7
cob=(2)
cfi=(18)
cfn=(2798)
calls=1 0 
0 223
0 19
cfn=(2812)
calls=1 0 
0 292
0 14
cfn=(2786)
calls=1 0 
0 338
0 5
cfn=(2960)
calls=1 0 
0 588
0 4
cfn=(2786)
calls=1 0 
0 358
0 3
cob=(2)
cfi=(18)
cfn=(2948)
calls=1 0 
0 320
0 5
cfn=(2962)
calls=1 0 
0 276
0 4
cfn=(2786)
calls=1 0 
0 328
0 5
cfn=(2960)
calls=1 0 
0 584
0 4
cfn=(2786)
calls=1 0 
0 337
0 3
cob=(2)
cfi=(18)
cfn=(2948)
calls=1 0 
0 308
0 3
cfn=(2786)
calls=1 0 
0 332
0 6
cob=(2)
cfi=(18)
cfn=(2798)
calls=1 0 
0 221
0 19
cfn=(2812)
calls=1 0 
0 290
0 13
cfn=(2786)
calls=1 0 
0 328
0 5
cfn=(2960)
calls=1 0 
0 584
0 4
cfn=(2786)
calls=1 0 
0 188
0 3
cob=(2)
cfi=(18)
cfn=(2948)
calls=1 0 
0 154
0 3
cfn=(2786)
calls=1 0 
0 93
0 6
cob=(2)
cfi=(18)
cfn=(2798)
calls=1 0 
0 221
0 19
cfn=(2812)
calls=1 0 
0 55
0 13
cfn=(2786)
calls=1 0 
0 336
0 5
cfn=(2960)
calls=1 0 
0 584
0 4
cfn=(2786)
calls=1 0 
0 337
0 3
cob=(2)
cfi=(18)
cfn=(2948)
calls=1 0 
0 308
0 3
cfn=(2786)
calls=1 0 
0 95
0 6
cob=(2)
cfi=(18)
cfn=(2798)
calls=1 0 
0 221
0 17
cfn=(2812)
calls=1 0 
0 57
0 13
cfn=(2786)
calls=1 0 
0 328
0 5
cfn=(2960)
calls=1 0 
0 679
0 4
cfn=(2786)
calls=1 0 
0 602
0 3
cob=(2)
cfi=(18)
cfn=(2948)
calls=1 0 
0 291
0 3
cfn=(2786)
calls=1 0 
0 250
0 5
cob=(2)
cfi=(18)
cfn=(2798)
calls=1 0 
0 221
0 17
cfn=(2812)
calls=1 0 
0 273
0 13
cfn=(2786)
calls=1 0 
0 319
0 5
cfn=(2960)
calls=1 0 
0 550
0 4
cfn=(2786)
calls=1 0 
0 320
0 3
cob=(2)
cfi=(18)
cfn=(2948)
calls=1 0 
0 291
0 5
cfn=(2962)
calls=1 0 
0 259
0 4
cfn=(2786)
calls=1 0 
0 93
0 5
cfn=(2960)
calls=1 0 
0 332
0 4
cfn=(2786)
calls=1 0 
0 325
0 3
cob=(2)
cfi=(18)
cfn=(2948)
calls=1 0 
0 291
0 3
cfn=(2786)
calls=1 0 
0 95
0 5
cob=(2)
cfi=(18)
cfn=(2798)
calls=1 0 
0 204
0 17
cfn=(2812)
calls=1 0 
0 57
0 13
cfn=(2786)
calls=1 0 
0 97
0 5
cfn=(2960)
calls=1 0 
0 332
0 4
cfn=(2786)
calls=1 0 
0 319
0 3
cob=(2)
cfi=(18)
cfn=(2948)
calls=1 0 
0 294
0 3
cfn=(2786)
calls=1 0 
0 93
0 5
cob=(2)
cfi=(18)
cfn=(2798)
calls=1 0 
0 204
0 17
cfn=(2812)
calls=1 0 
0 55
0 13
cfn=(2786)
calls=1 0 
0 93
0 5
cfn=(2960)
calls=1 0 
0 332
0 4
cfn=(2786)
calls=1 0 
0 320
0 3
cob=(2)
cfi=(18)
cfn=(2948)
calls=1 0 
0 291
0 3
cfn=(2786)
calls=1 0 
0 97
0 5
cob=(2)
cfi=(18)
cfn=(2798)
calls=1 0 
0 204
0 17
cfn=(2812)
calls=1 0 
0 55
0 13
cfn=(2786)
calls=1 0 
0 99
0 5
cfn=(2960)
calls=1 0 
0 334
0 4
cfn=(2786)
calls=1 0 
0 320
0 3
cob=(2)
cfi=(18)
cfn=(2948)
calls=1 0 
0 291
0 5
cfn=(2962)
calls=1 0 
0 259
0 4
cfn=(2786)
calls=1 0 
0 319
0 5
cfn=(2960)
calls=1 0 
0 550
0 4
cfn=(2786)
calls=1 0 
0 311
0 3
cob=(2)
cfi=(18)
cfn=(2948)
calls=1 0 
0 294
0 5
cfn=(2962)
calls=1 0 
0 259
0 4
cfn=(2786)
calls=1 0 
0 315
0 5
cfn=(2960)
calls=1 0 
0 550
0 4
cfn=(2786)
calls=1 0 
0 320
0 3
cob=(2)
cfi=(18)
cfn=(2948)
calls=1 0 
0 291
0 3
cfn=(2786)
calls=1 0 
0 319
0 5
cob=(2)
cfi=(18)
cfn=(2798)
calls=1 0 
0 204
0 17
cfn=(2812)
calls=1 0 
0 273
0 13
cfn=(2786)
calls=1 0 
0 97
0 6
cfn=(2960)
calls=1 0 
0 336
0 4
cfn=(2786)
calls=1 0 
0 93
0 3
cfn=(2960)
calls=1 0 
0 451
0 4
cfn=(2786)
calls=1 0 
0 311
0 3
cob=(2)
cfi=(18)
cfn=(2948)
calls=1 0 
0 147
0 3
cfn=(2786)
calls=1 0 
0 97
0 6
cob=(2)
cfi=(18)
cfn=(2798)
calls=1 0 
0 204
0 19
cfn=(2812)
calls=1 0 
0 55
0 13
cfn=(2786)
calls=1 0 
0 101
0 6
cfn=(2960)
calls=1 0 
0 336
0 4
cfn=(2786)
calls=1 0 
0 93
0 3
cfn=(2960)
calls=1 0 
0 451
0 4
cfn=(2786)
calls=1 0 
0 311
0 3
cob=(2)
cfi=(18)
cfn=(2948)
calls=1 0 
0 147
0 5
cfn=(2962)
calls=1 0 
0 259
0 4
cfn=(2786)
calls=1 0 
0 101
0 6
cfn=(2960)
calls=1 0 
0 336
0 4
cfn=(2786)
calls=1 0 
0 315
0 3
cfn=(2960)
calls=1 0 
0 669
0 4
cfn=(2786)
calls=1 0 
0 172
0 3
cob=(2)
cfi=(18)
cfn=(2948)
calls=1 0 
0 294
0 3
cfn=(2786)
calls=1 0 
0 93
0 5
cob=(2)
cfi=(18)
cfn=(2798)
calls=1 0 
0 204
0 17
cfn=(2812)
calls=1 0 
0 55
0 13
cfn=(2786)
calls=1 0 
0 97
0 6
cfn=(2960)
calls=1 0 
0 336
0 4
cfn=(2786)
calls=1 0 
0 93
0 3
cfn=(2960)
calls=1 0 
0 451
0 4
cfn=(2786)
calls=1 0 
0 173
0 3
cob=(2)
cfi=(18)
cfn=(2948)
calls=1 0 
0 291
0 3
cfn=(2786)
calls=1 0 
0 99
0 6
cob=(2)
cfi=(18)
cfn=(2798)
calls=1 0 
0 204
0 19
cfn=(2812)
calls=1 0 
0 57
0 13
cfn=(2786)
calls=1 0 
0 101
0 6
cfn=(2960)
calls=1 0 
0 336
0 4
cfn=(2786)
calls=1 0 
0 97
0 3
cfn=(2960)
calls=1 0 
0 451
0 4
cfn=(2786)
calls=1 0 
0 339
0 3
cob=(2)
cfi=(18)
cfn=(2948)
calls=1 0 
0 301
0 3
cfn=(2786)
calls=1 0 
0 95
0 5
cob=(2)
cfi=(18)
cfn=(2798)
calls=1 0 
0 57
0 17
cfn=(2812)
calls=1 0 
0 57
0 13
cfn=(2786)
calls=1 0 
0 105
0 6
cfn=(2960)
calls=1 0 
0 336
0 4
cfn=(2786)
calls=1 0 
0 93
0 3
cfn=(2960)
calls=1 0 
0 451
0 4
cfn=(2786)
calls=1 0 
0 311
0 3
cob=(2)
cfi=(18)
cfn=(2948)
calls=1 0 
0 147
0 3
cfn=(2786)
calls=1 0 
0 97
0 5
cob=(2)
cfi=(18)
cfn=(2798)
calls=1 0 
0 204
0 17
cfn=(2812)
calls=1 0 
0 55
0 13
cfn=(2786)
calls=1 0 
0 101
0 6
cfn=(2960)
calls=1 0 
0 336
0 4
cfn=(2786)
calls=1 0 
0 99
0 3
cfn=(2960)
calls=1 0 
0 453
0 4
cfn=(2786)
calls=1 0 
0 101
0 3
cob=(2)
cfi=(18)
cfn=(2948)
calls=1 0 
0 62
0 3
cfn=(2786)
calls=1 0 
0 93
0 5
cob=(2)
cfi=(18)
cfn=(2798)
calls=1 0 
0 57
0 17
cfn=(2812)
calls=1 0 
0 55
0 13
cfn=(2786)
calls=1 0 
0 97
0 6
cfn=(2960)
calls=1 0 
0 336
0 4
cfn=(2786)
calls=1 0 
0 93
0 3
cfn=(2960)
calls=1 0 
0 451
0 4
cfn=(2786)
calls=1 0 
0 315
0 3
cob=(2)
cfi=(18)
cfn=(2948)
calls=1 0 
0 147
0 2
cob=(2)
cfi=(18)
cfn=(2798)
calls=1 0 
0 204
0 27
cfn=(2818)
calls=1 0 
0 16
0 8
cfn=(2786)
calls=1 0 
0 97
0 6
cfn=(2960)
calls=1 0 
0 336
0 4
cfn=(2786)
calls=1 0 
0 99
0 3
cfn=(2960)
calls=1 0 
0 453
0 4
cfn=(2786)
calls=1 0 
0 311
0 3
cob=(2)
cfi=(18)
cfn=(2948)
calls=1 0 
0 147
0 3
cfn=(2786)
calls=1 0 
0 99
0 6
cob=(2)
cfi=(18)
cfn=(2798)
calls=1 0 
0 204
0 19
cfn=(2812)
calls=1 0 
0 57
0 13
cfn=(2786)
calls=1 0 
0 97
0 6
cfn=(2960)
calls=1 0 
0 336
0 4
cfn=(2786)
calls=1 0 
0 95
0 3
cfn=(2960)
calls=1 0 
0 453
0 4
cfn=(2786)
calls=1 0 
0 97
0 3
cob=(2)
cfi=(18)
cfn=(2948)
calls=1 0 
0 62
0 3
cfn=(2786)
calls=1 0 
0 99
0 5
cob=(2)
cfi=(18)
cfn=(2798)
calls=1 0 
0 57
0 17
cfn=(2812)
calls=1 0 
0 57
0 13
cfn=(2786)
calls=1 0 
0 101
0 6
cfn=(2960)
calls=1 0 
0 336
0 4
cfn=(2786)
calls=1 0 
0 97
0 3
cfn=(2960)
calls=1 0 
0 451
0 4
cfn=(2786)
calls=1 0 
0 173
0 3
cob=(2)
cfi=(18)
cfn=(2948)
calls=1 0 
0 291
0 3
cfn=(2786)
calls=1 0 
0 93
0 6
cob=(2)
cfi=(18)
cfn=(2798)
calls=1 0 
0 204
0 19
cfn=(2812)
calls=1 0 
0 55
0 13
cfn=(2786)
calls=1 0 
0 101
0 6
cfn=(2960)
calls=1 0 
0 336
0 4
cfn=(2786)
calls=1 0 
0 103
0 3
cfn=(2960)
calls=1 0 
0 453
0 4
cfn=(2786)
calls=1 0 
0 93
0 3
cob=(2)
cfi=(18)
cfn=(2948)
calls=1 0 
0 62
0 5
cfn=(2962)
calls=1 0 
0 112
0 4
cfn=(2786)
calls=1 0 
0 97
0 6
cfn=(2960)
calls=1 0 
0 336
0 4
cfn=(2786)
calls=1 0 
0 93
0 3
cfn=(2960)
calls=1 0 
0 451
0 4
cfn=(2786)
calls=1 0 
0 173
0 3
cob=(2)
cfi=(18)
cfn=(2948)
calls=1 0 
0 291
0 5
cfn=(2962)
calls=1 0 
0 259
0 4
cfn=(2786)
calls=1 0 
0 101
0 6
cfn=(2960)
calls=1 0 
0 336
0 4
cfn=(2786)
calls=1 0 
0 97
0 3
cfn=(2960)
calls=1 0 
0 451
0 4
cfn=(2786)
calls=1 0 
0 319
0 3
cob=(2)
cfi=(18)
cfn=(2948)
calls=1 0 
0 147
0 5
cfn=(2962)
calls=1 0 
0 259
0 4
cfn=(2786)
calls=1 0 
0 97
0 6
cfn=(2960)
calls=1 0 
0 336
0 4
cfn=(2786)
calls=1 0 
0 95
0 3
cfn=(2960)
calls=1 0 
0 453
0 4
cfn=(2786)
calls=1 0 
0 164
0 3
cob=(2)
cfi=(18)
cfn=(2948)
calls=1 0 
0 290
0 5
cfn=(2962)
calls=1 0 
0 259
0 4
cfn=(2786)
calls=1 0 
0 97
0 6
cfn=(2960)
calls=1 0 
0 336
0 4
cfn=(2786)
calls=1 0 
0 93
0 3
cfn=(2960)
calls=1 0 
0 451
0 4
cfn=(2786)
calls=1 0 
0 173
0 3
cob=(2)
cfi=(18)
cfn=(2948)
calls=1 0 
0 291
0 5
cfn=(2962)
calls=1 0 
0 259
0 4
cfn=(2786)
calls=1 0 
0 97
0 6
cfn=(2960)
calls=1 0 
0 336
0 4
cfn=(2786)
calls=1 0 
0 93
0 3
cfn=(2960)
calls=1 0 
0 451
0 4
cfn=(2786)
calls=1 0 
0 319
0 3
cob=(2)
cfi=(18)
cfn=(2948)
calls=1 0 
0 147
0 5
cfn=(2962)
calls=1 0 
0 259
0 4
cfn=(2786)
calls=1 0 
0 97
0 6
cfn=(2960)
calls=1 0 
0 336
0 4
cfn=(2786)
calls=1 0 
0 93
0 3
cfn=(2960)
calls=1 0 
0 451
0 4
cfn=(2786)
calls=1 0 
0 164
0 3
cob=(2)
cfi=(18)
cfn=(2948)
calls=1 0 
0 294
0 3
cob=(2)
cfi=(18)
cfn=(2798)
calls=1 0 
0 204
0 29
cfn=(2818)
calls=1 0 
0 16
0 13
cfn=(2790)
calls=1 0 
0 274
0 3
cob=(2)
cfi=(18)
cfn=(2948)
calls=1 0 
0 294
0 7
cfn=(2790)
calls=1 0 
0 60
0 6
cfn=(2960)
calls=1 0 
0 336
0 7
cfn=(2790)
calls=1 0 
0 60
0 4
cfn=(2960)
calls=1 0 
0 455
0 7
cfn=(2790)
calls=1 0 
0 58
0 3
cfn=(2960)
calls=1 0 
0 463
0 14
cob=(2)
cfi=(18)
cfn=(2878)
calls=1 0 
0 88
0 7
cob=(2)
cfi=(18)
cfn=(2798)
calls=1 0 
0 204
0 10
cfn=(2786)
calls=1 0 
0 93
0 6
cob=(2)
cfi=(18)
cfn=(2798)
calls=1 0 
0 57
0 23
cfn=(2964)
calls=1 0 
0 3284
0 6
cfn=(2978) Catch::clara::detail::Parser Catch::clara::detail::Parser::operator|<Catch::clara::detail::Opt>(Catch::clara::detail::Opt const&) const
calls=1 0 
0 4114
0 7
cfn=(2978)
calls=1 0 
0 5706
0 7
cfn=(2978)
calls=1 0 
0 7156
0 7
cfn=(2978)
calls=1 0 
0 8744
0 7
cfn=(2978)
calls=1 0 
0 10107
0 7
cfn=(2978)
calls=1 0 
0 12682
0 9
cfn=(2978)
calls=1 0 
0 13095
0 7
cfn=(2978)
calls=1 0 
0 15411
0 7
cfn=(2978)
calls=1 0 
0 16902
0 7
cfn=(2978)
calls=1 0 
0 19363
0 7
cfn=(2978)
calls=1 0 
0 19960
0 7
cfn=(2978)
calls=1 0 
0 21411
0 7
cfn=(2978)
calls=1 0 
0 24256
0 7
cfn=(2978)
calls=1 0 
0 24589
0 7
cfn=(2978)
calls=1 0 
0 26743
0 7
cfn=(2978)
calls=1 0 
0 29353
0 7
cfn=(2978)
calls=1 0 
0 30416
0 7
cfn=(2978)
calls=1 0 
0 33955
0 7
cfn=(2978)
calls=1 0 
0 35806
0 7
cfn=(2978)
calls=1 0 
0 39774
0 7
cfn=(2978)
calls=1 0 
0 39306
0 7
cfn=(2978)
calls=1 0 
0 44024
0 7
cfn=(2978)
calls=1 0 
0 43072
0 7
cfn=(2978)
calls=1 0 
0 46595
0 7
cfn=(2978)
calls=1 0 
0 49635
0 7
cfn=(2978)
calls=1 0 
0 51561
0 7
cfn=(2978)
calls=1 0 
0 53856
0 5
cfn=(2978)
calls=1 0 
0 57168
0 5
cfn=(2978)
calls=1 0 
0 59637
0 5
cfn=(2978)
calls=1 0 
0 62469
0 5
cfn=(2966)
calls=1 0 
0 23868
0 7
cfn=(2966)
calls=1 0 
0 26273
0 2
cfn=(2968)
calls=1 0 
0 9618
0 2
cfn=(2968)
calls=1 0 
0 9806
0 2
cfn=(2968)
calls=1 0 
0 9347
0 2
cfn=(2968)
calls=1 0 
0 8965
0 2
cfn=(2968)
calls=1 0 
0 8492
0 2
cfn=(2968)
calls=1 0 
0 8112
0 2
cfn=(2968)
calls=1 0 
0 7748
0 2
cfn=(2968)
calls=1 0 
0 7259
0 2
cfn=(2968)
calls=1 0 
0 7010
0 2
cfn=(2968)
calls=1 0 
0 6713
0 2
cfn=(2968)
calls=1 0 
0 6440
0 2
cfn=(2968)
calls=1 0 
0 6167
0 2
cfn=(2968)
calls=1 0 
0 5785
0 2
cfn=(2968)
calls=1 0 
0 5403
0 2
cfn=(2968)
calls=1 0 
0 5014
0 2
cfn=(2968)
calls=1 0 
0 4734
0 2
cfn=(2968)
calls=1 0 
0 4345
0 2
cfn=(2968)
calls=1 0 
0 4089
0 2
cfn=(2968)
calls=1 0 
0 3785
0 2
cfn=(2968)
calls=1 0 
0 3505
0 2
cfn=(2968)
calls=1 0 
0 3334
0 2
cfn=(2968)
calls=1 0 
0 3054
0 2
cfn=(2968)
calls=1 0 
0 2774
0 2
cfn=(2968)
calls=1 0 
0 2603
0 2
cfn=(2968)
calls=1 0 
0 2277
0 2
cfn=(2968)
calls=1 0 
0 2106
0 2
cfn=(2968)
calls=1 0 
0 1826
0 2
cfn=(2968)
calls=1 0 
0 1546
0 2
cfn=(2968)
calls=1 0 
0 1266
0 2
cfn=(2968)
calls=1 0 
0 986
0 2
cfn=(2968)
calls=1 0 
0 706
0 2
cfn=(2968)
calls=1 0 
0 426
0 2
cfn=(2986) Catch::clara::detail::ExeName::~ExeName()
calls=1 0 
0 33
0 4
cfn=(2988)
calls=1 0 
0 127
0 2
cfn=(2990)
calls=1 0 
0 139
0 5
cob=(2)
cfi=(18)
cfn=(2878)
calls=1 0 
0 108
0 12
cfn=(2988)
calls=1 0 
0 140
0 2
cfn=(2990)
calls=1 0 
0 139
0 5
cob=(2)
cfi=(18)
cfn=(2878)
calls=1 0 
0 108
0 12
cfn=(2988)
calls=1 0 
0 140
0 2
cfn=(2990)
calls=1 0 
0 139
0 5
cob=(2)
cfi=(18)
cfn=(2878)
calls=1 0 
0 108
0 12
cfn=(2988)
calls=1 0 
0 140
0 2
cfn=(2990)
calls=1 0 
0 139
0 5
cob=(2)
cfi=(18)
cfn=(2878)
calls=1 0 
0 108
0 12
cfn=(2988)
calls=1 0 
0 140
0 2
cfn=(2990)
calls=1 0 
0 139
0 5
cob=(2)
cfi=(18)
cfn=(2878)
calls=1 0 
0 108
0 12
cfn=(2988)
calls=1 0 
0 140
0 2
cfn=(2990)
calls=1 0 
0 139
0 5
cob=(2)
cfi=(18)
cfn=(2878)
calls=1 0 
0 108
0 12
cfn=(2988)
calls=1 0 
0 140
0 2
cfn=(2990)
calls=1 0 
0 139
0 16
cfn=(2988)
calls=1 0 
0 140
0 2
cfn=(2990)
calls=1 0 
0 30
0 9
cob=(2)
cfi=(18)
cfn=(2878)
calls=1 0 
0 108
0 13
cfn=(2988)
calls=1 0 
0 140
0 2
cfn=(2990)
calls=1 0 
0 139
0 21
cfn=(2988)
calls=1 0 
0 140
0 2
cfn=(2990)
calls=1 0 
0 30
0 9
cob=(2)
cfi=(18)
cfn=(2878)
calls=1 0 
0 108
0 13
cfn=(2988)
calls=1 0 
0 140
0 2
cfn=(2990)
calls=1 0 
0 139
0 5
cob=(2)
cfi=(18)
cfn=(2878)
calls=1 0 
0 108
0 13
cfn=(2988)
calls=1 0 
0 140
0 2
cfn=(2990)
calls=1 0 
0 139
0 21
cfn=(2988)
calls=1 0 
0 140
0 2
cfn=(2990)
calls=1 0 
0 30
0 9
cob=(2)
cfi=(18)
cfn=(2878)
calls=1 0 
0 108
0 13
cfn=(2988)
calls=1 0 
0 140
0 2
cfn=(2990)
calls=1 0 
0 139
0 9
cob=(2)
cfi=(18)
cfn=(2878)
calls=1 0 
0 108
0 13
cfn=(2988)
calls=1 0 
0 140
0 2
cfn=(2990)
calls=1 0 
0 139
0 9
cob=(2)
cfi=(18)
cfn=(2878)
calls=1 0 
0 108
0 13
cfn=(2988)
calls=1 0 
0 140
0 2
cfn=(2990)
calls=1 0 
0 139
0 9
cob=(2)
cfi=(18)
cfn=(2878)
calls=1 0 
0 108
0 5
cob=(2)
cfi=(18)
cfn=(2878)
calls=1 0 
0 108
0 8
cfn=(2988)
calls=1 0 
0 249
0 2
cfn=(2990)
calls=1 0 
0 139
0 5
cob=(2)
cfi=(18)
cfn=(2878)
calls=1 0 
0 108
0 13
cfn=(2988)
calls=1 0 
0 140
0 2
cfn=(2990)
calls=1 0 
0 139
0 9
cob=(2)
cfi=(18)
cfn=(2878)
calls=1 0 
0 108
0 13
cfn=(2988)
calls=1 0 
0 140
0 2
cfn=(2990)
calls=1 0 
0 248
0 5
cob=(2)
cfi=(18)
cfn=(2878)
calls=1 0 
0 108
0 5
cob=(2)
cfi=(18)
cfn=(2878)
calls=1 0 
0 108
0 5
cob=(2)
cfi=(18)
cfn=(2878)
calls=1 0 
0 108
0 4
cfn=(2988)
calls=1 0 
0 242
0 2
cfn=(2990)
calls=1 0 
0 139
0 5
cob=(2)
cfi=(18)
cfn=(2878)
calls=1 0 
0 108
0 5
cob=(2)
cfi=(18)
cfn=(2878)
calls=1 0 
0 108
0 4
cfn=(2988)
calls=1 0 
0 242
0 2
cfn=(2990)
calls=1 0 
0 139
0 5
cob=(2)
cfi=(18)
cfn=(2878)
calls=1 0 
0 108
0 9
cfn=(2988)
calls=1 0 
0 133
0 2
cfn=(2990)
calls=1 0 
0 139
0 9
cob=(2)
cfi=(18)
cfn=(2878)
calls=1 0 
0 108
0 9
cfn=(2988)
calls=1 0 
0 133
0 2
cfn=(2990)
calls=1 0 
0 139
0 9
cob=(2)
cfi=(18)
cfn=(2878)
calls=1 0 
0 108
0 9
cfn=(2988)
calls=1 0 
0 133
0 2
cfn=(2990)
calls=1 0 
0 139
0 9
cob=(2)
cfi=(18)
cfn=(2878)
calls=1 0 
0 108
0 8
cfn=(2988)
calls=1 0 
0 133
0 2
cfn=(2990)
calls=1 0 
0 139
0 5
cob=(2)
cfi=(18)
cfn=(2878)
calls=1 0 
0 108
0 5
cob=(2)
cfi=(18)
cfn=(2878)
calls=1 0 
0 108
0 5
cfn=(2988)
calls=1 0 
0 242
0 2
cfn=(2990)
calls=1 0 
0 248
0 5
cob=(2)
cfi=(18)
cfn=(2878)
calls=1 0 
0 108
0 5
cob=(2)
cfi=(18)
cfn=(2878)
calls=1 0 
0 108
0 5
cob=(2)
cfi=(18)
cfn=(2878)
calls=1 0 
0 108
0 5
cfn=(2988)
calls=1 0 
0 242
0 2
cfn=(2990)
calls=1 0 
0 139
0 9
cob=(2)
cfi=(18)
cfn=(2878)
calls=1 0 
0 108
0 5
cob=(2)
cfi=(18)
cfn=(2878)
calls=1 0 
0 108
0 5
cfn=(2988)
calls=1 0 
0 242
0 2
cfn=(2990)
calls=1 0 
0 139
0 9
cob=(2)
cfi=(18)
cfn=(2878)
calls=1 0 
0 108
0 5
cob=(2)
cfi=(18)
cfn=(2878)
calls=1 0 
0 108
0 5
cfn=(2988)
calls=1 0 
0 242
0 2
cfn=(2990)
calls=1 0 
0 248
0 5
cob=(2)
cfi=(18)
cfn=(2878)
calls=1 0 
0 108
0 5
cob=(2)
cfi=(18)
cfn=(2878)
calls=1 0 
0 108
0 5
cob=(2)
cfi=(18)
cfn=(2878)
calls=1 0 
0 108
0 4
cfn=(2988)
calls=1 0 
0 242
0 2
cfn=(2990)
calls=1 0 
0 139
0 5
cob=(2)
cfi=(18)
cfn=(2878)
calls=1 0 
0 108
0 5
cob=(2)
cfi=(18)
cfn=(2878)
calls=1 0 
0 108
0 5
cfn=(2988)
calls=1 0 
0 242
0 2
cfn=(2990)
calls=1 0 
0 248
0 5
cob=(2)
cfi=(18)
cfn=(2878)
calls=1 0 
0 108
0 5
cob=(2)
cfi=(18)
cfn=(2878)
calls=1 0 
0 108
0 7
cob=(2)
cfi=(18)
cfn=(2878)
calls=1 0 
0 108
0 4
cob=(2)
cfi=(18)
cfn=(2878)
calls=1 0 
0 108
0 4
cfn=(2818)
calls=1 0 
0 16
0 5
cob=(2)
cfi=(18)
cfn=(2878)
calls=1 0 
0 108
0 16
cfn=(2982)
calls=1 0 
0 894
0 1

fn=(2966)
0 3282
cob=(2)
cfi=(18)
cfn=(2798)
calls=63 0 
0 55560
0 22269
cfn=(2812)
calls=1023 0 
0 55978
0 7161
cfn=(2812)
calls=1023 0 
0 217239
0 16368
cob=(2)
cfi=(18)
cfn=(2798)
calls=1023 0 
0 179317
0 19437
cfn=(2812)
calls=1023 0 
0 83222
0 6426
cfn=(2812)
calls=918 0 
0 56087
0 13742
cob=(2)
cfi=(18)
cfn=(2798)
calls=1 0 
0 223
0 607
cfn=(2812)
calls=1 0 
0 292
0 7
cfn=(2812)
calls=1 0 
0 292
0 625

fn=(3016) Catch::Session::run()
0 11
cfn=(3018)
calls=1 0 
0 4395721
0 10

fn=(3028)
0 3

fn=(3038)
0 13
cfn=(3040)
calls=1 0 
0 5
0 51

fn=(3058)
0 12
cfn=(2942)
calls=1 0 
0 5
0 12
cfn=(3060)
calls=1 0 
0 4648
0 12

fn=(3070)
0 8
cob=(2)
cfi=(18)
cfn=(2798)
calls=1 0 
0 57
0 4
cfn=(3072)
calls=1 0 
0 4323
0 6

fn=(3106)
0 5

fn=(3134) std::_Rb_tree<Catch::TestCase const*, Catch::TestCase const*, std::_Identity<Catch::TestCase const*>, std::less<Catch::TestCase const*>, std::allocator<Catch::TestCase const*> >::_M_get_insert_unique_pos(Catch::TestCase const* const&)
0 1011

fn=(3144)
0 646
cfn=(2916)
calls=19 0 
0 57
0 95
cfn=(3146)
calls=19 0 
0 10105
0 76
cfn=(3148) Catch::TestCaseTracking::TrackerContext::startRun()
calls=19 0 
0 57607
0 76
cfn=(3166)
calls=19 0 
0 57
0 209
cfn=(3168) Catch::TestCaseTracking::SectionTracker::addInitialFilters(std::vector<std::__cxx11::basic_string<char, std::char_traits<char>, std::allocator<char> >, std::allocator<std::__cxx11::basic_string<char, std::char_traits<char>, std::allocator<char> > > > const&)
calls=19 0 
0 114
0 569
cfn=(3142)
calls=79 0 
0 1185
0 354
cfn=(3170)
calls=98 0 
0 490
0 490
cfn=(3150)
calls=98 0 
0 10821
0 294
cfn=(3172)
calls=98 0 
0 38153
0 539
cob=(2)
cfi=(18)
cfn=(2878)
calls=49 0 
0 4312
0 588
cfn=(3198)
calls=98 0 
0 3912366
0 683
cfn=(3386)
calls=19 0 
0 1482
0 38
cfn=(3390)
calls=19 0 
0 95
0 114
cfn=(3392)
calls=19 0 
0 171
0 114
cfn=(3142)
calls=19 0 
0 285
0 133
cfn=(3394)
calls=19 0 
0 12727
0 76
cfn=(3396)
calls=19 0 
0 6186
0 38
cfn=(3398)
calls=19 0 
0 6100
0 380

fn=(3148)
0 418
cfn=(2790)
calls=19 0 
0 1102
0 76
cfn=(3150)
calls=19 0 
0 1444
0 38
cob=(2)
cfi=(18)
cfn=(2798)
calls=19 0 
0 1381
0 228
cfn=(3152)
calls=19 0 
0 6213
0 113
cfn=(2818)
calls=18 0 
0 46214
0 380

fn=(3168)
0 114

fn=(3180)
0 2378
cob=(2)
cfi=(18)
cfn=(2798)
calls=85 0 
0 7751
0 3815
cob=(2)
cfi=(18)
cfn=(2878)
calls=42 0 
0 3734
0 1442

fn=(3188)
0 12600

fn=(3236)
0 196
cfn=(9116)
calls=20 0 
0 971605
cfn=(9114)
calls=4 0 
0 41807
cfn=(9112)
calls=2 0 
0 15239
cfn=(9110)
calls=1 0 
0 6939
cfn=(9106)
calls=1 0 
0 6784
cfn=(3640)
calls=1 0 
0 325433
cfn=(3638)
calls=1 0 
0 3819
cfn=(3636)
calls=1 0 
0 3819
cfn=(3634)
calls=1 0 
0 3961
cfn=(3632)
calls=2 0 
0 11653
cfn=(3630)
calls=1 0 
0 4878
cfn=(3628)
calls=2 0 
0 13498
cfn=(3626)
calls=6 0 
0 74365
cfn=(3510)
calls=20 0 
0 1010249
cfn=(3490)
calls=3 0 
0 285808
cfn=(3486)
calls=3 0 
0 26005
cfn=(3476)
calls=3 0 
0 30367
cfn=(3414) ____C_A_T_C_H____T_E_S_T____30()
calls=3 0 
0 23777
cfn=(3238)
calls=23 0 
0 824019

fn=(3258)
0 4
cfn=(3260)
calls=2 0 
0 6

fn=(3262)
0 1666
cfn=(3242)
calls=119 0 
0 3213
0 357

fn=(3280)
0 476

fn=(3322)
0 654

fn=(3330)
0 3390
cob=(2)
cfi=(18)
cfn=(2878)
calls=169 0 
0 14892
0 98

fn=(3332)
0 2344

fn=(9132)
0 18
cfn=(2812)
calls=1 0 
0 57
0 13

fn=(9192)
0 12

fn=(3410)
0 1362
cob=(2)
cfi=(18)
cfn=(2878)
calls=117 0 
0 11909
0 24

fn=(3414)
0 60
cfn=(2790)
calls=3 0 
0 414
0 21
cfn=(3200)
calls=3 0 
0 480
0 12
cfn=(3240)
calls=3 0 
0 3514
0 33
cob=(2)
cfi=(18)
cfn=(2878)
calls=3 0 
0 264
0 12
cob=(2)
cfi=(18)
cfn=(2878)
calls=3 0 
0 264
0 6
cfn=(3252)
calls=3 0 
0 9
0 9
cfn=(3416)
calls=1 0 
0 4
0 4
cfn=(3418)
calls=1 0 
0 433
0 6
cfn=(2838)
calls=1 0 
0 40
0 15
cfn=(3262)
calls=1 0 
0 44
0 6
cfn=(2838)
calls=1 0 
0 36
0 17
cfn=(3264)
calls=1 0 
0 68
0 5
cfn=(3274)
calls=1 0 
0 2
0 2
cfn=(3276)
calls=1 0 
0 13
0 2
cfn=(3280)
calls=1 0 
0 4
0 2
cfn=(3434)
calls=1 0 
0 973
0 6
cfn=(3284)
calls=3 0 
0 1458
0 15
cfn=(2790)
calls=3 0 
0 414
0 21
cfn=(3200)
calls=3 0 
0 480
0 9
cfn=(3240)
calls=3 0 
0 3620
0 21
cob=(2)
cfi=(18)
cfn=(2878)
calls=3 0 
0 264
0 12
cob=(2)
cfi=(18)
cfn=(2878)
calls=3 0 
0 264
0 6
cfn=(3252)
calls=3 0 
0 9
0 9
cfn=(3416)
calls=1 0 
0 4
0 4
cfn=(3444)
calls=1 0 
0 3
0 3
cfn=(3418)
calls=1 0 
0 351
0 2
cfn=(3430)
calls=1 0 
0 3
0 5
cfn=(2838)
calls=1 0 
0 32
0 15
cfn=(3262)
calls=1 0 
0 44
0 6
cfn=(2838)
calls=1 0 
0 36
0 17
cfn=(3264)
calls=1 0 
0 68
0 5
cfn=(3274)
calls=1 0 
0 2
0 2
cfn=(3276)
calls=1 0 
0 13
0 2
cfn=(3280)
calls=1 0 
0 4
0 2
cfn=(3434)
calls=1 0 
0 220
0 6
cfn=(3284)
calls=3 0 
0 1458
0 15
cfn=(2790)
calls=3 0 
0 384
0 21
cfn=(3200)
calls=3 0 
0 450
0 9
cfn=(3240)
calls=3 0 
0 3712
0 21
cob=(2)
cfi=(18)
cfn=(2878)
calls=3 0 
0 284
0 12
cob=(2)
cfi=(18)
cfn=(2878)
calls=3 0 
0 284
0 6
cfn=(3252)
calls=3 0 
0 9
0 9
cfn=(3416)
calls=1 0 
0 4
0 3
cfn=(3418)
calls=1 0 
0 351
0 3
cfn=(2838)
calls=1 0 
0 36
0 13
cfn=(3262)
calls=1 0 
0 44
0 2
cfn=(3446)
calls=1 0 
0 676
0 2
cfn=(3276)
calls=1 0 
0 13
0 2
cfn=(3280)
calls=1 0 
0 4
0 2
cfn=(3434)
calls=1 0 
0 220
0 6
cfn=(3284)
calls=3 0 
0 1458
0 33

fn=(3432)
0 96
cfn=(3430)
calls=12 0 
0 36
0 36
cfn=(3420)
calls=12 0 
0 36
0 60

fn=(3466)
0 32

fn=(3496)
0 20
cfn=(3498)
calls=1 0 
0 17
0 18
cfn=(3378)
calls=1 0 
0 34350
0 43
cfn=(3282)
calls=4 0 
0 8
0 24
cfn=(3500)
calls=4 0 
0 4316
0 12
cfn=(3344)
calls=4 0 
0 6920
0 24
cfn=(3502)
calls=4 0 
0 180548
0 35
cob=(2)
cfi=(18)
cfn=(3358)
calls=1 0 
0 90
0 4

fn=(3497)
0 171
cfn=(3504)
calls=9 0 
0 16434
0 108

fn=(3514)
0 240
cfn=(3424)
calls=40 0 
0 200
0 160
cfn=(3426)
calls=40 0 
0 120
0 160

fn=(3550)
0 120
cfn=(3552)
calls=15 0 
0 90
0 50
cfn=(3604)
calls=1 0 
0 6
0 3
cfn=(3556)
calls=1 0 
0 3
0 2
cfn=(3586)
calls=1 0 
0 3
0 80
cfn=(3596)
calls=8 0 
0 37939
0 12
cfn=(3556)
calls=6 0 
0 18
0 18
cfn=(3558)
calls=6 0 
0 45641
0 28
cfn=(3568)
calls=4 0 
0 12
0 8
cfn=(3570)
calls=4 0 
0 1588
0 24

fn=(3562)
0 254
cob=(2)
cfi=(18)
cfn=(2798)
calls=15 0 
0 1681
0 1119
cob=(2)
cfi=(18)
cfn=(2798)
calls=303 0 
0 53385
0 4705
cfn=(3534)
calls=16 0 
0 2760
0 48

fn=(3574)
0 170

fn=(9140)
0 152
cfn=(9158) Catch::(anonymous namespace)::PosixColourImpl::use(Catch::Colour::Code)
calls=8 0 
0 11991
0 74
cob=(2)
cfi=(18)
cfn=(9142)
calls=1 0 
0 21
0 5
cfn=(9144) Catch::ErrnoGuard::ErrnoGuard()
calls=1 0 
0 14
0 33
cob=(2)
cfi=(18)
cfn=(9148)
calls=1 0 
0 55
0 6
cfn=(2818)
calls=1 0 
0 16
0 2
cfn=(9156)
calls=1 0 
0 14
0 3
cob=(2)
cfi=(18)
cfn=(9154)
calls=1 0 
0 10
0 3
cob=(2)
cfi=(18)
cfn=(9142)
calls=1 0 
0 21
0 6
cob=(2)
cfi=(18)
cfn=(2784)
calls=1 0 
0 74
0 2
cob=(2)
cfi=(18)
cfn=(9154)
calls=1 0 
0 10
0 1

fn=(9144)
0 4
cob=(2)
cfi=(18)
cfn=(9146)
calls=1 0 
0 6
0 4

fn=(9020) QtPrivate::QSlotObject<void (Client::*)(), QtPrivate::List<>, void>::impl(int, QtPrivate::QSlotObjectBase*, QObject*, void**, bool*)
0 39
cob=(2)
cfi=(18)
cfn=(3436)
calls=3 0 
0 276

fn=(9218)
0 22
cfn=(2812)
calls=2 0 
0 110

fn=(9332)
0 2

fn=(9386)
0 4
cfn=(9387) Catch::Context::~Context()'2
calls=1 0 
0 36
0 4
cob=(2)
cfi=(18)
cfn=(3436)
calls=1 0 
0 112

fn=(9387)
0 22
cfn=(3332)
calls=1 0 
0 2
0 5
cfn=(9388)
calls=1 0 
0 7

fn=(9440)
0 2
cob=(2)
cfi=(18)
cfn=(2878)
calls=1 0 
0 108

fn=(9450)
0 4
cob=(2)
cfi=(18)
cfn=(2878)
calls=2 0 
0 216

fn=(9462)
0 2
cob=(2)
cfi=(18)
cfn=(2878)
calls=1 0 
0 108

fn=(9468)
0 2

fn=(9904) Catch::LeakDetector::~LeakDetector()
0 3
cfn=(9314)
calls=1 0 
0 196
0 2

fn=(9942)
0 5

fn=(3380)
0 12450
cfn=(3256)
calls=830 0 
0 2490
0 6640
cfn=(3354)
calls=830 0 
0 126160
0 126202
cfn=(3352)
calls=5154 0 
0 30924
0 61842
cfn=(3352)
calls=301 0 
0 1806
0 1518
cfn=(3256)
calls=205 0 
0 615
0 3904
cob=(2)
cfi=(18)
cfn=(3358)
calls=830 0 
0 74700
0 830

fn=(3622)
0 8
cfn=(3592)
calls=2 0 
0 6
0 8

fn=(2786)
0 14208
cob=(2)
cfi=(18)
cfn=(2788)
calls=1184 0 
0 41457
0 8288
cfn=(2790)
calls=1184 0 
0 165534

fn=(2800)
0 5860

fn=(2926)
0 4
cob=(2)
cfi=(18)
cfn=(2256)
calls=1 0 
0 25
0 5
cob=(2)
cfi=(18)
cfn=(2784)
calls=1 0 
0 74

fn=(2928)
0 4
cob=(2)
cfi=(18)
cfn=(2256)
calls=1 0 
0 25
0 5
cob=(2)
cfi=(18)
cfn=(2784)
calls=1 0 
0 74

fn=(2930)
0 4
cob=(2)
cfi=(18)
cfn=(2256)
calls=1 0 
0 25
0 5
cob=(2)
cfi=(18)
cfn=(2784)
calls=1 0 
0 74

fn=(2938) main
0 15
cfn=(2940)
calls=1 0 
0 1193231
0 4
cfn=(9312)
calls=1 0 
0 52750
0 14
cfn=(2992)
calls=1 0 
0 3666
0 5
cfn=(3016)
calls=1 0 
0 4395742
0 2

fn=(2978)
0 450
cfn=(2966)
calls=30 0 
0 290940
0 180
cfn=(2966)
calls=30 0 
0 395710
0 60
cfn=(2968)
calls=30 0 
0 137110
0 450
cfn=(2970)
calls=30 0 
0 81936
0 30

fn=(2986)
0 33

fn=(3048)
0 3

fn=(3050)
0 3

fn=(3052)
0 3

fn=(3084)
0 13
cfn=(3074)
calls=1 0 
0 12
0 11
cfn=(2818)
calls=1 0 
0 16
0 21
cfn=(2790)
calls=1 0 
0 56
0 8
cfn=(2790)
calls=1 0 
0 127
0 7
cfn=(2790)
calls=1 0 
0 128
0 7
cfn=(2790)
calls=1 0 
0 128
0 6
cob=(2)
cfi=(18)
cfn=(2798)
calls=1 0 
0 216
0 15
cfn=(2812)
calls=1 0 
0 55
0 21
cfn=(2812)
calls=3 0 
0 380
0 56
cob=(2)
cfi=(18)
cfn=(2878)
calls=3 0 
0 264
0 9

fn=(3120)
0 14
cfn=(3121) std::_Rb_tree<Catch::TestCase, Catch::TestCase, std::_Identity<Catch::TestCase>, std::less<Catch::TestCase>, std::allocator<Catch::TestCase> >::_M_erase(std::_Rb_tree_node<Catch::TestCase>*)'2
calls=1 0 
0 2902
0 16
cfn=(3121)
calls=4 0 
0 3524
0 145
cob=(2)
cfi=(18)
cfn=(2878)
calls=5 0 
0 540
0 85
cob=(2)
cfi=(18)
cfn=(2878)
calls=5 0 
0 540
0 64
cob=(2)
cfi=(18)
cfn=(2878)
calls=4 0 
0 432
0 10
cob=(2)
cfi=(18)
cfn=(2878)
calls=5 0 
0 593
0 16

fn=(3121)
0 156
cfn=(3121)
calls=9 0 
0 1314
0 20
cfn=(3121)
calls=5 0 
0 1284
0 413
cob=(2)
cfi=(18)
cfn=(2878)
calls=14 0 
0 1410
0 245
cob=(2)
cfi=(18)
cfn=(2878)
calls=14 0 
0 1410
0 178
cob=(2)
cfi=(18)
cfn=(2878)
calls=10 0 
0 1038
0 28
cob=(2)
cfi=(18)
cfn=(2878)
calls=14 0 
0 1436
0 92

fn=(3132)
0 152
cob=(2)
cfi=(18)
cfn=(2798)
calls=19 0 
0 5089
0 114
cfn=(3134)
calls=19 0 
0 1011
0 171
cob=(2)
cfi=(18)
cfn=(2814)
calls=19 0 
0 1122
0 261

fn=(3142)
0 1785

fn=(3256)
0 3429

fn=(3284)
0 32172
cob=(2)
cfi=(18)
cfn=(2878)
calls=1149 0 
0 101392
0 2298
cfn=(3332)
calls=1149 0 
0 2298
0 11421
cfn=(2812)
calls=120 0 
0 16529
0 720
cfn=(2812)
calls=120 0 
0 3960
0 960
cfn=(3286)
calls=120 0 
0 8640
0 240
cfn=(3292)
calls=120 0 
0 6821
0 360
cfn=(3242)
calls=120 0 
0 3240
0 480
cfn=(3310)
calls=120 0 
0 79875
0 840
cob=(2)
cfi=(18)
cfn=(2878)
calls=120 0 
0 10600
0 120

fn=(3290)
0 872
cfn=(3208)
calls=218 0 
0 9810
0 654

fn=(3338)
0 1274
cob=(2)
cfi=(18)
cfn=(3228)
calls=98 0 
0 5978
0 2940
cob=(2)
cfi=(18)
cfn=(3228)
calls=490 0 
0 29890
0 1764
cob=(2)
cfi=(18)
cfn=(3224)
calls=98 0 
0 784

fn=(3348)
0 1134

fn=(3384)
0 78
cob=(2)
cfi=(18)
cfn=(3358)
calls=6 0 
0 540

fn=(3422)
0 144
cfn=(3424)
calls=24 0 
0 120
0 72
cfn=(3426)
calls=24 0 
0 72
0 96

fn=(3470)
0 80
cfn=(3472)
calls=16 0 
0 96
0 64

fn=(3506)
0 330
cfn=(3352)
calls=15 0 
0 90
0 630
cfn=(3352)
calls=105 0 
0 630
0 3360
cfn=(3352)
calls=840 0 
0 5040
0 5760
cfn=(3508)
calls=960 0 
0 5760
0 5295

fn=(3516)
0 400
cfn=(3518)
calls=40 0 
0 10320
0 480
cfn=(3520)
calls=40 0 
0 218627
0 80
cfn=(3538)
calls=40 0 
0 95195
0 160

fn=(3532)
0 880
cfn=(3534)
calls=80 0 
0 9725
0 10720
cob=(2)
cfi=(18)
cfn=(2878)
calls=40 0 
0 3520
0 560

fn=(3572)
0 32
cfn=(3482)
calls=4 0 
0 12
0 16
cfn=(3574)
calls=4 0 
0 68
0 8
cfn=(3576)
calls=4 0 
0 12
0 24
cfn=(3578)
calls=4 0 
0 627

fn=(3592)
0 69

fn=(3606)
0 22
cfn=(3482)
calls=2 0 
0 6
0 8
cfn=(3574)
calls=2 0 
0 34
0 8
cfn=(3574)
calls=2 0 
0 34
0 4
cfn=(3576)
calls=2 0 
0 6
0 12
cfn=(3608)
calls=2 0 
0 280
0 4
cfn=(3576)
calls=2 0 
0 6
0 6
cfn=(3578)
calls=2 0 
0 276
0 14

fn=(9158)
0 120
cfn=(9160)
calls=4 0 
0 2192
0 62
cfn=(9160)
calls=1 0 
0 561
0 3
cfn=(9160)
calls=1 0 
0 7924
0 5
cfn=(9160)
calls=2 0 
0 1122
0 2

fn=(9310)
0 2

fn=(9318)
0 19
cfn=(9320)
calls=1 0 
0 2
0 17
cfn=(9322)
calls=1 0 
0 2
0 8
cfn=(9324) Catch::TagAliasRegistry::~TagAliasRegistry()
calls=1 0 
0 18
0 2
cfn=(9330)
calls=1 0 
0 21
0 2
cfn=(9334)
calls=1 0 
0 1153
0 7
cob=(2)
cfi=(18)
cfn=(9366)
calls=1 0 
0 11
0 506
cob=(2)
cfi=(18)
cfn=(2878)
calls=19 0 
0 2052
0 330
cob=(2)
cfi=(18)
cfn=(2878)
calls=19 0 
0 2050
0 242
cob=(2)
cfi=(18)
cfn=(2878)
calls=14 0 
0 1512
0 62
cob=(2)
cfi=(18)
cfn=(2878)
calls=1 0 
0 134
0 506
cob=(2)
cfi=(18)
cfn=(2878)
calls=19 0 
0 2052
0 330
cob=(2)
cfi=(18)
cfn=(2878)
calls=19 0 
0 2052
0 242
cob=(2)
cfi=(18)
cfn=(2878)
calls=14 0 
0 1512
0 62
cob=(2)
cfi=(18)
cfn=(2878)
calls=1 0 
0 134
0 2
cfn=(9378)
calls=1 0 
0 2
0 2
cfn=(3332)
calls=1 0 
0 2
0 2
cfn=(9380)
calls=1 0 
0 2
0 2
cfn=(9382)
calls=1 0 
0 2
0 10
cob=(2)
cfi=(18)
cfn=(3436)
calls=1 0 
0 92
0 57
cfn=(9370)
calls=19 0 
0 2489
0 171
cfn=(9376)
calls=19 0 
0 2185
0 19

fn=(9324)
0 9
cfn=(9326)
calls=1 0 
0 4
0 3
cfn=(9328)
calls=1 0 
0 2

fn=(9398)
0 5
cfn=(3332)
calls=1 0 
0 2

fn=(9400)
0 2
cob=(2)
cfi=(18)
cfn=(2878)
calls=1 0 
0 88

fn=(9454)
0 2
cob=(2)
cfi=(18)
cfn=(2878)
calls=1 0 
0 108

fn=(9478)
0 4

fn=(9482)
0 6
cfn=(9484)
calls=1 0 
0 2

ob=(19)
fl=(198)
fn=(10518) 0x0000000000001040
0 5

fn=(1064)
0 12

fn=(10508)
0 9
cob=(2)
cfi=(18)
cfn=(10514)
calls=1 0 
0 382
0 1
cfn=(10518)
calls=1 0 
0 5
0 3

ob=(31)
fl=(221)
fn=(10018) 0x0000000000177d30
0 15

fn=(10022) 0x0000000000177dc0
0 8

fn=(2154)
0 10
cob=(2)
cfi=(18)
cfn=(1888)
calls=1 0 
0 74

fn=(1880)
0 12

fn=(2164)
0 7
cob=(2)
cfi=(18)
cfn=(2158)
calls=1 0 
0 449
0 5
cob=(2)
cfi=(18)
cfn=(1888)
calls=1 0 
0 74

fn=(10016) 0x0000000000505680
0 5

fn=(10030) 0x0000000000163fc0
0 5

fn=(1898)
0 5
cfn=(1900) 0x00000000001c7070
calls=1 0 
0 12373
0 7
cob=(2)
cfi=(18)
cfn=(2148)
calls=1 0 
0 1291

fn=(2156)
0 7
cob=(2)
cfi=(18)
cfn=(2158)
calls=1 0 
0 1458
0 5
cob=(2)
cfi=(18)
cfn=(1888)
calls=1 0 
0 74

fn=(1900)
0 24
cob=(2)
cfi=(18)
cfn=(1904)
calls=1 0 
0 997
0 5
cob=(2)
cfi=(18)
cfn=(1912)
calls=1 0 
0 1062
0 11
cob=(2)
cfi=(18)
cfn=(1920)
calls=1 0 
0 1516
0 3
cob=(2)
cfi=(18)
cfn=(1928)
calls=1 0 
0 2046
0 3
cob=(2)
cfi=(18)
cfn=(1940)
calls=1 0 
0 934
0 7
cob=(2)
cfi=(18)
cfn=(1948)
calls=1 0 
0 5755
0 10

fn=(9996)
0 9
cob=(2)
cfi=(18)
cfn=(10002)
calls=1 0 
0 2366
0 1
cfn=(10030)
calls=1 0 
0 5
0 3

fn=(10004) 0x0000000000510190
0 6
cob=(2)
cfi=(18)
cfn=(10006)
calls=1 0 
0 1447

fn=(1886)
0 8
cob=(2)
cfi=(18)
cfn=(1888)
calls=1 0 
0 1159
0 6
cob=(2)
cfi=(18)
cfn=(1888)
calls=1 0 
0 74
0 7
cob=(2)
cfi=(18)
cfn=(1888)
calls=1 0 
0 74

fn=(2152)
0 7
cob=(2)
cfi=(18)
cfn=(1888)
calls=1 0 
0 74

fn=(10014) 0x00000000005100e0
0 6
cob=(2)
cfi=(18)
cfn=(10006)
calls=1 0 
0 342

ob=(10)
fl=(164)
fn=(598)
56 272
fi=(283) /build/glibc-B3wQXB/glibc-2.31/dlfcn/../sysdeps/generic/ldsodefs.h
1202 34
fe=(164)
58 68
+5 34
+5 34
-4 34
+6 34
-6 34
-1 34
+5 34
-4 34
+4 34
cob=(5)
cfi=(165)
cfn=(600)
calls=34 -4 
* 1190
+2 102
cfi=(166)
cfn=(602) _dlerror_run
calls=34 +62 
* 123927
+2 34
-2 68
+2 34
cob=(5)
cfi=(177)
cfn=(650)
calls=34 356 
* 1054
+3 272

fn=(694) dlsym_doit
47 102
+3 136
cob=(2)
cfi=(18)
cfn=(696)
calls=34 -50 
* 39027
* 34
+1 68

fl=(153)
fn=(10886) 0x0000000000001230
0 5

fn=(496)
0 12

fn=(10876)
0 9
cob=(2)
cfi=(18)
cfn=(10882)
calls=1 0 
0 383
0 1
cfn=(10886)
calls=1 0 
0 5
0 3

fl=(166)
fn=(602)
132 34
+4 34
-4 170
+4 136
cob=(2)
cfi=(18)
cfn=(604)
calls=34 0 
* 362
* 34
+3 68
+22 102
+9 204
cob=(2)
cfi=(18)
cfn=(682)
calls=34 0 
* 44005
+4 34
-4 34
+4 102
+2 34
-2 34
+2 34
+1 136
-32 136
cob=(2)
cfi=(18)
cfn=(622)
calls=34 0 
* 708
* 34
+1 68
+2 3
cob=(2)
cfi=(18)
cfn=(626)
calls=1 0 
* 77375
* 1
+1 2
+8 5
cob=(2)
cfi=(18)
cfn=(678)
calls=1 0 
* 37
* 1

fn=(10874) check_free
194 3
+1 1
-1 3
+1 2
+18 6

fn=(10872)
219 1
+1 2
cfn=(10874)
calls=1 -26 
* 15

fn=(612)
183 1
+1 2
-1 1
+1 3
cob=(2)
cfi=(18)
cfn=(614)
calls=1 0 
* 20
* 2
+5 2

fl=(154)
fn=(502)
28 1
+1 1
+1 1
+1 1

ob=(13)
fl=(157)
fn=(10828) 0x0000000000002280
0 5

fn=(528)
0 12

fn=(10818)
0 9
cob=(2)
cfi=(18)
cfn=(10824)
calls=1 0 
0 383
0 1
cfn=(10828)
calls=1 0 
0 5
0 3

ob=(3)
fl=(175) /build/glibc-B3wQXB/glibc-2.31/elf/dl-addr.c
fn=(640) _dl_addr
126 7
+2 1
-2 4
+5 1
-5 1
+5 2
cob=(5)
cfi=(165)
cfn=(600)
calls=1 -67 
* 30
+2 2
cob=(2)
cfi=(18)
cfn=(642)
calls=1 0 
* 1572
+2 2
30 4
+4 2
+5 1
+6 1
-7 1
+2 2
+2 1
-2 1
+2 2
+3 2
+4 5
-5 4
+5 4043
+2 1010
+1 2020
-1 1
+1 2
+2 2757
+10 9308
+1 14980
+5 7074
-10 7074
+1 14148
+2 7043
+37 2
+1 1
+1 3
+3 2
+36 2
cob=(5)
cfi=(177)
cfn=(650)
calls=1 356 
* 22
+3 9
-79 2016
+52 1
+21 1
-21 2

fl=(101)
fn=(298)
31 1
fi=(284) /build/glibc-B3wQXB/glibc-2.31/string/../sysdeps/x86_64/multiarch/ifunc-strcasecmp.h
+1 4
fe=(101)
-1 1

fl=(121)
fn=(344)
38 2
fi=(285) /build/glibc-B3wQXB/glibc-2.31/time/../sysdeps/unix/sysv/linux/dl-vdso.h
+2 4
+1 4
fe=(121)
-3 4

fl=(227) /build/glibc-B3wQXB/glibc-2.31/locale/newlocale.c
fn=(2312) newlocale
44 14
+12 2
+8 2
+3 3
+6 2
278 12
76 1
-2 4
-17 2
+17 2

fl=(83)
fn=(260)
29 11
fi=(63) /build/glibc-B3wQXB/glibc-2.31/string/../sysdeps/x86_64/multiarch/ifunc-memmove.h
+16 33
-1 22
+5 22
-1 22
+12 22
+2 55
fe=(83)

fl=(249) /build/glibc-B3wQXB/glibc-2.31/stdio-common/vfprintf-internal.c
fn=(7256) buffered_vfprintf
2345 26
+8 2
-8 2
+8 6
+24 2
-20 4
+6 2
+1 2
-1 2
+10 2
-10 2
+3 2
+7 2
+1 2
-3 2
+3 2
-11 2
+14 2
cfn=(7255) __vfprintf_internal'2
calls=2 1289 
* 909
+3 2
-3 2
+3 4
+1 14
fi=(254) /build/glibc-B3wQXB/glibc-2.31/stdio-common/../sysdeps/unix/sysv/linux/x86/lowlevellock.h
47 4
fe=(249)
2381 4
+12 4
-12 2
+12 8
+2 2
fi=(251) /build/glibc-B3wQXB/glibc-2.31/stdio-common/../libio/libioP.h
941 6
+2 4
+1 4
fe=(249)
2395 6
cfi=(255) /build/glibc-B3wQXB/glibc-2.31/libio/fileops.c
cfn=(7270) _IO_file_xsputn@@GLIBC_2.2.5
calls=2 1198 
* 393
+1 6
+5 24
+1 16
cob=(5)
cfi=(253)
cfn=(7284)
calls=2 62 
* 20
+3 22
-25 14
cob=(5)
cfi=(253)
cfn=(7266)
calls=2 25 
* 34
+1 6
-28 4

fn=(7254) __vfprintf_internal
1289 32
+31 6
+8 7
+4 10
+11 6
-15 2
1745 24
1346 10
cfn=(7256)
calls=2 2345 
* 1580
* 4

fn=(7255)
1289 32
+31 6
+8 6
+4 10
+11 6
+11 4
fi=(286) /build/glibc-B3wQXB/glibc-2.31/stdio-common/printf-parse.h
111 4
fe=(249)
1354 4
fi=(286)
111 2
cob=(2)
cfi=(18)
cfn=(7258)
calls=2 0 
* 50
fe=(249)
1369 4
fi=(286)
111 2
fe=(249)
1369 2
fi=(251)
941 2
fe=(249)
1373 2
fi=(251)
941 4
+2 2
-2 4
+2 4
+1 4
fe=(249)
1373 12
cfi=(252) /build/glibc-B3wQXB/glibc-2.31/libio/genops.c
cfn=(7264) _IO_default_xsputn
calls=2 371 
* 10
* 8
+4 2
-4 2
+4 4
+4 16
-57 2
1687 2
1358 2
-8 2
1687 18
1423 14
-3 2
-5 2
+8 2
-11 4
-1 2
+12 2
-13 2
+13 2
-14 2
-1 6
-1 2
-1 4
-1 2
-1 2
-1 2
-1 2
+17 2
-3 2
+4 4
-92 4
1741 4
+1 6
+3 24
-40 2
+2 4
+8 2
fi=(286)
111 10
cob=(2)
cfi=(18)
cfn=(7258)
calls=2 0 
* 50
fe=(249)
1719 4
fi=(286)
111 2
fe=(249)
1719 6
fi=(251)
943 4
+1 4
fe=(249)
1719 14
cfi=(252)
cfn=(7264)
calls=2 371 
* 118
* 18
+2 8
-33 56
fi=(251)
943 4
+1 6
fe=(249)
1688 10
cfi=(252)
cfn=(7264)
calls=2 371 
* 179
* 32
cob=(2)
cfi=(18)
cfn=(586)
calls=2 0 
* 40
* 2

fl=(71)
fn=(234)
33 1
fi=(63)
+12 3
-1 2
+5 2
-1 2
+12 2
+2 5
fe=(71)

fl=(268) /build/glibc-B3wQXB/glibc-2.31/io/../sysdeps/unix/sysv/linux/wordsize-64/fxstat.c
fn=(9186) _fxstat
33 4
+1 2
+1 4
+4 1

fl=(122)
fn=(346)
29 1
fi=(123) /build/glibc-B3wQXB/glibc-2.31/debug/../sysdeps/x86_64/multiarch/ifunc-memset.h
+13 5
+4 2
-1 2
+12 4
+2 5
fe=(122)

fl=(65)
fn=(222)
31 2
fi=(284)
+1 8
fe=(65)
-1 2

fl=(79)
fn=(252)
31 2
fi=(287) /build/glibc-B3wQXB/glibc-2.31/string/../sysdeps/x86_64/multiarch/ifunc-avx2.h
+1 6
-2 10
fe=(79)
+1 2

fl=(162)
fn=(584)
34 296
+5 296
+3 111
+49 333
-56 37
cob=(2)
cfi=(18)
cfn=(586)
calls=37 -35 
* 758
+38 37
-6 37
-32 37
+37 37
+3 7462
+9 3824
cob=(2)
cfi=(18)
cfn=(1734)
calls=30 -84 
* 967
* 60
+1 10
+1 10

fl=(92)
fn=(280)
31 1
fi=(284)
+1 4
fe=(92)
-1 1

fl=(68)
fn=(228)
31 1
fi=(287)
+1 3
-2 5
fe=(68)
+1 1

fl=(247) /build/glibc-B3wQXB/glibc-2.31/string/../sysdeps/x86_64/multiarch/strcpy-avx2.S
fn=(7154) __strncpy_avx2
50 1
+2 1
+1 1
+1 1
+2 1
+2 1
+5 1
+2 1
+1 1
+1 1
+2 1
+1 1
+2 1
+1 1
+1 1
+8 1
+1 1
+1 1
+2 1
493 1
+1 1
+1 1
+1 1
+1 1
+29 1
+1 1
679 1
+1 1
+7 1
+1 1
983 1
+1 1
+1 1
+1 1
+1 1
+1 1
+1 1
+1 1
+1 1
+1 1
+1 1
+1 1
+1 1
+1 1

fl=(280) /build/glibc-B3wQXB/glibc-2.31/posix/../sysdeps/unix/sysv/linux/_exit.c
fn=(10982) _Exit
27 3
+4 1
+2 2

fl=(229)
fn=(2390)
31 1024
+9 384
+5 384
+37 1024

fl=(75)
fn=(244)
53 11
-12 33
-2 11
+2 11
-2 22
+14 11

fl=(163)
fn=(588)
42 1997
+13 1997
+1 1997
+1 1997
+3 1997
+1 1997
+1 1997
+3 1080
+1 1080
+1 1080
+8 1080
+4 583
+1 583
+1 583
+9 583
+4 917
+1 917
+1 917
+1 917
+2 917
+1 917
+1 917
+1 271
+6 271
+1 271
+1 271
+4 271
+1 271
+16 646
+10 646
+1 646
+1 646
+1 646
-3 583
+1 583
+1 583
+1 583
+2 1015
+1 1015
+1 1015
+1 1015
+2 670
+1 670
+1 670
+1 670
+2 258
+1 258
+1 258
+1 258
+2 95
+8 95
+1 95
+1 190
+10 95
+1 95
+1 95
+1 95
+1 95
+1 95
+1 95
+2 95
+1 95
+1 95
+1 95
335 711
+1 711
+1 711
+4 711
+1 711
+4 371
+1 371
+1 371
+1 371
+4 371
+1 371
+4 432
+1 432
+1 432
+1 432
+4 432
+1 432
+4 95
+1 95
+1 95
+1 95
+1 95
+1 95
+1 95
+1 95
+1 69
+1 69
+1 69
+1 69
+1 49
+1 49
+2 49
+1 49
+1 49
+1 49
+4 49
+1 49
-8 163
+1 163
+1 163
+1 163
+4 163
+1 163

fl=(185) /build/glibc-B3wQXB/glibc-2.31/setjmp/../sysdeps/x86_64/setjmp.S
fn=(690) __sigsetjmp
30 35
+2 35
+9 35
+1 70
+1 35
+4 35
+1 35
+1 35
+1 35
+1 35
+2 70
+2 35
+1 35
+1 35
+2 70
+2 35
+5 35
+1 35
+17 35
cfi=(186) /build/glibc-B3wQXB/glibc-2.31/setjmp/sigjmp.c
cfn=(692) __sigjmp_save
calls=35 -56 
* 315

fl=(87)
fn=(270)
43 1
-6 5
+6 1

fl=(196)
fn=(1736)
79 30
+3 30
+1 30
+1 30
+16 30
+2 30
+1 30
+2 30
+1 30
+1 30
+1 30
+1 30
+2 23
+1 23
+1 23
+1 23
+1 23
+1 23
+1 23
+1 23
+4 23
+1 23
+13 18
+1 18
+1 18
+2 18
+1 18
661 9
+2 9
+1 5
+1 5
+1 5
+2 5
+1 5
+6 5
+1 5
+3 5
+1 5
+7 4
+1 4
+17 5
+1 5
+1 5
+20 3
+1 3
+2 3
+2 3
+2 3
+1 3
+8 3
+1 3
+1 3
+2 3
+1 3
+10 7
+1 7
+23 7
+1 7
+1 2
+1 2
+1 2
+1 2
+1 2
+1 2
+1 2
+17 5
+1 5
+1 1
+1 1
+1 1
+1 1
+1 1
+1 1
+2 1
+1 1
+1 1
+2 1
+1 1
+4 1
+1 1
+5 5
+1 5
+1 1
+1 1
+1 1
+1 1
+1 1
+1 1
+2 1
+1 1
+1 1
+14 4
+1 4
+6 4
+1 4
+2 4
+1 4

fn=(1032)
79 939
+23 939
+1 939
+2 939
+1 939
+1 939
+1 939
+1 939
+2 925
+1 925
+1 925
+1 925
+1 925
+1 925
+1 925
+1 925
+18 925
+1 925
+1 925
+2 925
+1 925
661 4
+2 4
+1 3
+1 3
+1 3
+9 3
+1 3
+3 3
+1 3
+7 1
+1 1
+39 13
+1 13
+4 13
+11 13
+1 13
+1 13
+2 13
+1 13
+10 14
+1 14
+2 5
+1 5
+1 5
+1 5
+1 5
+1 5
+1 5
+15 9
+1 9
+1 2
+1 2
+1 2
+1 2
+1 2
+1 2
+1 2
+17 7
+1 7
+1 3
+1 3
+1 3
+1 3
+1 3
+1 3
+2 3
+1 3
+1 3
+13 4
+1 4
+1 3
+1 3
+1 3
+1 3
+1 3
+1 3
+2 3
+1 3
+1 3
+21 1
+1 1
+2 1
+1 1

fl=(84)
fn=(264)
49 1
-9 3
-2 1
+2 1
-2 2
+11 1

fl=(89)
fn=(274)
49 7
-9 21
-2 7
+2 7
-2 14
+11 7

fl=(248) /build/glibc-B3wQXB/glibc-2.31/debug/fprintf_chk.c
fn=(7252) __fprintf_chk
25 24
+3 4
+4 2
-4 2
+4 2
+1 2
-1 2
-4 2
+4 6
+1 2
cfi=(249)
cfn=(7254)
calls=2 1289 
* 1681
+4 10

fl=(120)
fn=(342)
44 21

fl=(72)
fn=(238)
29 11
fi=(73) /build/glibc-B3wQXB/glibc-2.31/string/../sysdeps/x86_64/multiarch/ifunc-memcmp.h
+3 11
+1 33
-1 22
+2 33
+1 22
fe=(72)
-6 11

fl=(134) /build/glibc-B3wQXB/glibc-2.31/resource/../sysdeps/unix/sysv/linux/getrlimit64.c
fn=(402) getrlimit
37 2
+1 7
+1 1

fl=(145) /build/glibc-B3wQXB/glibc-2.31/ctype/ctype-info.c
fn=(440) __ctype_init
29 1
+2 7
+2 4
+2 4
+1 1

fl=(182)
fn=(676)
167 142
+1 426
+5 142
+1 142
+1 139
+1 139
+2 1
+1 1
+1 1
+1 1
+3 138
+1 138
+3 138
+1 138
+1 42
+1 42
+1 42
+1 42
+2 42
+1 42
-1 13
+1 13
+3 96
+1 96
+1 96
+1 96
+1 96
+1 96
+1 96
+1 96
+1 96
+1 96
+1 96
+1 96
+1 96
+1 96
+2 110
+1 110
+1 110
+1 110
+1 110
+1 110
+1 110
+1 83
+1 83
+11 3
+1 3
+2 3
+1 3
+1 3
+28 3
+1 3
+1 3
+1 3

fl=(66)
fn=(224)
29 3
fi=(288) /build/glibc-B3wQXB/glibc-2.31/string/../sysdeps/x86_64/multiarch/ifunc-strcpy.h
+7 9
-2 3
+2 3
-2 6
fe=(66)
-5 3

fl=(250)
fn=(7260)
44 4
+1 4
+2 4
+1 4
+1 4
+2 4
+1 4
+1 4
+21 4
+1 4
+1 4
+1 4
+1 4
+1 4
+1 4
+2 4
+1 4
+1 4
+2 4
+1 4
+2 4
+7 4
+1 4

fl=(62)
fn=(216)
29 11
fi=(63)
+16 33
-1 22
+5 22
-1 22
+12 22
+2 55
fe=(62)

fl=(70)
fn=(232)
30 1
fi=(289) /build/glibc-B3wQXB/glibc-2.31/wcsmbs/../sysdeps/x86_64/multiarch/ifunc-avx2.h
+2 3
-2 6
fe=(70)

fl=(238)
fn=(3218)
31 8844
+7 16214
+35 5896

fl=(236) /build/glibc-B3wQXB/glibc-2.31/setjmp/../sysdeps/x86_64/bsd-_setjmp.S
fn=(2936) _setjmp
28 1
+2 1
+2 1
cfi=(185)
cfn=(690)
calls=1 -2 
* 31

fl=(267) /build/glibc-B3wQXB/glibc-2.31/libio/filedoalloc.c
fn=(9182) _IO_file_doallocate
78 9
+6 4
fi=(256) /build/glibc-B3wQXB/glibc-2.31/libio/libioP.h
941 3
+2 2
+1 2
fe=(267)
84 3
cfi=(255)
cfn=(9184) _IO_file_stat
calls=1 1147 
* 16
* 2
+2 4
+11 4
+4 2
cob=(2)
cfi=(18)
cfn=(1008)
calls=1 0 
* 5244
* 1
+1 2
+2 4
cfi=(252)
cfn=(9188) _IO_setb
calls=1 329 
* 25
+1 1
+1 8
-15 1
fi=(290) /build/glibc-B3wQXB/glibc-2.31/libio/../include/sys/sysmacros.h
-44 6
fe=(267)
+44 1
-2 2
+5 2

fl=(98)
fn=(292)
29 1
fi=(99) /build/glibc-B3wQXB/glibc-2.31/wcsmbs/../sysdeps/x86_64/multiarch/ifunc-memcmp.h
+3 1
+1 3
-1 2
+2 3
+1 2
fe=(98)
-6 1

fl=(90)
fn=(276)
29 14
fi=(287)
+3 42
-2 70
fe=(90)
-1 14

fl=(124)
fn=(352)
29 2
fi=(288)
+7 6
-2 2
+2 2
-2 4
fe=(124)
-5 2

fl=(76)
fn=(246)
29 11
fi=(77) /build/glibc-B3wQXB/glibc-2.31/string/../sysdeps/x86_64/multiarch/ifunc-memset.h
+13 55
+4 22
-1 22
+12 44
+2 55
fe=(76)

fl=(265) /build/glibc-B3wQXB/glibc-2.31/termios/../sysdeps/unix/sysv/linux/tcgetattr.c
fn=(9152) tcgetattr
34 3
+4 1
-4 3
+4 6
+2 2
+6 1
+17 2
-21 1
+21 2
-17 1
+5 1
+12 2
-12 1
+12 1
-12 1
+7 1
+5 1
-21 1
+21 1
+14 6

fl=(203) /build/glibc-B3wQXB/glibc-2.31/misc/../sysdeps/unix/sysv/linux/getpagesize.c
fn=(1150) getpagesize
27 1
+1 4
+2 1

fl=(239)
fn=(3226)
78 980
+1 196

fl=(230)
fn=(2396)
33 512
+5 256
-5 1792
+5 1536
+5 512
+4 384
fi=(231) /build/glibc-B3wQXB/glibc-2.31/wcsmbs/./wcsmbsload.h
+23 384
fe=(230)
-22 128
+2 128
-2 128
+2 128
+5 512
+3 256
cfi=(232) /build/glibc-B3wQXB/glibc-2.31/elf/dl-profstub.c
cfn=(2400) _dl_mcount_wrapper_check
calls=128 -21 
* 768
* 384
cfi=(233) /build/glibc-B3wQXB/glibc-2.31/iconv/gconv_simple.c
cfn=(2402) __gconv_btwoc_ascii
calls=128 -8 
* 768
+41 2304
fi=(231)
-27 128
+1 128
-1 256
fe=(230)

fl=(64)
fn=(220)
29 6
fi=(288)
+7 18
-2 6
+2 6
-2 12
fe=(64)
-5 6

fl=(264)
fn=(9150)
24 5
+3 2
cfi=(265)
cfn=(9152)
calls=1 +7 
* 38
* 2
+1 6

fl=(147)
fn=(444)
488 8
+14 6
758 2
+2 1
+1 1
+2 1
-3 1
+5 1
-5 1
+4 3
+4 2
+3 2
+2 1
+1 1
+2 1
-3 1
+5 1
-5 1
+4 3
+15 1
+2 6
-2 1
+3 8
500 1
+4 1
-4 1
+4 1
cfn=(446) handle_intel.constprop.0
calls=1 259 
* 446
+2 1
-2 1
+2 1
cfn=(446)
calls=1 259 
* 487
+5 1
-5 1
+5 1
cfn=(446)
calls=1 259 
* 512
* 1
+8 2
-9 1
+20 1
+5 2
+4 2
+8 6
+3 4
+6 2
-6 9
+6 6
+3 26
+14 2
+4 1
+3 1
+1 1
-4 1
+3 1
-3 1
+3 1
+6 4
-39 6
691 4
+1 4
+4 2
+59 2
564 2
+4 1
+1 1
-1 2
+1 1
+23 2
+8 2
+2 1
-2 6
+2 4
-2 1
+4 1
+23 2
-25 2
+2 6
+2 6
+3 2
+1 8
+2 4
+3 2
+5 1
+2 2
+1 1
+1 1
-2 2
+1 1
+1 1
+27 2
+1 2
+2 2
-1 2
-23 2
+3 1
+1 2
+3 1
+2 4
+1 1
+5 2

fn=(448) intel_check_word.isra.0
132 12
-4 36
+10 24
-10 6
+10 18
+2 60
+2 15
+2 30
+8 30
+51 24
+22 12
fi=(148) /build/glibc-B3wQXB/glibc-2.31/string/../bits/stdlib-bsearch.h
28 12
-1 12
+4 24
+1 12
fe=(147)
+87 24
fi=(148)
-88 18
+1 9
fe=(147)
+87 18
+3 81
fi=(148)
-93 192
+2 120
+1 60
fe=(147)
+87 120
+15 3
255 36
fi=(148)
37 15
-8 36
fe=(147)
164 9
+3 9
-6 13
+3 4
+9 4
+23 5
-32 15
+3 15
+4 14
+2 28
+2 14
+2 10
+4 3
+2 6
+2 3
+2 3
-1 3
-1 3
+2 6
-2 3
+3 9
-2 9
+2 6
-10 6
+1 2
-15 1
+7 2
+2 4

fn=(446)
259 21
+2 3
-2 9
+5 6
+8 6
+3 6
-2 3
+2 3
-5 6
+11 15
+5 6
+2 3
+1 3
-1 3
+5 18
cfn=(448)
calls=3 132 
* 960
+2 6
+3 21
cfn=(448)
calls=3 132 
* 308
+2 6
+19 33

fl=(80)
fn=(254)
29 2
fi=(291) /build/glibc-B3wQXB/glibc-2.31/string/../sysdeps/x86_64/multiarch/ifunc-sse4_2.h
+1 10
fe=(80)
-1 2

fl=(278) /build/glibc-B3wQXB/glibc-2.31/posix/../sysdeps/unix/syscall-template.S
fn=(10570) getpid
59 3
+1 1

fl=(78)
fn=(250)
31 3
fi=(289)
+1 9
-2 15
fe=(78)
+1 3

fl=(234)
fn=(2414)
27 70
+7 10
-7 30
+3 10
cob=(2)
cfi=(18)
cfn=(586)
calls=10 -30 
* 200
+3 10
-3 10
+3 10
+1 10
+7 48
+1 96
-8 48
+2 96
cob=(2)
cfi=(18)
cfn=(586)
calls=48 -36 
* 920
* 20
cob=(2)
cfi=(18)
cfn=(586)
calls=10 -36 
* 180
* 58
+2 312
cob=(2)
cfi=(18)
cfn=(2416)
calls=49 -38 
* 1205
* 98
+8 10
+1 10
+1 80

fl=(67)
fn=(226)
28 4
fi=(287)
+4 12
-2 20
fe=(67)
-2 4

fl=(252)
fn=(10968) _IO_flush_all_lockp
686 12
+5 11
cob=(5)
cfi=(253)
cfn=(7266)
calls=1 25 
* 17
+1 6
fi=(259) /build/glibc-B3wQXB/glibc-2.31/libio/../sysdeps/unix/sysv/linux/x86/lowlevellock.h
47 2
fe=(252)
692 2
+3 1
-8 1
+5 2
+3 2
fi=(256)
941 3
fe=(252)
699 2
+10 6
+2 3
-16 9
+2 3
+1 6
+3 23
+14 8
+1 9
cob=(5)
cfi=(253)
cfn=(7284)
calls=1 62 
* 10
+4 12

fn=(7274) _IO_doallocbuf
343 2
+1 4
-1 6
+3 11
+1 1
fi=(256)
941 3
+2 2
+1 2
fe=(252)
347 2
cfi=(267)
cfn=(9182)
calls=1 78 
* 5348
* 2
-10 1
-5 2
+5 1
-5 2
+18 8
-1 2
-19 1

fn=(9266) __overflow
199 3
+2 3
+2 1
fi=(256)
941 3
+2 2
+1 2
fe=(252)
203 1
+1 2
-1 1
cfi=(255)
cfn=(7272) _IO_file_overflow@@GLIBC_2.2.5
calls=1 732 
* 149

fn=(7264)
371 7
+3 14
-3 35
fi=(256)
941 5
fe=(252)
371 5
fi=(256)
941 5
fe=(252)
371 5
fi=(256)
941 5
fe=(252)
371 10
+18 6
+8 4
+2 13
fi=(256)
943 2
+1 2
fe=(252)
399 4
cfi=(255)
cfn=(7272)
calls=1 732 
* 34
* 2
+2 1
-22 25
+2 4
+1 8
+2 8
+2 3
cob=(2)
cfi=(18)
cfn=(9004)
calls=1 0 
* 15
+1 1
-1 1
+1 2
+17 5
-11 5
+11 35
-11 21
+2 14
+9 2
-11 6
+1 6
-1 9
+1 24
-1 39

fn=(10980) _IO_default_setbuf
452 2
fi=(256)
941 1
fe=(252)
452 2
fi=(256)
941 1
fe=(252)
452 1
fi=(256)
941 1
fe=(252)
452 4
+1 1
fi=(256)
943 2
+1 2
fe=(252)
453 2
cfi=(255)
cfn=(7306) _IO_file_sync@@GLIBC_2.2.5
calls=1 793 
* 18
* 2
+2 2
+7 1
-7 2
+11 1
+1 1
-1 3
+2 6
-11 1
+1 2
-1 1
330 4
+2 2
+5 1
-5 1
+5 1
-5 1
+5 1

fn=(9188)
329 6
+1 2
-1 2
+1 2
+5 1
-3 1
+3 4
-3 2
+2 1
+4 4

fn=(10966) _IO_cleanup
863 2
+3 1
-3 9
+3 1
cfn=(10968)
calls=1 686 
* 150
-80 1
+80 1
-80 9
cob=(5)
cfi=(253)
cfn=(7266)
calls=1 25 
* 17
+1 6
fi=(259)
47 2
fe=(252)
787 2
+3 1
-3 2
+3 2
fi=(256)
941 2
fe=(252)
807 1
fi=(256)
941 1
fe=(252)
807 2
+31 3
-48 9
+9 9
+2 6
+6 9
fi=(259)
47 2
fe=(252)
807 2
+8 5
+9 1
fi=(256)
943 2
+1 2
fe=(252)
824 4
cfi=(255)
cfn=(10978) _IO_file_setbuf@@GLIBC_2.2.5
calls=1 382 
* 84
+2 3
+4 5
+1 12
+11 8
+1 8
cob=(5)
cfi=(253)
cfn=(7284)
calls=1 62 
* 10
+35 12
-59 1
-2 1
+3 1
-3 1
+2 3
-12 5

fl=(271) /build/glibc-B3wQXB/glibc-2.31/stdlib/cxa_thread_atexit_impl.c
fn=(9492) __call_tls_dtors
145 4
+1 4
+18 4

fl=(142)
fn=(432)
52 4
+3 3
+14 1
+8 1
-10 1
+1 1
+1 1
+8 1
cfi=(143) /build/glibc-B3wQXB/glibc-2.31/misc/init-misc.c
cfn=(434) __init_misc
calls=1 -47 
* 83
+8 2
-5 1
cfi=(145)
cfn=(440)
calls=1 -51 
* 17
-18 1
-7 1
+7 4

fl=(200)
fn=(1144)
32 10
+1 3
fi=(201) /build/glibc-B3wQXB/glibc-2.31/posix/../sysdeps/unix/sysv/linux/x86/../sysconf.c
+11 7
fe=(200)
-7 9
fi=(202) /build/glibc-B3wQXB/glibc-2.31/posix/../sysdeps/posix/sysconf.c
+17 6
215 1
cfi=(203)
cfn=(1150)
calls=1 27 
* 6
* 2
fe=(200)

fl=(235)
fn=(2908)
45 352
+1 1408
+1 176

fn=(2874)
26 160

fl=(81)
fn=(256)
31 2
fi=(284)
+1 8
fe=(81)
-1 2

fl=(94)
fn=(284)
29 3
fi=(289)
+3 9
-2 15
fe=(94)
-1 3

fl=(273)
fn=(9930)
30 279
+3 31
fi=(209) /build/glibc-B3wQXB/glibc-2.31/stdlib/../sysdeps/unix/sysv/linux/x86/lowlevellock.h
+14 31
fe=(273)
-14 62
fi=(209)
+14 62
+4 31
fe=(273)
-15 93
+4 372
+1 2542
-1 3690
+1 2624
+2 41
+36 41
-3 41
-31 41
+34 82
+3 164
+1 123
cob=(24)
cfi=(207)
cfn=(10394)
calls=1 -83 
* 8
cob=(24)
cfi=(207)
cfn=(10386)
calls=1 -83 
* 948
cob=(24)
cfi=(207)
cfn=(10384)
calls=1 -83 
* 8
cob=(24)
cfi=(207)
cfn=(10382)
calls=1 -83 
* 8
cob=(24)
cfi=(207)
cfn=(10374)
calls=1 -83 
* 1035
cob=(24)
cfi=(207)
cfn=(10372)
calls=1 -83 
* 2
cob=(24)
cfi=(207)
cfn=(10370)
calls=1 -83 
* 2
cob=(24)
cfi=(207)
cfn=(10368)
calls=1 -83 
* 2
cob=(29)
cfi=(214)
cfn=(10266) 0x00000000000bdde0
calls=1 -83 
* 1044
cob=(29)
cfi=(214)
cfn=(10256) 0x000000000027d8e0
calls=1 -83 
* 30
cob=(29)
cfi=(214)
cfn=(10238) 0x00000000001d4f50
calls=1 -83 
* 306
cob=(29)
cfi=(214)
cfn=(10234) 0x0000000000362560
calls=1 -83 
* 292
cob=(29)
cfi=(214)
cfn=(10220) 0x00000000000a73e0
calls=1 -83 
* 109
cob=(29)
cfi=(214)
cfn=(10194) 0x0000000000297700
calls=1 -83 
* 370
cob=(29)
cfi=(214)
cfn=(10188) 0x00000000002976d0
calls=1 -83 
* 26
cob=(29)
cfi=(214)
cfn=(10174) 0x00000000000c3860
calls=1 -83 
* 129
cob=(29)
cfi=(214)
cfn=(10136) QWaitCondition::~QWaitCondition()
calls=1 -83 
* 2192
cob=(29)
cfi=(214)
cfn=(9664)
calls=1 -83 
* 23
cob=(30)
cfi=(216)
cfn=(10104)
calls=1 -83 
* 1831
cob=(30)
cfi=(216)
cfn=(10098)
calls=1 -83 
* 8
cob=(30)
cfi=(216)
cfn=(10092)
calls=1 -83 
* 8
cob=(30)
cfi=(216)
cfn=(10086)
calls=1 -83 
* 8
cob=(30)
cfi=(216)
cfn=(10080)
calls=1 -83 
* 8
cob=(30)
cfi=(216)
cfn=(10074)
calls=1 -83 
* 8
cob=(30)
cfi=(216)
cfn=(10070)
calls=4 -83 
* 20
cob=(30)
cfi=(216)
cfn=(10064)
calls=1 -83 
* 8
cob=(30)
cfi=(216)
cfn=(10054)
calls=1 -83 
* 248
cob=(30)
cfi=(216)
cfn=(10052)
calls=1 -83 
* 310
cob=(30)
cfi=(216)
cfn=(10046)
calls=1 -83 
* 1439
cob=(31)
cfi=(221)
cfn=(10022)
calls=1 -83 
* 8
cob=(31)
cfi=(221)
cfn=(10018)
calls=3 -83 
* 15
cob=(31)
cfi=(221)
cfn=(10016)
calls=1 -83 
* 5
cob=(31)
cfi=(221)
cfn=(10014)
calls=1 -83 
* 348
cob=(31)
cfi=(221)
cfn=(10004)
calls=1 -83 
* 1453
cob=(32)
cfi=(223)
cfn=(9984) 0x00000000000add70
calls=1 -83 
* 48
cob=(32)
cfi=(223)
cfn=(9976) 0x00000000000c91b0
calls=1 -83 
* 1010
+1 123
fi=(209)
-37 82
fe=(273)
+41 82
-48 125
-4 186
+58 124
+4 186
-4 93
+12 62
+1 62
cfi=(136) /build/glibc-B3wQXB/glibc-2.31/nptl/register-atfork.c
cfn=(9934) __unregister_atfork
calls=31 -28 
* 868
+2 124
+1 248

fl=(228)
fn=(2384)
30 2
+1 6
+2 4
+3 4
+1 2
+28 6
+1 6
+2 6
+4 6
+1 2

fl=(88)
fn=(272)
29 2
fi=(291)
+1 10
fe=(88)
-1 2

fl=(232)
fn=(2400)
37 128
+1 128
-1 128
+1 256
+2 128

fl=(96)
fn=(288)
31 1
fi=(288)
+5 3
-2 1
+2 1
-2 2
fe=(96)
-3 1

fl=(260)
fn=(8358)
78 12
+1 2

fn=(8314)
78 10
+1 2

fl=(144)
fn=(438)
42 1
+1 1
+1 1
+2 1
+1 1
+3 1
+1 1
+1 1
+2 1
+1 1
+1 1
+1 1
+1 1
+1 1
+2 1
+1 1
+12 1
+1 1
+3 1
+1 1
+1 1
+1 1
+35 2
+1 2
+1 2
+1 2
+1 2
+1 2
+1 2
+1 2
+32 2
+1 2
+2 1
+1 1
+1 1
+1 1
+6 1
+1 1
+1 1
+1 1
+5 1
+1 1
+1 1
+3 1
+1 1
+1 1

fl=(193)
fn=(1006)
40 215
+1 43
cob=(2)
cfi=(18)
cfn=(586)
calls=43 -41 
* 906
* 43
+1 86
cob=(2)
cfi=(18)
cfn=(1008)
calls=43 -42 
* 8213
+2 86
+4 43
-1 129
+1 86
-1 43
cob=(2)
cfi=(18)
cfn=(1010)
calls=43 -47 
* 577

fl=(136)
fn=(410) __register_atfork
39 6
+1 3
fi=(137) /build/glibc-B3wQXB/glibc-2.31/nptl/../sysdeps/unix/sysv/linux/x86/lowlevellock.h
+7 2
fe=(136)
-5 2
fi=(138) /build/glibc-B3wQXB/glibc-2.31/nptl/../malloc/dynarray-skeleton.c
195 1
fe=(136)
45 1
fi=(138)
197 2
fe=(136)
45 1
fi=(138)
195 1
319 1
+1 1
-1 1
-1 1
+2 1
fe=(136)
49 2
+2 1
+2 1
+1 1
-3 2
+7 4
+2 2
+1 1
-1 1
+1 2

fn=(9934)
79 93
+1 93
fi=(137)
-33 62
fe=(136)
+35 31
-14 62
fi=(138)
250 31
fe=(136)
68 124
fi=(138)
239 31
fe=(136)
68 62
fi=(138)
250 31
fe=(136)
71 62
+35 124
+1 62

fl=(237)
fn=(3006)
40 293
+3 293
+1 293
+2 293
+2 293
+9 293
+3 293
+1 293
+1 293
+3 288
+1 288
+1 288
+3 288
+2 185
+1 185
+21 5
+1 5
+1 5
+1 5
+2 5
+1 5
+1 5
+1 3
+3 3
+1 3
+2 1
+1 1
+1 1
+1 1
+8 2
+1 2
+3 2
+1 2
251 103
+2 103
+1 103
+1 6
+1 6
+1 6
+37 286
+2 286
+1 286

fl=(174) /build/glibc-B3wQXB/glibc-2.31/malloc/arena.c
fn=(638) ptmalloc_init.part.0
289 5
+13 1
-8 1
+8 1
+6 4
fi=(172)
1795 3
+3 4
-3 2
+3 504
-3 252
+11 1
fe=(174)
313 2
fi=(172)
1807 1
+2 1
fe=(174)
313 3
cob=(2)
cfi=(18)
cfn=(654)
calls=1 0 
* 1434
+1 4
cob=(2)
cfi=(18)
cfn=(654)
calls=1 0 
* 22
+1 4
cob=(2)
cfi=(18)
cfn=(654)
calls=1 0 
* 21
+1 4
cob=(2)
cfi=(18)
cfn=(654)
calls=1 0 
* 22
+1 4
cob=(2)
cfi=(18)
cfn=(654)
calls=1 0 
* 22
+1 4
cob=(2)
cfi=(18)
cfn=(654)
calls=1 0 
* 21
+1 4
cob=(2)
cfi=(18)
cfn=(654)
calls=1 0 
* 22
+1 4
cob=(2)
cfi=(18)
cfn=(654)
calls=1 0 
* 22
+2 4
cob=(2)
cfi=(18)
cfn=(654)
calls=1 0 
* 22
+1 4
cob=(2)
cfi=(18)
cfn=(654)
calls=1 0 
* 22
+1 4
cob=(2)
cfi=(18)
cfn=(654)
calls=1 0 
* 22
+3 4
cob=(2)
cfi=(18)
cfn=(654)
calls=1 0 
* 22
+69 2
+1 2
+3 1
+1 6
-98 5
cfi=(175)
cfn=(640)
calls=1 126 
* 73169
* 2
+1 4

fl=(135) /build/glibc-B3wQXB/glibc-2.31/nptl/libc_pthread_init.c
fn=(408) __libc_pthread_init
43 2
+5 1
-5 1
+5 1
-3 1
+3 3
cfi=(136)
cfn=(410)
calls=1 -9 
* 41
+19 3
+3 3
+1 1
-4 3
+3 123
+1 41
-4 123
+12 2
-6 1
+6 1

fl=(125)
fn=(354)
29 2
fi=(119) /build/glibc-B3wQXB/glibc-2.31/debug/../sysdeps/x86_64/multiarch/ifunc-memmove.h
+16 6
-1 4
+5 4
-1 4
+12 4
+2 10
fe=(125)

fl=(180) /build/glibc-B3wQXB/glibc-2.31/misc/sbrk.c
fn=(670) sbrk
32 30
+8 10
-8 20
+8 57
+4 20
+4 20
+12 25
-19 2
cfi=(181) /build/glibc-B3wQXB/glibc-2.31/misc/../sysdeps/unix/sysv/linux/x86_64/brk.c
cfn=(672) brk
calls=1 -13 
* 11
* 4
+9 4
-2 8
+8 10
cfi=(181)
cfn=(672)
calls=5 -28 
* 55
* 10
+4 25

fl=(233)
fn=(2402)
50 128
+2 512
+3 128

fl=(69)
fn=(230)
31 2
fi=(289)
+1 6
-2 10
fe=(69)
+1 2

fl=(270) /build/glibc-B3wQXB/glibc-2.31/stdlib/exit.c
fn=(9490) __run_exit_handlers
40 11
+5 3
+11 3
fi=(209)
-9 1
fe=(270)
+9 5
fi=(209)
-9 3
fe=(270)
+9 6
fi=(209)
-9 4
fe=(270)
+12 4
+2 9
+16 82
+35 84
fi=(209)
-65 84
fe=(270)
+65 168
fi=(209)
-65 84
fe=(270)
+67 168
-44 261
+2 84
+1 84
-1 84
+4 336
+1 672
+29 43
+2 43
-5 43
+5 43
-2 86
+2 43
cob=(1)
cfi=(272)
cfn=(9920)
calls=1 -78 
* 72311
cob=(24)
cfi=(207)
cfn=(9906)
calls=1 0 
* 6
cob=(34)
cfi=(225)
cfn=(9904)
calls=1 0 
* 201
cob=(34)
cfi=(225)
cfn=(9902)
calls=19 0 
* 133
cob=(24)
cfi=(207)
cfn=(9368)
calls=7 0 
* 2629
cob=(32)
cfi=(223)
cfn=(9884) 0x00000000000ea500
calls=1 0 
* 152
cob=(32)
cfi=(223)
cfn=(9816) 0x00000000000dcc50
calls=1 0 
* 1462
cob=(29)
cfi=(214)
cfn=(9740) 0x00000000002d5f50
calls=1 0 
* 450
cob=(29)
cfi=(214)
cfn=(9734) 0x00000000002e53a0
calls=1 0 
* 172
cob=(29)
cfi=(214)
cfn=(9726) 0x0000000000115730
calls=1 0 
* 18
cob=(29)
cfi=(214)
cfn=(9690) 0x0000000000159660
calls=1 0 
* 668
cob=(29)
cfi=(214)
cfn=(9678) 0x0000000000115770
calls=1 0 
* 129
cob=(29)
cfi=(214)
cfn=(9672) 0x00000000000b3dd0
calls=1 0 
* 9
cob=(29)
cfi=(214)
cfn=(9644) 0x00000000001f7b60
calls=1 0 
* 506
cob=(29)
cfi=(214)
cfn=(9606) 0x00000000001f7970
calls=1 0 
* 222
cob=(29)
cfi=(214)
cfn=(9578) 0x00000000000b7ae0
calls=1 0 
* 397
cob=(29)
cfi=(214)
cfn=(9540) 0x0000000000297a00
calls=1 0 
* 1215
cob=(32)
cfi=(223)
cfn=(9498) 0x0000000000051ff0
calls=1 0 
* 1393
cob=(34)
cfi=(225)
cfn=(9496)
calls=1 0 
* 2
+1 43
+11 6
+1 6
+3 4
cob=(2)
cfi=(18)
cfn=(9900)
calls=2 0 
* 311
+2 15
-61 1
+1 4
+63 2
+1 10
cfi=(252)
cfn=(10966)
calls=1 863 
* 420
* 3
+2 2
cfi=(280)
cfn=(10982)
calls=1 27 
* 6
-86 1
cfi=(271)
cfn=(9492)
calls=1 +99 
* 12
* 1

fn=(9488) exit
138 3
+1 3
-1 1
+1 1
cfn=(9490)
calls=1 -99 
* 85463

fl=(146)
fn=(442)
83 1
+1 4
+1 3
+1 3
+2 1

fl=(179) /build/glibc-B3wQXB/glibc-2.31/malloc/morecore.c
fn=(668) __default_morecore
46 20
+1 10
cfi=(180)
cfn=(670)
calls=10 -15 
* 311
+2 30
+3 20

fl=(85)
fn=(266)
31 2
fi=(86) /build/glibc-B3wQXB/glibc-2.31/wcsmbs/../sysdeps/x86_64/multiarch/ifunc-wmemset.h
+1 4
-2 2
+2 6
-2 4
+5 2
-1 2
+1 2
-1 6
fe=(85)
-3 4

fl=(181)
fn=(672)
28 6
+3 36
+2 12
+6 6
+1 6

fl=(82)
fn=(258)
29 5
fi=(288)
+7 15
-2 5
+2 5
-2 10
fe=(82)
-5 5

fl=(266)
fn=(9178)
31 165
+1 33
-1 33
+1 33
-1 66
+4 97
+2 403
fi=(259)
+10 62
fe=(266)
-10 93
+1 94
+1 1
fi=(256)
941 3
+2 2
+1 2
fe=(266)
39 30
fi=(256)
941 90
+2 60
+1 60
fe=(266)
39 124
cfi=(255)
cfn=(7270)
calls=31 1198 
* 8867
* 62
fi=(256)
884 93
+1 248
fe=(266)
45 62
+1 31
+3 297
-11 60

fl=(173) /build/glibc-B3wQXB/glibc-2.31/malloc/hooks.c
fn=(994) realloc_hook_ini
37 10
+1 1
+1 1
-1 1
fi=(174)
291 1
fe=(173)
39 1
fi=(174)
291 2
fi=(172)
3143 2
fe=(173)
42 1
fi=(172)
3151 1
fe=(173)
42 6
fi=(172)
3151 1
cfn=(832)
calls=1 3023 
* 193
-1 2
fe=(173)
42 1
fi=(172)
3139 2
fe=(173)

fn=(634) malloc_hook_ini
29 2
fi=(174)
291 1
fe=(173)
29 3
+1 2
fi=(174)
291 3
cfn=(638)
calls=1 -2 
* 75694
* 1
fi=(172)
3032 2
1208 2
+2 4
3044 4
+12 3
+2 3
cfn=(664) _int_malloc
calls=1 1208 
* 141
* 1
+1 7
fe=(173)
33 5
fi=(172)
1210 4
2978 4
cfn=(660) tcache_init.part.0
calls=1 +3 
* 476
+69 2
+1 5
+1 3
fe=(173)

fl=(102)
fn=(302)
41 3
fi=(285)
-1 6
+1 6
fe=(102)
* 6

fn=(1172)
32 1
+1 2
+2 4
+1 1

fl=(186)
fn=(692)
28 105
+2 70
-1 35
+5 105

fl=(97)
fn=(290)
33 2
fi=(288)
+3 6
-2 2
+2 2
-2 4
fe=(97)
-1 2

fl=(255)
fn=(7306)
793 50
+5 40
+2 10
+1 20
+11 20
+4 40

fn=(7272)
732 35
+1 28
+7 36
+35 10
+3 4
+3 6
+1 6
+1 8
+4 2
+1 8
-45 4
+12 4
+9 8
+5 4
+2 2
-2 2
+2 2
-2 4
+2 2
+1 2
-3 8
+3 8
+1 2
+2 4
+13 5
-12 5
+1 5
+11 10
-12 5
cfn=(7276) _IO_do_write@@GLIBC_2.2.5
calls=5 424 
* 231
+9 2
-1 1
+1 1
-1 1
cfn=(7276)
calls=1 424 
* 108
* 2
-39 4
cfi=(252)
cfn=(7274)
calls=2 343 
* 5400
+1 12

fn=(10978)
382 3
+1 1
cfi=(252)
cfn=(10980)
calls=1 +69 
* 70
* 2
+5 1
+2 2
-2 3
+3 2

fn=(7270)
1198 132
+7 33
-7 132
+6 198
+7 132
+17 9
+6 30
+2 30
+2 90
-2 30
cob=(2)
cfi=(18)
cfn=(9004)
calls=30 0 
* 597
+1 30
+1 30
-2 30
+4 116
+28 297
-55 30
+4 30
-4 30
+1 60
+18 3
+12 3
fi=(256)
941 9
+2 6
+1 6
fe=(255)
1244 2
fi=(256)
941 6
+2 4
+1 4
fe=(255)
1244 15
cfn=(7272)
calls=5 732 
* 5808
* 10
+6 10
+1 27
+2 10
+11 15
+1 4
cfi=(252)
cfn=(7264)
calls=1 371 
* 85
* 3
-46 522
-2 460
434 10
+7 8
fi=(256)
944 4
fe=(255)
449 10
cfn=(7280) _IO_file_write@@GLIBC_2.2.5
calls=2 1174 
* 92
+1 2
-1 2
+1 10
+2 2
+4 2
-4 6
+1 4
+3 4
-2 2
1257 4
-1 4
-35 2
+11 6
455 4
fi=(256)
947 4
fe=(255)

fn=(7276)
424 6
+2 18
+1 3
-3 48
+10 6
+7 12
fi=(256)
944 6
fe=(255)
449 12
cfn=(7280)
calls=3 1174 
* 138
* 3
+1 15
+2 3
+4 3
-4 9
+1 6
+3 6
-2 3
-28 12
+1 24
+28 6

fn=(9184)
1147 2
+1 3
cfi=(268)
cfn=(9186)
calls=1 33 
* 11

fn=(7280)
1174 35
+2 30
+5 5
cfi=(257) /build/glibc-B3wQXB/glibc-2.31/io/../sysdeps/unix/sysv/linux/write.c
cfn=(7282) write
calls=5 25 
* 45
+1 10
+5 5
+1 5
-12 10
+2 5
+2 10
+1 10
+10 15
+3 45

fl=(226)
fn=(2238)
137 11
+4 1
-4 3
+4 3
+96 2
+1 3
cfi=(208)
cfn=(1302)
calls=1 69 
* 72
+22 4
+3 2
+1 5
cob=(34)
cfi=(225)
cfn=(2240)
calls=1 0 
* 248399
+4 4
+15 2
+12 2
cfi=(236)
cfn=(2936)
calls=1 28 
* 34
* 1
+1 2
+5 2
+1 2
+3 2
+3 6
cob=(34)
cfi=(225)
cfn=(2938)
calls=1 0 
* 5645429
+34 2
cfi=(270)
cfn=(9488)
calls=1 138 
* 85471

fl=(143)
fn=(434)
30 1
+1 2
-1 4
+1 3
+2 3
cob=(2)
cfi=(18)
cfn=(436)
calls=1 -33 
* 58
+4 5
+1 3
+2 4

fl=(187)
fn=(700)
273 442
100 34
+7 68
+62 102
+5 170
+6 204
+3 68
+12 136
+80 408
87 68
cob=(2)
cfi=(18)
cfn=(642)
calls=34 -87 
* 6953
* 34
+1 68
+28 102
+1 136
+41 204
cob=(1)
cfi=(6)
cfn=(208)
calls=34 841 
* 28687
* 136

fl=(208)
fn=(1306) __new_exitfn
82 84
+6 168
-6 336
+11 336
-10 168
+12 168
+1 415
-1 168
-2 1
+10 1
-10 3
+13 166
+25 81
+1 162
-1 162
+7 81
+5 81
-4 81
+4 324
-5 3
+5 3
-4 3
+4 12
-33 6
+4 6
cob=(2)
cfi=(18)
cfn=(1968)
calls=2 0 
* 1777
* 2
+1 4
+2 2
+1 2
+7 2
-1 2
+1 3
-1 1
+1 1

fn=(1302)
69 504
-28 252
+2 84
fi=(209)
+4 84
fe=(208)
-4 168
fi=(209)
+4 168
fe=(208)
-3 168
cfn=(1306)
calls=84 +38 
* 4815
+2 168
+10 84
-3 84
+5 84
-5 168
+3 84
-1 84
+1 84
+3 336
+12 420

fl=(257)
fn=(7282)
25 5
+1 35
+1 5

fl=(222)
fn=(1996)
59 1649
+7 1649
+1 1649
+3 1010
+1 1010
+1 1010
+1 1010
+1 1010
+2 1010
+1 1010
+2 895
+2 895
+1 895
+1 895
+1 895
+3 185
+1 185
+2 185
+1 185
+2 185
+1 185
+2 185
+1 185
+2 185
+1 185
+1 185
+2 185
+1 185
+2 185
+1 185
+1 185
+1 185
+2 185
+1 185
+1 185
+2 185
+1 185
+1 185
+2 185
+1 185
+1 185
+2 185
+1 185
+1 185
+1 185
+1 185
+13 115
+1 115
+1 115
+1 115
+1 115
+1 115
+1 115
+1 115
+1 115
+5 299
+10 299
+1 299
+1 299
+2 299
+1 299
+14 222
+1 222
+1 222
+1 222
+1 222
+1 222
+1 222
+1 222
+1 222
+1 222
+1 208
+1 208
+1 208
+4 14
+5 4
+1 4
+1 4
+1 4
+1 4
+1 4
+1 4
+1 4
+2 4
+1 4
+23 639
+1 639
+1 639
+1 639
+1 639
+1 635
+1 635
+2 413
+1 413
+2 288
+1 288
+1 288
+1 288
+1 288
+1 288
+2 42
+1 42
+1 42
+1 42
+1 42
+1 42
+1 42
+1 42
+1 42
+5 125
+1 125
+1 125
+1 125
+1 125
+3 75
+1 75
+1 75
+1 75
+1 75
+1 75
+1 75
+1 72
+59 710
+1 710
+1 710
+1 710
+1 710
+2 710
+1 710
+1 710
+1 710
+1 710
+1 710
+1 710
+3 710
+1 710
+1 710
+1 710
+1 710
+1 710
+1 710
+2 710
+1 710
+1 710
+1 710
+1 710
+1 710
+1 710
+1 710
+1 710

fl=(74)
fn=(242)
54 6
-13 18
-2 6
+2 6
-2 12
+15 6

fl=(95)
fn=(286)
29 2
fi=(291)
+1 10
fe=(95)
-1 2

fl=(93)
fn=(282)
29 5
fi=(287)
+3 15
-2 25
fe=(93)
-1 5

fl=(215) /build/glibc-B3wQXB/glibc-2.31/nptl/pthread_self.c
fn=(1560) pthread_self
24 16
+1 16
+1 16

fl=(118)
fn=(338)
29 6
fi=(119)
+16 18
-1 12
+5 12
-1 12
+12 12
+2 30
fe=(118)

fl=(269) /build/glibc-B3wQXB/glibc-2.31/libio/putc.c
fn=(9264) putc
25 6
+3 2
+1 4
+5 1
-5 2
+5 2
-5 1
cfi=(252)
cfn=(9266)
calls=1 199 
* 167

fl=(100)
fn=(296)
31 1
fi=(287)
+1 3
-2 5
fe=(100)
+1 1

fl=(246) /build/glibc-B3wQXB/glibc-2.31/io/../sysdeps/unix/sysv/linux/statx.c
fn=(6632) statx
27 6
+2 12
+4 6
+8 6
-12 12
+4 3

fl=(184)
fn=(686)
225 442
+2 68
cfn=(688) _dl_catch_exception
calls=34 -52 
* 41883
+1 68
+1 34
+1 34
-1 34
+1 34
+2 272

fn=(688)
175 340
+3 136
+22 34
-1 34
+7 68
-6 34
+3 68
+3 34
cfi=(185)
cfn=(690)
calls=34 30 
* 1054
* 136
+2 102
cob=(10)
cfi=(164)
cfn=(694)
calls=34 47 
* 39367
+1 68
+1 34
-1 34
+1 102
+9 238

fl=(172)
fn=(632)
3366 10
+10 5
-10 20
+10 40
+8 10
+1 10
+9 12
+2 12
+10 4
+1 12
+21 12
cfn=(664)
calls=4 1208 
* 825
* 4
+2 20
+3 12
+14 8
+6 16
+52 28
-44 4
+3 8
+11 4
+2 8
+2 8
+5 1
+2 1
-2 1
+3 2
+2 1
+2 2
-61 20
+20 4
+14 17
-77 3
cfi=(173)
cfn=(634)
calls=1 29 
* 76372
+4 2
-4 1
+1 2
3505 5
-49 1
cob=(2)
cfi=(18)
cfn=(674)
calls=1 0 
* 14
+24 9
cob=(2)
cfi=(18)
cfn=(674)
calls=3 0 
* 286
* 6

fn=(9286) systrim.isra.0.constprop.0
2741 10
+11 6
+2 2
+1 4
-4 2
+8 6
+2 6
+7 6
cfi=(179)
cfn=(668)
calls=2 46 
* 54
* 2
+1 8
+36 12
-24 6
cfi=(179)
cfn=(668)
calls=2 46 
* 98
+2 4
+1 4
+2 4
cfi=(179)
cfn=(668)
calls=2 46 
* 54
+2 2
+2 4
+4 4
+4 4
-1 2
+1 4
+2 4

fn=(1866) _int_realloc
4540 120
+11 60
+1 60
+6 45
+2 30
+1 45
+2 60
+3 30
+10 18
+12 18
+12 27
cfn=(664)
calls=9 1208 
* 1237
* 9
+1 18
+3 9
+6 18
+19 18
+2 12
+2 14
+1 2
+14 2
+1 18
-1 4
+1 117
-10 4
-1 4
+1 12
+1 4
+4 4
-5 4
+5 4
-5 8
+1 4
+3 4
+1 4
cfn=(1868) _int_free
calls=4 4155 
* 244
* 4
-27 45
cob=(2)
cfi=(18)
cfn=(1010)
calls=9 0 
* 136
+1 36
cfn=(1868)
calls=9 4155 
* 549
+2 18

fn=(2980) malloc_consolidate
4441 28
+17 28
-17 84
+28 28
-28 112
+15 28
+2 28
+13 56
+1 56
-1 504
+1 504
+58 840
+1 224
-31 4036
+4 1171
+2 1171
+1 1171
+1 1171
+2 2342
-4 847
+1 847
+1 847
+2 1694
+1 470
+4 235
+2 235
-2 235
+2 235
-2 235
+2 235
+1 235
+9 470
-12 1783
+2 1783
-2 1783
+2 1783
-2 1783
+2 1783
+1 1783
+9 5510
-52 5832
+1 7776
-1 222
+1 296
+8 2018
-3 2018
+3 2018
+1 2018
+1 4036
+2 4036
+1 792
+2 792
-1 792
+2 3168
+2 2376
cfn=(2922) unlink_chunk.isra.0
calls=792 1451 
* 14668
* 792
+3 4036
+5 847
-1 1694
+1 847
cfn=(2922)
calls=847 1451 
* 15847
* 2541

fn=(664)
1208 5852
3513 2926
1210 2926
3513 23408
1210 5852
3553 14
+24 14
+61 2715
+2 2715
-2 2715
+2 5430
+2 105
+1 210
+6 105
-4 105
+1 105
+1 105
+2 210
+7 420
-1 210
+1 315
+5 1110
+1 498
+4 160
+1 160
+1 320
2926 160
3670 160
2920 160
+8 160
3671 160
2924 160
+2 160
-6 160
+9 160
-1 160
+1 160
1210 5838
3553 5838
1637 5838
3577 5838
+58 584
+62 3159
+1 285
+1 44
cfn=(2980)
calls=22 4441 
* 97663
* 22
3577 14
1210 14
3582 14
+2 14
-2 5254
+2 5254
-4 116
+6 464
+1 116
+5 232
+1 232
+7 464
-1 232
+1 232
+5 581
+4 679
2924 679
-4 1358
+6 2716
-6 679
+8 2716
3605 2037
+1 2121
+2 2716
-19 8145
1868 221
3678 221
1868 442
4147 39435
3637 7830
+3 28710
+77 2610
+1 2610
-1 5220
-1 5220
+2 5220
-1 95
+1 95
-1 190
-1 190
+2 190
-2 8112
+6 5408
+73 8112
-67 8112
-6 2
+73 3
-67 3
3892 2183
-91 2183
+91 4366
-91 2183
-74 2183
+74 4366
-42 13098
-28 4366
+1 2183
+2 4366
-3 924
+1 462
+2 924
+1 7935
+2 2645
+1 10580
+2 10580
-10 2645
+12 5290
+1 5290
+2 5290
+11 9600
+31 821
+1 821
+4 1642
+29 1514
+2 1198
+1 1797
+1 599
-1 599
+57 599
+2 1198
-2 1198
+2 599
+7 599
-9 1797
+9 599
-7 599
+1 599
+1 599
+6 1198
-10 158
+2 316
-2 316
+2 158
+7 158
-9 474
+9 158
-7 158
+1 158
+1 158
+6 316
3728 128
+66 64
+1 64
-1 64
+1 128
+5 192
+1 320
+28 1160
+1 474
+1 158
-1 158
+4 316
+5 13
-2 26
+2 39
+1 26
+7 8
-1 8
+1 8
+1 24
+52 2271
3728 2271
3917 1634
+2 285
+3 95
-3 95
+3 190
+1 12
+67 1630
+1 815
+1 815
-1 815
+1 815
+1 1630
+1 2445
+5 3574
+16 2894
+2 5788
-4 7340
+8 776
+3 1552
+2 353
+1 353
+1 353
-2 1412
-27 353
2926 64
+2 64
-4 64
+2 128
3805 64
2927 64
+1 64
3805 64
3697 4
3878 725
3757 4210
+1 4138
+5 5472
-1 1824
+1 3648
+1 3648
-1 1824
+2 1824
+1 5472
+1 3648
+2 1988
+4 994
+6 994
-6 6958
+2 2982
+1 994
1868 2982
3773 830
+6 830
-6 5810
+2 2490
+1 830
1868 2490
4003 1656
+3 2068
-3 1308
+3 1624
-3 680
+3 993
+97 392
+1 784
+2 784
+3 1179
+17 9
3852 25
+3 1
+1 3
-3 12
+6 5
+7 4
-1 4
+1 4
+1 12
+2 4
+1 12
+2 4
+1 8
-1 1
+1 2
-11 2
4033 1269
+3 846
+2 423
+3 846
-3 423
+3 846
cfn=(2922)
calls=423 1451 
* 9151
+3 1692
+15 349
-5 349
+6 698
+3 1396
+1 349
+1 349
+3 698
+1 314
+1 698
+2 216
+3 864
+2 324
+1 108
1868 108
4081 108
1868 216
4075 1928
+2 723
+1 241
1868 241
4081 241
1868 556
4081 74
1868 148
4006 147
+2 588
+1 294
-1 52
+1 26
+38 74
-1 74
+1 148
-41 26
4114 389
-3 389
+1 778
+2 389
-1 389
+1 389
+2 389
+3 389
-5 1945
+2 389
1868 1231
2936 192
+1 128
+1 64
+1 64
3908 64
4141 12
cfn=(666) sysmalloc
calls=3 2255 
* 568
* 3
+1 6
1868 11
3926 2
+1 2
+2 1
-2 15
+6 4
+2 1
-1 2
+4 1
+1 3
cfn=(2922)
calls=1 1451 
* 31
-1 1
+1 3
cfn=(2922)
calls=1 1451 
* 31
-1 2
+4 6
+13 1
-4 1
+5 2
+3 4
+1 1
+1 1
+1 2
+5 8
+2 3
+1 1
1868 1
3973 1
1868 3
3973 1
1868 2
3945 1
-1 1
+1 2

fn=(1868)
4155 120186
+10 32778
+6 54630
+1 21852
+4 43704
+8 54630
-1 21852
+1 21852
+3 10837
+6 21674
+13 54185
+14 6118
+11 11564
+2 8673
1875 8673
4254 2891
+1 2891
+4 8673
+2 8673
+4 5782
+2 2891
+1 2891
+18 11344
4428 120186
4295 336
+3 168
+3 504
+7 168
-4 168
+4 336
+3 336
+5 504
+3 336
+1 336
+1 336
1875 504
4327 336
+1 28
+2 28
-1 28
+2 112
+2 56
cfn=(2922)
calls=28 1451 
* 513
+3 336
+5 318
+4 130
+9 130
-1 130
+2 260
-1 29
-1 29
+2 58
+2 636
+2 318
+5 159
+1 159
+2 477
+1 159
+30 336
+20 504
2924 15734
+4 7867
-2 15734
+1 7867
+1 7867
4209 7867
4361 246
+38 21
+3 21
-23 9
+1 27
+1 18
-39 29
+1 29
-1 29
cfn=(2922)
calls=29 1451 
* 620
+1 29
-30 504
-2 336
+89 12
cfn=(2980)
calls=6 +41 
* 20192
* 6
+4 35
+2 4
cfn=(9286)
calls=2 2741 
* 312
* 2

fn=(660)
2981 1
-9 1
+9 6
fi=(178) /build/glibc-B3wQXB/glibc-2.31/malloc/../sysdeps/unix/sysv/linux/x86/lowlevellock.h
47 2
fe=(172)
2982 3
cfn=(664)
calls=1 1208 
* 362
* 1
+1 2
+8 4
+7 2
+2 1
+1 2
-1 1
+1 86
+3 2

fn=(666)
2255 24
+20 6
+11 6
+1 15
fi=(174)
536 9
fe=(172)
2302 12
+66 3
+1 9
+1 3
+9 22
+6 9
+3 9
2705 6
+1 3
+5 6
+3 6
+2 6
+1 3
-1 3
+2 9
+1 3
+1 3
+2 3
-3 6
+1 3
+8 27
2449 27
+11 3
+8 9
+2 15
cfi=(179)
cfn=(668)
calls=3 46 
* 158
* 3
+1 3
+3 12
+3 6
+1 6
+46 20
+2 2
+6 4
-6 1
+6 6
+1 10
-8 2
2661 1
-1 1
+1 3
+1 1
+11 2
2535 4
+40 3
+22 1
+1 1
-1 1
+1 5
+2 2
+1 2
cfi=(179)
cfn=(668)
calls=1 46 
* 27
+12 2
+8 2
+1 9

fn=(992)
3131 170
+7 34
+1 34
+4 32
3254 1
3151 1
3254 6
3151 1
cfn=(832)
calls=1 3023 
* 189
-1 32
+6 15
-2 15
+5 15
-3 30
+2 30
+4 45
+1 45
+9 60
+1 30
1208 30
+2 90
3183 30
+71 135
-30 45

ob=(8)
fl=(151)
fn=(10922) 0x0000000000001360
0 5

fn=(476)
0 12

fn=(10912)
0 9
cob=(2)
cfi=(18)
cfn=(10918)
calls=1 0 
0 383
0 1
cfn=(10922)
calls=1 0 
0 5
0 3

ob=(22)
fl=(205)
fn=(10426) 0x0000000000045e80
0 4
cob=(2)
cfi=(18)
cfn=(10428)
calls=1 0 
0 1116
0 3

fn=(10464) 0x0000000000043220
0 5

fn=(1242)
0 3
cob=(2)
cfi=(18)
cfn=(1244)
calls=1 0 
0 1847
0 1
cfn=(1252) 0x0000000000045eb0
calls=1 0 
0 8
0 2
cob=(2)
cfi=(18)
cfn=(1256)
calls=1 0 
0 2304
0 3

fn=(10424)
0 3
cfn=(10426)
calls=1 0 
0 1123
0 2
cob=(2)
cfi=(18)
cfn=(10436)
calls=1 0 
0 3195
0 2
cob=(2)
cfi=(18)
cfn=(10448)
calls=1 0 
0 1822

ob=(3)
fl=(172)
fn=(992)
3226 60
cfn=(1866)
calls=15 4540 
* 3079
* 15
+1 150
-87 1
3254 7
3140 1
cfi=(173)
cfn=(994)
calls=1 37 
* 226

fn=(832)
3023 11503
+8 11503
-8 46012
+8 11503
+1 23006
1208 23006
+2 46012
3044 46012
+3 23006
+9 8733
+2 8733
cfn=(664)
calls=2911 1208 
* 633333
* 2911
+1 20377
+23 57515
1210 45972
3048 11414
+1 34242
2936 8592
+2 8592
-2 8592
+1 17184
+1 8592
+1 8592
3051 8592

fn=(2922)
1451 2121
+2 10605
+3 2121
+1 2121
+2 8484
+3 2121
+1 2121
+1 5355
+2 314
+1 471
+3 314
+14 157
+1 314
+3 4242

fn=(2886)
3087 21834
+5 21834
+1 21834
+6 21834
+5 10913
-2 10913
+2 21826
+18 32739
+2 32739
+1 10913
+1 10913
-1 10913
cfn=(1868)
calls=10913 4155 
* 753355
+1 8

fl=(194)
fn=(1012)
225 10273
+1 10273
+6 10273
+1 10273
+1 5558
+1 5558
+3 1026
+1 1026
+1 1026
+1 1026
+2 1026
+1 1026
+33 4715
+1 4715
+2 3374
+1 3374
+1 1778
+1 1778
+1 1079
+1 1079
+1 86
+1 2
+1 2
+2 86
+14 1341
+1 1341
+1 1341
+1 1341
+1 1341
+4 1596
+1 1596
+1 1596
+1 1596
+1 1596
+3 699
+1 699
+1 699
+1 699
+1 699
+3 993
+1 993
+1 993
+1 993
+1 993
+4 4532
+1 4532
+5 4532
+1 4532
+1 4532
+1 4532
+2 892
+1 892
+1 892
+1 892
+1 892
+1 892
+1 892
+1 892
+1 892
+1 892
+1 892
+1 892
+1 892
+1 892
+1 892
+1 892
+1 892
+1 892
+3 3640
+1 3640
+1 3640
+1 3640
+1 3640
+1 3640
+1 3640
+1 3640
+1 3640
+1 3640

fn=(9006)
212 31
+1 31
+1 31
+1 31
+17 31
+1 31
+1 1
+1 1
+42 30
+1 30
+2 28
+1 28
+1 26
+1 26
+1 21
+1 21
+1 14
+1 14
+1 14
+2 14
+14 2
+1 2
+1 2
+1 2
+1 2
+4 2
+1 2
+1 2
+1 2
+1 2
+3 5
+1 5
+1 5
+1 5
+1 5
+3 7
+1 7
+1 7
+1 7
+1 7
+4 1
+1 1
+5 1
+1 1
+1 1
+1 1
+22 1
+1 1
+1 1
+1 1
+1 1
+1 1
+1 1
+1 1
+1 1
+1 1

fl=(258)
fn=(7302)
32 9
+1 18
-1 36
+7 90
fi=(259)
+8 18
fe=(258)
-8 27
+1 9
fi=(256)
941 27
+2 18
+1 18
fe=(258)
40 18
cfi=(255)
cfn=(7306)
calls=9 793 
* 162
* 36
fi=(256)
884 18
+1 90
fe=(258)
44 45

fl=(91)
fn=(278)
29 1
fi=(287)
+3 3
-2 5
fe=(91)
-1 1

fl=(262) /build/glibc-B3wQXB/glibc-2.31/io/../sysdeps/unix/sysv/linux/ppoll.c
fn=(8780) ppoll
30 16
+4 4
+2 6
+8 18
+23 12

ob=(22)
fl=(205)
fn=(1236)
0 12

fn=(10454)
0 9
cob=(2)
cfi=(18)
cfn=(10460)
calls=1 0 
0 383
0 1
cfn=(10464)
calls=1 0 
0 5
0 3

fn=(1252)
0 8

ob=(6)
fl=(149)
fn=(10958) 0x0000000000004e40
0 5

fn=(10948)
0 9
cob=(2)
cfi=(18)
cfn=(10954)
calls=1 0 
0 383
0 1
cfn=(10958)
calls=1 0 
0 5
0 3

ob=(11)
fl=(155)
fn=(10864) 0x00000000000196a0
0 5

fn=(10854)
0 9
cob=(2)
cfi=(18)
cfn=(10860)
calls=1 0 
0 383
0 1
cfn=(10864)
calls=1 0 
0 5

ob=(6)
fl=(149)
fn=(456)
0 12

ob=(11)
fl=(155)
fn=(10854)
0 3

fn=(508)
0 12

ob=(16)
fl=(161)
fn=(10452) __glDispatchFini
0 10
cfn=(814) 0x0000000000041ba0
calls=2 0 
0 62
0 25
cfn=(10704) 0x0000000000040980
calls=1 0 
0 134
0 2
cfn=(10714) 0x0000000000041c90
calls=1 0 
0 18
0 1
cfn=(10716) 0x0000000000041210
calls=1 0 
0 34
0 5
cob=(5)
cfi=(177)
cfn=(650)
calls=2 356 
0 38

fn=(10594) __glDispatchGetCurrentThreadState
0 7
cob=(5)
cfi=(171)
cfn=(624)
calls=1 25 
0 13

fn=(10756) 0x0000000000040270
0 5

fn=(812) __glDispatchInit
0 10
cfn=(814)
calls=2 0 
0 62
0 23
cfn=(816) 0x0000000000041200
calls=1 0 
0 4
0 3
cfn=(820) 0x0000000000041c80
calls=1 0 
0 27
0 10
cfn=(822) 0x0000000000041840
calls=1 0 
0 8
0 2
cfn=(824) 0x0000000000040340
calls=1 0 
0 1290
0 6
cob=(5)
cfi=(177)
cfn=(650)
calls=2 356 
0 38

fn=(1260) __glDispatchRegisterStubCallbacks
0 8
cfn=(814)
calls=1 0 
0 31
0 3
cfn=(824)
calls=1 0 
0 223
0 4
cfn=(838) 0x0000000000041bc0
calls=1 0 
0 21
0 5

fn=(10716)
0 3
cfn=(10718) 0x00000000000418a0
calls=1 0 
0 2
0 8
cob=(2)
cfi=(18)
cfn=(10442)
calls=1 0 
0 12
0 9

fn=(822)
0 8

fn=(10704)
0 19
cob=(2)
cfi=(18)
cfn=(10442)
calls=1 0 
0 104
0 11

fn=(576) 0x0000000000041e30
0 4
cob=(2)
cfi=(18)
cfn=(578)
calls=1 0 
0 1360
0 5
cob=(2)
cfi=(18)
cfn=(594)
calls=1 0 
0 81761
0 8
cob=(2)
cfi=(18)
cfn=(594)
calls=1 0 
0 1262
0 8
cob=(2)
cfi=(18)
cfn=(594)
calls=1 0 
0 1470
0 8
cob=(2)
cfi=(18)
cfn=(594)
calls=1 0 
0 1409
0 8
cob=(2)
cfi=(18)
cfn=(594)
calls=1 0 
0 1310
0 8
cob=(2)
cfi=(18)
cfn=(594)
calls=1 0 
0 1345
0 8
cob=(2)
cfi=(18)
cfn=(594)
calls=1 0 
0 1296
0 8
cob=(2)
cfi=(18)
cfn=(594)
calls=1 0 
0 1437
0 8
cob=(2)
cfi=(18)
cfn=(594)
calls=1 0 
0 1371
0 8
cob=(2)
cfi=(18)
cfn=(594)
calls=1 0 
0 1370
0 8
cob=(2)
cfi=(18)
cfn=(594)
calls=1 0 
0 1429
0 8
cob=(2)
cfi=(18)
cfn=(594)
calls=1 0 
0 1390
0 22
cob=(2)
cfi=(18)
cfn=(594)
calls=1 0 
0 1224
0 8
cob=(2)
cfi=(18)
cfn=(594)
calls=1 0 
0 1341
0 8
cob=(2)
cfi=(18)
cfn=(594)
calls=1 0 
0 1419
0 8
cob=(2)
cfi=(18)
cfn=(594)
calls=1 0 
0 1350
0 8
cob=(2)
cfi=(18)
cfn=(594)
calls=1 0 
0 1314
0 9

fn=(820)
0 2
cob=(5)
cfi=(169)
cfn=(616)
calls=1 26 
0 25

fn=(10714)
0 2
cob=(5)
cfi=(277)
cfn=(10274)
calls=1 26 
0 16

fn=(10746)
0 9
cob=(2)
cfi=(18)
cfn=(10752)
calls=1 0 
0 383
0 1
cfn=(10756)
calls=1 0 
0 5
0 3

fn=(838)
0 2
cob=(5)
cfi=(177)
cfn=(650)
calls=1 356 
0 19

fn=(574)
0 3
cfn=(576)
calls=1 0 
0 105018
0 6
cob=(2)
cfi=(18)
cfn=(578)
calls=1 0 
0 381
0 4
cob=(2)
cfi=(18)
cfn=(578)
calls=1 0 
0 373
0 5

fn=(814)
0 12
cob=(5)
cfi=(165)
cfn=(600)
calls=6 64 
0 174

fn=(816)
0 4

fn=(10718)
0 2

fn=(568)
0 12

fn=(802) __glDispatchGetABIVersion
0 3

fn=(10440) __glDispatchUnregisterStubCallbacks
0 10
cfn=(814)
calls=1 0 
0 31
0 15
cob=(2)
cfi=(18)
cfn=(10442)
calls=1 0 
0 1107
0 10
cob=(5)
cfi=(177)
cfn=(650)
calls=1 356 
0 19

fn=(824)
0 12
cob=(2)
cfi=(18)
cfn=(828)
calls=2 0 
0 1449
0 52

ob=(23)
fl=(206)
fn=(1270)
0 12

fn=(10406)
0 9
cob=(2)
cfi=(18)
cfn=(10412)
calls=1 0 
0 383
0 1
cfn=(10416) 0x0000000000003c60
calls=1 0 
0 5
0 3

fn=(1268)
0 160

fn=(10416)
0 5

ob=(29)
fl=(214)
fn=(1520)
0 5
cob=(1)
cfi=(132)
cfn=(390)
calls=1 67 
0 1152
0 5

fn=(1686) qInf()
0 3

fn=(1932) QByteArray::append(char const*)
0 20
cob=(3)
cfi=(163)
cfn=(588)
calls=1 42 
0 16
cob=(1)
cfi=(132)
cfn=(391)
calls=1 67 
0 1055
0 6
0 22
cob=(3)
cfi=(194)
cfn=(1012)
calls=2 225 
0 24
0 2
0 28

fn=(3360)
0 6549
cob=(3)
cfi=(172)
cfn=(2886)
calls=1304 3087 
0 107736
cob=(1)
cfi=(132)
cfn=(390)
calls=1 67 
0 1085
0 1309
0 6

fn=(3648)
0 336

fn=(3664) 0x00000000000bd0c0
0 15
cfn=(1538)
calls=1 0 
0 14
0 12

fn=(3718) qt_addObject
0 24

fn=(3752)
0 36
cfn=(3648)
calls=4 0 
0 112
0 88

fn=(3894) QEvent::QEvent(QEvent::Type)
0 99

fn=(3896) QCoreApplication::sendEvent(QObject*, QEvent*)
0 45
cfn=(3898) QCoreApplication::notifyInternal2(QObject*, QEvent*)
calls=9 0 
0 666

fn=(4680) QLoggingCategory::defaultCategory()
0 19
cob=(24)
cfi=(207)
cfn=(1324)
calls=1 0 
0 19
0 1
0 8
cfn=(4682) QLoggingCategory::QLoggingCategory(char const*)
calls=1 0 
0 170255
0 3
cob=(24)
cfi=(207)
cfn=(1330)
calls=1 0 
0 8
0 1
0 4
cob=(3)
cfi=(208)
cfn=(1302)
calls=1 69 
0 72
0 1
0 1

fn=(4726) QFileInfo::exists(QString const&)
0 29
cfn=(4728) 0x00000000001f33f0
calls=1 0 
0 28
0 6
cfn=(4736) 0x00000000001f4ec0
calls=1 0 
0 135703
0 5
cob=(24)
cfi=(207)
cfn=(1544)
calls=1 0 
0 309
0 1
0 42
cfn=(5462) QDateTime::QDateTime()
calls=1 0 
0 3
0 9
cfn=(5462)
calls=3 0 
0 9
0 15
cfn=(5464) QFileInfo::QFileInfo(QFileInfoPrivate*)
calls=1 0 
0 6
0 2
cfn=(5466) QFileInfo::exists() const
calls=1 0 
0 2569
0 3
cfn=(5756) QFileInfo::~QFileInfo()
calls=1 0 
0 750
0 12

fn=(4754) 0x00000000001a7ee0
0 40

fn=(4774) 0x00000000001d8300
0 16
cob=(24)
cfi=(207)
cfn=(1544)
calls=1 0 
0 55
0 1
0 9
cfn=(4778) QLocale::QLocale()
calls=1 0 
0 134713
0 8
cfn=(5380) QResource::QResource(QString const&, QLocale const&)
calls=1 0 
0 230
0 8
cfn=(5096) QLocale::~QLocale()
calls=1 0 
0 7
0 5
cfn=(5418) QAbstractFileEngine::QAbstractFileEngine(QAbstractFileEnginePrivate&)
calls=1 0 
0 7
0 6
cfn=(5422) QResource::setFileName(QString const&)
calls=1 0 
0 118
0 11

fn=(4780) 0x00000000001175f0
0 15
cfn=(4786) QLocalePrivate::updateSystemPrivate()
calls=1 0 
0 134289
0 1

fn=(4786)
0 25
cfn=(4790) QSystemLocale::query(QSystemLocale::QueryType, QVariant) const
calls=1 0 
0 115100
0 2
cfn=(5250)
calls=1 0 
0 8
0 2
cfn=(5250)
calls=1 0 
0 8
0 4
cfn=(5252) QSystemLocale::fallbackUiLocale() const
calls=1 0 
0 15720
0 32
cfn=(5096)
calls=1 0 
0 102
0 9
cfn=(4790)
calls=1 0 
0 89
0 2
cfn=(5250)
calls=1 0 
0 8
0 2
cfn=(5312) QVariant::isNull() const
calls=1 0 
0 19
0 12
cfn=(4790)
calls=1 0 
0 89
0 12
cfn=(5250)
calls=1 0 
0 8
0 2
cfn=(5250)
calls=1 0 
0 8
0 2
cfn=(5312)
calls=1 0 
0 19
0 12
cfn=(4790)
calls=1 0 
0 89
0 12
cfn=(5250)
calls=1 0 
0 8
0 2
cfn=(5250)
calls=1 0 
0 8
0 2
cfn=(5312)
calls=1 0 
0 19
0 12
cfn=(4790)
calls=1 0 
0 101
0 12
cfn=(5250)
calls=1 0 
0 8
0 2
cfn=(5250)
calls=1 0 
0 8
0 2
cfn=(5312)
calls=1 0 
0 23
0 12
cfn=(4790)
calls=1 0 
0 101
0 12
cfn=(5250)
calls=1 0 
0 8
0 2
cfn=(5250)
calls=1 0 
0 8
0 2
cfn=(5312)
calls=1 0 
0 23
0 12
cfn=(4790)
calls=1 0 
0 101
0 12
cfn=(5250)
calls=1 0 
0 8
0 2
cfn=(5250)
calls=1 0 
0 8
0 2
cfn=(5312)
calls=1 0 
0 23
0 12
cfn=(4790)
calls=1 0 
0 100
0 12
cfn=(5250)
calls=1 0 
0 8
0 2
cfn=(5250)
calls=1 0 
0 8
0 2
cfn=(5312)
calls=1 0 
0 23
0 11
cfn=(4790)
calls=1 0 
0 101
0 12
cfn=(5250)
calls=1 0 
0 8
0 2
cfn=(5250)
calls=1 0 
0 8
0 2
cfn=(5312)
calls=1 0 
0 23
0 5
cfn=(5326) QVariant::toString() const
calls=1 0 
0 262
0 13
cfn=(5250)
calls=1 0 
0 8
0 15
cfn=(3360)
calls=1 0 
0 88
0 5
cfn=(5326)
calls=1 0 
0 262
0 6
cfn=(5356) 0x00000000000ac110
calls=1 0 
0 101
0 4
cfn=(5326)
calls=1 0 
0 262
0 15
cfn=(3360)
calls=1 0 
0 88
0 5
cfn=(5326)
calls=1 0 
0 262
0 6
cfn=(5356)
calls=1 0 
0 101
0 5
cfn=(5326)
calls=1 0 
0 262
0 6
cfn=(5356)
calls=1 0 
0 101
0 11
cob=(24)
cfi=(207)
cfn=(1324)
calls=1 0 
0 19
0 1
0 5
cfn=(4788) QSystemLocale::QSystemLocale(bool)
calls=1 0 
0 5
0 5
cob=(24)
cfi=(207)
cfn=(1330)
calls=1 0 
0 8
0 1
0 4
cob=(3)
cfi=(208)
cfn=(1302)
calls=1 69 
0 72
0 1
0 1

fn=(5040) QLocalePrivate::codeToCountry(QStringView)
0 126
cfn=(5042) QChar::toUpper(unsigned int)
calls=9 0 
0 225
0 27
cfn=(5042)
calls=9 0 
0 225
0 12474

fn=(5318) QLocale::decimalPoint() const
0 5

fn=(5326)
0 160
cfn=(5328) 0x00000000002cd400
calls=5 0 
0 1060
0 90

fn=(5364) QLocale::groupSeparator() const
0 5

fn=(5470) QResource::isValid() const
0 5
cfn=(5472) 0x00000000001d6650
calls=1 0 
0 2502
0 6

fn=(5496) QtPrivate::QContainerImplHelper::mid(int, int*, int*)
0 70

fn=(5654) 0x00000000001d8cc0
0 50

fn=(5756)
0 132
cfn=(5766) QDateTime::~QDateTime()
calls=6 0 
0 42
0 54
cfn=(5766)
calls=18 0 
0 126
0 686
cfn=(5794) 0x00000000001d2f50
calls=1 0 
0 464
0 136
cob=(24)
cfi=(207)
cfn=(3438)
calls=6 0 
0 540
0 6
0 15
cfn=(3360)
calls=3 0 
0 264
0 3

fn=(6030) 0x00000000001f4200
0 26

fn=(6200) QFileDevice::unsetError()
0 8

fn=(6212) QFSFileEngine::open(QFlags<QIODevice::OpenModeFlag>)
0 17
cfn=(6214) processOpenModeFlags(QFlags<QIODevice::OpenModeFlag>)
calls=1 0 
0 35
0 12
cfn=(6216) 0x00000000002249f0
calls=1 0 
0 3112
0 17

fn=(6282) QArrayData::reallocateUnaligned(QArrayData*, unsigned long, unsigned long, QFlags<QArrayData::AllocationOption>)
0 132
cfn=(1578) qCalculateGrowingBlockSize(unsigned long, unsigned long, unsigned long)
calls=11 0 
0 495
0 44
cob=(3)
cfi=(172)
cfn=(992)
calls=11 3131 
0 2914
0 11
0 110

fn=(6378) QAbstractFileEngine::setError(QFileDevice::FileError, QString const&)
0 7
cfn=(4910)
calls=1 0 
0 26

fn=(6402) QFileDevice::~QFileDevice()
0 7
cfn=(6404) QFileDevice::close()
calls=1 0 
0 27
0 3
cfn=(6406)
calls=1 0 
0 1515

fn=(6416) 0x00000000001bbbe0
0 15
cfn=(6424) 0x00000000001bea10
calls=1 0 
0 571
0 4
cob=(24)
cfi=(207)
cfn=(3438)
calls=1 0 
0 90
0 1

fn=(6424)
0 10
cfn=(6428) QFSFileEngine::~QFSFileEngine()
calls=1 0 
0 378
0 4
cfn=(6466)
calls=1 0 
0 179

fn=(6428)
0 4
cfn=(6429) QFSFileEngine::~QFSFileEngine()'2
calls=1 0 
0 279
0 4
cob=(24)
cfi=(207)
cfn=(3438)
calls=1 0 
0 90
0 1

fn=(6429)
0 13
cfn=(6430) 0x00000000001f2330
calls=1 0 
0 20
0 5
cfn=(5796) QAbstractFileEngine::~QAbstractFileEngine()
calls=1 0 
0 241

fn=(6430)
0 20

fn=(6470) QObjectData::~QObjectData()
0 136
cfn=(6160)
calls=3 0 
0 275
0 6

fn=(6928)
0 30
cob=(3)
cfi=(238)
cfn=(3218)
calls=2 31 
0 42
cob=(1)
cfi=(132)
cfn=(390)
calls=1 67 
0 1218
0 7
0 24

fn=(7328) 0x0000000000313ec0
0 24
cfn=(5096)
calls=2 0 
0 14
0 28
cfn=(4590) QTextCodec::ConverterState::~ConverterState()
calls=2 0 
0 14
0 4
cfn=(4590)
calls=2 0 
0 14
0 14
cfn=(6408)
calls=2 0 
0 472

fn=(7486) QString::replace(QChar const*, int, QChar const*, int, Qt::CaseSensitivity)
0 48
cfn=(7488) QStringMatcher::QStringMatcher(QChar const*, int, Qt::CaseSensitivity)
calls=1 0 
0 96
0 16
cob=(3)
cfi=(172)
cfn=(2886)
calls=1 3087 
0 10
0 1
0 2
cob=(3)
cfi=(172)
cfn=(2886)
calls=1 3087 
0 10
0 1
0 2
cfn=(7518) QStringMatcher::~QStringMatcher()
calls=1 0 
0 8
0 6
cfn=(7502) QStringMatcher::indexIn(QString const&, int) const
calls=1 0 
0 175
0 9

fn=(7488)
0 96

fn=(7556) 0x0000000000125cc0
0 1122

fn=(7654) QUrl::setPort(int)
0 13
cfn=(7472) QUrl::detach()
calls=1 0 
0 19
0 23

fn=(8146)
0 28
cfn=(8148) QListData::remove(int)
calls=2 0 
0 34
0 16

fn=(8696) QMetaType::convert(void const*, int, void*, int)
0 76
cfn=(5310) QReadWriteLock::lockForRead()
calls=4 0 
0 24
0 24
cfn=(2128) QReadWriteLock::unlock()
calls=4 0 
0 68
0 88

fn=(8742)
0 16

fn=(9742) 0x00000000002d40c0
0 18
cfn=(9744) 0x00000000002d5fc0
calls=1 0 
0 10
0 44
cfn=(9774) 0x00000000002e1440
calls=1 0 
0 200
0 23
cfn=(9572) QReadWriteLock::~QReadWriteLock()
calls=1 0 
0 17
0 19
cfn=(6160)
calls=1 0 
0 105
0 5

fn=(9774)
0 6
cfn=(9776) QTextCodec::~QTextCodec()
calls=1 0 
0 79
0 4
cob=(24)
cfi=(207)
cfn=(3438)
calls=1 0 
0 110
0 1

fn=(10234)
0 7
cfn=(10010)
calls=1 0 
0 283
0 2

fn=(10266)
0 5
cob=(5)
cfi=(167)
cfn=(606)
calls=1 136 
0 6
0 1
0 2
cob=(1)
cfi=(132)
cfn=(390)
calls=1 67 
0 1022
0 5
0 3

fn=(1554) QThread::currentThreadId()
0 30
cob=(3)
cfi=(215)
cfn=(1560)
calls=14 24 
0 42
cob=(1)
cfi=(132)
cfn=(390)
calls=1 67 
0 1064
0 19

fn=(1570) 0x00000000001d9200
0 48
cfn=(1574) 0x00000000001d90f0
calls=1 0 
0 1383
0 14
cfn=(1756) QListData::append()
calls=4 0 
0 1458
0 20

fn=(1624) QWaitCondition::QWaitCondition()
0 24
cob=(24)
cfi=(207)
cfn=(1544)
calls=2 0 
0 257
0 2
0 8
cob=(5)
cfi=(191)
cfn=(954)
calls=1 53 
0 30
cob=(1)
cfi=(132)
cfn=(391)
calls=1 67 
0 896
0 6
0 8
cfn=(1630) 0x00000000000c4660
calls=2 0 
0 38
0 8
cob=(5)
cfi=(217)
cfn=(1640)
calls=1 25 
0 4
cob=(1)
cfi=(132)
cfn=(391)
calls=1 67 
0 935
0 6
0 2
cfn=(1642) QElapsedTimer::clockType()
calls=2 0 
0 6
0 10
cob=(5)
cfi=(219)
cfn=(1654)
calls=1 28 
0 17
cob=(1)
cfi=(132)
cfn=(391)
calls=1 67 
0 1094
0 6
0 8
cfn=(1630)
calls=2 0 
0 38
0 4
cob=(5)
cfi=(220)
cfn=(1660)
calls=1 24 
0 3
cob=(1)
cfi=(132)
cfn=(391)
calls=1 67 
0 1001
0 6
0 26
cob=(5)
cfi=(218)
cfn=(1648)
calls=1 29 
0 11
cob=(1)
cfi=(132)
cfn=(391)
calls=1 67 
0 996
0 6
0 2

fn=(1642)
0 6

fn=(1908) QMetaObject::className() const
0 34

fn=(2106) 0x00000000000ac0d0
0 36

fn=(3692) 0x00000000000bd580
0 12
cob=(24)
cfi=(207)
cfn=(1544)
calls=1 0 
0 55
0 1
0 4
cfn=(3648)
calls=1 0 
0 28
0 6
cfn=(1538)
calls=1 0 
0 14
0 8
cfn=(1624)
calls=1 0 
0 217
0 7
cfn=(3704) QThread::QThread(QThreadPrivate&, QObject*)
calls=1 0 
0 849
0 7
cfn=(3722) 0x00000000000bdf90
calls=1 0 
0 2
0 8

fn=(3728) 0x00000000000bcaf0
0 48

fn=(3864) QObject::thread() const
0 25

fn=(3874) 0x0000000000271520
0 60
cfn=(1576)
calls=4 0 
0 759
0 164

fn=(3898)
0 108
cfn=(3900) QCoreApplicationPrivate::threadRequiresCoreApplication()
calls=9 0 
0 405
0 153

fn=(3910)
0 136
cfn=(3912) QMetaObject::static_metacall(QMetaObject::Call, int, void**) const
calls=4 0 
0 136
0 80
cfn=(3932) QMetaObjectPrivate::signalOffset(QMetaObject const*)
calls=4 0 
0 62
0 56
cfn=(3934) QObjectPrivate::connectImpl(QObject const*, int, QObject const*, void**, QtPrivate::QSlotObjectBase*, Qt::ConnectionType, int const*, QMetaObject const*)
calls=4 0 
0 1821
0 8

fn=(3912)
0 28
cfn=(3996) 0x00000000001c5690
calls=2 0 
0 32
cob=(32)
cfi=(223)
cfn=(3914) 0x00000000000eff50
calls=2 0 
0 64
0 12

fn=(3972) QMetaObjectPrivate::signal(QMetaObject const*, int)
0 48
cfn=(3932)
calls=4 0 
0 62
0 60

fn=(3974)
0 64

fn=(4648) QString::reallocData(unsigned int, bool)
0 310
cfn=(1804)
calls=10 0 
0 1268
0 150
cob=(3)
cfi=(194)
cfn=(1012)
calls=10 225 
0 137
0 10
0 182
cfn=(6282)
calls=5 0 
0 2240
0 40

fn=(4658)
0 40
cfn=(7326) QTextStream::~QTextStream()
calls=2 0 
0 806
0 12
cob=(24)
cfi=(207)
cfn=(3438)
calls=2 0 
0 200
0 2
0 8
cfn=(4666) qt_message_output(QtMsgType, QMessageLogContext const&, QString const&)
calls=2 0 
0 189535
0 14
cfn=(4660) QString::endsWith(QChar, Qt::CaseSensitivity) const
calls=2 0 
0 36
0 20
cfn=(3360)
calls=2 0 
0 176
0 10
cfn=(4662) QString::chop(int)
calls=2 0 
0 80
0 2

fn=(4698) 0x00000000001f92e0
0 21
cfn=(1728) qgetenv(char const*)
calls=1 0 
0 502
0 8
cfn=(1728)
calls=1 0 
0 513
0 4
cfn=(4706) QByteArray::replace(char, char)
calls=1 0 
0 14
0 22
cfn=(4718) QLibraryInfo::location(QLibraryInfo::LibraryLocation)
calls=1 0 
0 143290
0 3
cfn=(5882) QDir::QDir(QString const&)
calls=1 0 
0 1061
0 7
cfn=(6020) QDir::absoluteFilePath(QString const&) const
calls=1 0 
0 795
0 2
cfn=(6112) QDir::~QDir()
calls=1 0 
0 384
0 12
cfn=(6184) 0x00000000001f8f90
calls=1 0 
0 6044
0 18
cfn=(4880)
calls=1 0 
0 170
0 9
cfn=(6494) QString::append(QString const&)
calls=1 0 
0 260
0 6
cfn=(6498) QStandardPaths::locate(QStandardPaths::StandardLocation, QString const&, QFlags<QStandardPaths::LocateOption>)
calls=1 0 
0 14090
0 24
cfn=(1550)
calls=1 0 
0 6
0 38
cfn=(1602)
calls=1 0 
0 9
0 65
cfn=(3360)
calls=1 0 
0 88
0 4
cfn=(3360)
calls=1 0 
0 88
0 4
cfn=(3360)
calls=1 0 
0 88
0 4
cfn=(3360)
calls=1 0 
0 88
0 6

fn=(4722) 0x00000000000b3e30
0 14
cfn=(4724) QFile::exists(QString const&)
calls=1 0 
0 139503
0 22

fn=(4744) 0x00000000001f3550
0 328

fn=(4778)
0 56
cob=(24)
cfi=(207)
cfn=(1324)
calls=1 0 
0 19
0 1
0 8
cob=(24)
cfi=(207)
cfn=(1544)
calls=1 0 
0 250
0 1
0 9
cob=(24)
cfi=(207)
cfn=(1330)
calls=1 0 
0 8
0 1
0 4
cob=(3)
cfi=(208)
cfn=(1302)
calls=1 69 
0 72
0 1
0 2
cfn=(4780)
calls=1 0 
0 134305
0 3

fn=(4880)
0 450
cfn=(1804)
calls=25 0 
0 8538
0 325
cfn=(4882) 0x000000000013f1c0
calls=25 0 
0 3690
0 175

fn=(5074) 0x00000000001155a0
0 198

fn=(5250)
0 176

fn=(5366) QLocale::zeroDigit() const
0 5

fn=(5368) QLocale::negativeSign() const
0 5

fn=(5370) QLocale::positiveSign() const
0 5

fn=(5380)
0 11
cob=(24)
cfi=(207)
cfn=(1544)
calls=1 0 
0 55
0 1
0 3
cfn=(4778)
calls=1 0 
0 27
0 9
cfn=(5382) 0x00000000001d4d60
calls=1 0 
0 80
0 4
cfn=(4910)
calls=1 0 
0 24
0 3
cfn=(5408) QLocale::operator=(QLocale const&)
calls=1 0 
0 7
0 6

fn=(5482) QString::startsWith(QChar, Qt::CaseSensitivity) const
0 36

fn=(5528) QDir::cleanPath(QString const&)
0 87
cfn=(5530) QDir::separator()
calls=3 0 
0 9
0 30
cfn=(5532) 0x00000000001afa50
calls=3 0 
0 974
0 72
cfn=(4660)
calls=3 0 
0 54
0 18

fn=(5620) 0x000000000013c270
0 279

fn=(5686) qt_hash(QStringView, unsigned int)
0 145

fn=(5894) 0x00000000001f33c0
0 32

fn=(6238) QTextCodec::fromUnicode(QStringView) const
0 78
cfn=(6240) 0x00000000002e1d90
calls=6 0 
0 4903
0 42

fn=(6540) QString::mid(int, int) const
0 26
cfn=(5496)
calls=2 0 
0 46
0 20
cfn=(5508) QString::QString(QChar const*, int)
calls=2 0 
0 315
0 10

fn=(6574) 0x0000000000229810
0 14
cfn=(1728)
calls=1 0 
0 342
0 2
cfn=(4864) QByteArray::isNull() const
calls=1 0 
0 5
0 10
cfn=(5528)
calls=1 0 
0 364
0 93
cfn=(5258) QString::fromLocal8Bit_helper(char const*, int)
calls=1 0 
0 581
0 8
cfn=(3360)
calls=1 0 
0 88
0 4

fn=(6614) QAbstractConcatenable::appendLatin1To(char const*, int, QChar*)
0 26

fn=(6768) 0x0000000000112d20
0 9
cfn=(1728)
calls=1 0 
0 504
0 2
cfn=(4864)
calls=1 0 
0 5
0 3
cfn=(6776) QRandomGenerator64::system()
calls=1 0 
0 3
0 4
cfn=(6780) QRandomGenerator::_fillRange(void*, void*)
calls=1 0 
0 66
0 14

fn=(6828) QHashData::allocateNode(int)
0 22
cob=(3)
cfi=(172)
cfn=(832)
calls=2 3023 
0 84
0 2
0 2

fn=(7422) QIODevicePrivate::setReadChannelCount(int)
0 56
cfn=(7930) 0x00000000001c9e40
calls=1 0 
0 384
0 50
cfn=(7424) 0x00000000001c9a70
calls=1 0 
0 29
0 14
cfn=(1804)
calls=1 0 
0 19
0 2

fn=(7470) QUrl::setScheme(QString const&)
0 14
cfn=(7472)
calls=1 0 
0 89
0 26

fn=(7518)
0 8

fn=(7534) 0x00000000001c4280
0 306

fn=(7692)
0 71
cob=(24)
cfi=(207)
cfn=(3438)
calls=1 0 
0 90
0 1
0 6
cfn=(3360)
calls=1 0 
0 88
0 1

fn=(7926) QIODevice::isReadable() const
0 3
cfn=(7928) QIODevice::openMode() const
calls=1 0 
0 4
0 3

fn=(7994) QIODevice::isWritable() const
0 3
cfn=(7928)
calls=1 0 
0 4
0 4

fn=(8004) QMetaObject::activate(QObject*, int, int, void**)
0 255

fn=(8284) 0x00000000002bb490
0 52

fn=(8716) QMetaType::typeFlags(int)
0 48
cfn=(1956) 0x00000000002975b0
calls=2 0 
0 18
0 8
cfn=(2004) 0x0000000000297630
calls=2 0 
0 16
0 6
cfn=(8718) 0x0000000000297520
calls=2 0 
0 36
0 40
cfn=(2128)
calls=2 0 
0 34
0 2

fn=(8892) 0x00000000002b4150
0 31
cfn=(1550)
calls=1 0 
0 6
0 6
cfn=(1602)
calls=1 0 
0 9
0 13

fn=(8996) 0x0000000000314fa0
0 24
cfn=(4646) QString::append(QChar const*, int)
calls=3 0 
0 640

fn=(9022) QObjectPrivate::Connection::~Connection()
0 64

fn=(9508) 0x000000000029f5a0
0 47
cfn=(9528) QHashData::freeNode(void*)
calls=1 0 
0 109
0 21

fn=(9606)
0 3
cfn=(9608) QLoggingCategory::~QLoggingCategory()
calls=1 0 
0 213
0 6

fn=(9744)
0 10

fn=(10010)
0 105
cfn=(1550)
calls=5 0 
0 200
0 25
cfn=(1602)
calls=5 0 
0 95
0 475
cfn=(8148)
calls=5 0 
0 109
0 35
cfn=(10012) 0x00000000001d8d10
calls=5 0 
0 570
0 15

fn=(10166)
0 9
cob=(2)
cfi=(18)
cfn=(10172)
calls=1 0 
0 2865
0 1
cfn=(10280) 0x00000000000a22f0
calls=1 0 
0 5
0 3

fn=(10280)
0 5

fn=(4594)
0 60
cfn=(4596) 0x00000000002e21b0
calls=6 0 
0 1697
0 42

fn=(1726) qRandomCpu(void*, long long)
0 51

fn=(1924) QByteArray::reallocData(unsigned int, QFlags<QArrayData::AllocationOption>)
0 122
cfn=(1804)
calls=2 0 
0 204
0 28
cob=(3)
cfi=(194)
cfn=(1012)
calls=2 225 
0 28
0 2
0 44
cfn=(6282)
calls=6 0 
0 1466
0 48

fn=(1944)
0 93

fn=(2004)
0 33
cob=(24)
cfi=(207)
cfn=(1324)
calls=1 0 
0 19
0 1
0 8
cfn=(2014) QReadWriteLock::QReadWriteLock(QReadWriteLock::RecursionMode)
calls=1 0 
0 13
0 3
cob=(24)
cfi=(207)
cfn=(1330)
calls=1 0 
0 8
0 1
0 4
cob=(3)
cfi=(208)
cfn=(1302)
calls=1 69 
0 72
0 1
0 1

fn=(2030) QReadWriteLock::lockForWrite()
0 21
cfn=(2032) QReadWriteLock::tryLockForWrite(int)
calls=7 0 
0 49

fn=(2056) 0x000000000029fc80
0 51
cfn=(2060) 0x0000000000135920
calls=1 0 
0 10
0 8
cfn=(2070) 0x000000000029f790
calls=1 0 
0 349
0 6
cfn=(2070)
calls=1 0 
0 360
0 44
cfn=(2106)
calls=2 0 
0 16
0 33
cfn=(2060)
calls=1 0 
0 10
0 4

fn=(2186)
0 16
cfn=(1550)
calls=2 0 
0 12
0 61
cfn=(2188) 0x00000000000c4320
calls=1 0 
0 360
0 13
cfn=(1602)
calls=1 0 
0 9
0 7
cfn=(1602)
calls=1 0 
0 9
0 2
cob=(24)
cfi=(207)
cfn=(1324)
calls=1 0 
0 19
0 1
0 7
cob=(24)
cfi=(207)
cfn=(1330)
calls=1 0 
0 8
0 1
0 4
cob=(3)
cfi=(208)
cfn=(1302)
calls=1 69 
0 72
0 1
0 11

fn=(3844) QListData::prepend()
0 42
cob=(1)
cfi=(132)
cfn=(391)
calls=1 67 
0 946
0 5
0 6
cob=(3)
cfi=(194)
cfn=(1012)
calls=1 225 
0 11
0 1
0 24
cfn=(1860) QListData::realloc_grow(int)
calls=2 0 
0 708
0 24

fn=(3862)
0 16
cfn=(3706)
calls=4 0 
0 1563
0 20

fn=(3936) QObjectPrivate::addConnection(int, QObjectPrivate::Connection*)
0 127
cfn=(3970) QObjectPrivate::cleanConnectionLists()
calls=4 0 
0 80
0 133
cfn=(3938) 0x00000000002bb570
calls=1 0 
0 57
0 14
cfn=(3938)
calls=1 0 
0 278
0 4
cob=(24)
cfi=(207)
cfn=(1544)
calls=1 0 
0 55
0 1
0 10

fn=(4024) 0x00000000002d3fe0
0 154
cob=(24)
cfi=(207)
cfn=(1324)
calls=1 0 
0 19
0 1
0 10
cfn=(2014)
calls=1 0 
0 13
0 8
cob=(24)
cfi=(207)
cfn=(1330)
calls=1 0 
0 8
0 1
0 4
cob=(3)
cfi=(208)
cfn=(1302)
calls=1 69 
0 72
0 1
0 1

fn=(4060) 0x00000000002e8870
0 14
cfn=(4062) qstrcmp(char const*, char const*)
calls=1 0 
0 958
0 5
cfn=(4062)
calls=1 0 
0 30
0 9
cob=(1)
cfi=(132)
cfn=(390)
calls=1 67 
0 8084
0 5
0 9
cfn=(4062)
calls=1 0 
0 30
0 3
cfn=(4024)
calls=1 0 
0 9
0 9
cfn=(1738) QByteArray::QByteArray(char const*, int)
calls=1 0 
0 341
0 27
cfn=(3360)
calls=1 0 
0 88
0 29
cfn=(4062)
calls=1 0 
0 30
0 5
cfn=(4062)
calls=1 0 
0 30
0 5
cfn=(4062)
calls=1 0 
0 30
0 5
cfn=(4062)
calls=1 0 
0 30
0 6
cfn=(4062)
calls=1 0 
0 30
0 10
cfn=(4062)
calls=1 0 
0 30
0 5
cfn=(4062)
calls=1 0 
0 30
0 4
cob=(24)
cfi=(207)
cfn=(1544)
calls=1 0 
0 279
0 1
0 3
cfn=(4562) QTextCodec::QTextCodec()
calls=1 0 
0 285
0 7
cfn=(4062)
calls=1 0 
0 30
0 5
cfn=(4062)
calls=1 0 
0 30
0 5

fn=(4684) QLoggingCategory::init(char const*, QtMsgType)
0 12
cfn=(4686) 0x00000000001fa4e0
calls=1 0 
0 167903
0 22
cfn=(1550)
calls=1 0 
0 6
0 17
cfn=(6834) 0x00000000001fa5e0
calls=1 0 
0 491
0 11
cfn=(1602)
calls=1 0 
0 9
0 6
cfn=(6766) QHashData::detach_helper(void (*)(QHashData::Node*, void*), void (*)(QHashData::Node*), int, int)
calls=1 0 
0 714
0 16
cfn=(6828)
calls=1 0 
0 55
0 14
cfn=(6814) QHashData::rehash(int)
calls=1 0 
0 960
0 14

fn=(4728)
0 72
cfn=(4730) QDir::fromNativeSeparators(QString const&)
calls=9 0 
0 88
0 99

fn=(4790)
0 329
cfn=(4792) 0x00000000001597f0
calls=1 0 
0 56014
0 112
cob=(24)
cfi=(207)
cfn=(1324)
calls=1 0 
0 19
0 1
0 5
cfn=(2014)
calls=1 0 
0 13
0 4
cfn=(4020) QLocale::QLocale(QLocale::Language, QLocale::Country)
calls=1 0 
0 15
0 4
cfn=(4020)
calls=1 0 
0 15
0 4
cfn=(4020)
calls=1 0 
0 15
0 4
cfn=(4020)
calls=1 0 
0 15
0 7
cfn=(4792)
calls=1 0 
0 58834
0 3
cob=(24)
cfi=(207)
cfn=(1330)
calls=1 0 
0 8
0 1
0 4
cob=(3)
cfi=(208)
cfn=(1302)
calls=1 69 
0 72
0 1
0 25
cfn=(5310)
calls=8 0 
0 48
0 81
cfn=(2128)
calls=8 0 
0 136
0 9
cfn=(5368)
calls=1 0 
0 5
0 15
cfn=(5320) QVariant::QVariant(QChar)
calls=5 0 
0 20
0 6
cfn=(5364)
calls=1 0 
0 5
0 2
cfn=(5318)
calls=1 0 
0 5
0 2
cfn=(5370)
calls=1 0 
0 5
0 2
cfn=(5366)
calls=1 0 
0 5
0 1

fn=(4910)
0 1452

fn=(4944) QtPrivate::qustrchr(QStringView, unsigned short)
0 1838

fn=(5036) QChar::toLower(unsigned int)
0 450

fn=(5042)
0 450

fn=(5044) 0x0000000000121330
0 189
cfn=(5046) 0x0000000000115ba0
calls=9 0 
0 71775
0 72
cfn=(5074)
calls=9 0 
0 198
0 117

fn=(5096)
0 147
cob=(24)
cfi=(207)
cfn=(3438)
calls=8 0 
0 800
cob=(1)
cfi=(132)
cfn=(390)
calls=1 67 
0 932
0 13
0 8

fn=(5328)
0 285
cfn=(5346) QString::operator=(QChar)
calls=5 0 
0 770
0 5

fn=(5382)
0 75
cfn=(5386) 0x00000000000b5140
calls=3 0 
0 42
0 6
cfn=(5386)
calls=3 0 
0 42
0 81

fn=(5386)
0 457
cfn=(3360)
calls=9 0 
0 830
0 24
cfn=(6160)
calls=3 0 
0 275
0 12

fn=(5408)
0 7

fn=(5466)
0 15
cfn=(5468) 0x00000000001d77d0
calls=1 0 
0 2541
0 13

fn=(5538) 0x0000000000150c70
0 60

fn=(5648) 0x00000000001d3110
0 130
cfn=(5654)
calls=5 0 
0 25
0 75
cfn=(4904) QString::operator==(QLatin1String) const
calls=5 0 
0 40
0 310
cfn=(5686)
calls=5 0 
0 145
0 260

fn=(5794)
0 6
cfn=(5796)
calls=1 0 
0 363
0 4
cob=(24)
cfi=(207)
cfn=(3438)
calls=1 0 
0 90
0 1

fn=(6160)
0 26
cob=(3)
cfi=(172)
cfn=(2886)
calls=13 3087 
0 1182
0 13

fn=(6198) QIODevice::isOpen() const
0 12

fn=(6348) qt_error_string(int)
0 11
cfn=(6350) 0x00000000002d9cb0
calls=1 0 
0 290
0 7

fn=(6404)
0 11
cfn=(6198)
calls=1 0 
0 6
0 10

fn=(6568) QStandardPaths::writableLocation(QStandardPaths::StandardLocation)
0 24
cfn=(1728)
calls=1 0 
0 761
0 2
cfn=(4864)
calls=1 0 
0 5
0 12
cfn=(6570) QStandardPaths::isTestModeEnabled()
calls=1 0 
0 3
0 34
cfn=(6572) QDir::homePath()
calls=1 0 
0 1526
0 6
cfn=(4598) QString::QString(int, Qt::Initialization)
calls=1 0 
0 127
0 9
cob=(3)
cfi=(194)
cfn=(1012)
calls=1 225 
0 11
0 1
0 4
cfn=(6614)
calls=1 0 
0 26
0 22
cfn=(3360)
calls=1 0 
0 88
0 1

fn=(6926) 0x00000000000b8ba0
0 22
cfn=(6928)
calls=1 0 
0 1241
0 3
cfn=(1728)
calls=1 0 
0 505
0 2
cfn=(4864)
calls=1 0 
0 5
0 28
cfn=(4880)
calls=1 0 
0 208
0 4
cfn=(6950) 0x00000000000b7b10
calls=1 0 
0 10165
0 13
cfn=(3360)
calls=1 0 
0 88
0 4

fn=(7502)
0 18
cfn=(7504) 0x000000000013ce00
calls=1 0 
0 155
0 2

fn=(8002)
0 45
cfn=(3932)
calls=5 0 
0 90
0 40
cfn=(8004)
calls=5 0 
0 255

fn=(8592) QByteArray::append(char const*, int)
0 24
cob=(3)
cfi=(194)
cfn=(1012)
calls=1 225 
0 13
0 1
0 19

fn=(8688)
0 86
cfn=(8696)
calls=2 0 
0 140
0 56
cfn=(8716)
calls=2 0 
0 208
0 54
cfn=(8696)
calls=2 0 
0 140
0 24

fn=(9018) QMutex::tryLock(int)
0 28

fn=(9528)
0 12
cob=(3)
cfi=(172)
cfn=(2886)
calls=2 3087 
0 204
0 2

fn=(9572)
0 68

fn=(9578)
0 3
cfn=(9580) 0x00000000000b79b0
calls=1 0 
0 388
0 6

fn=(9726)
0 5
cfn=(9728) QSystemLocale::~QSystemLocale()
calls=1 0 
0 7
0 6

fn=(9734)
0 3
cfn=(9664)
calls=1 0 
0 163
0 6

fn=(10012)
0 15
cob=(24)
cfi=(207)
cfn=(3438)
calls=5 0 
0 550
0 5

fn=(10162)
0 5

fn=(10256)
0 3
cfn=(10258) 0x0000000000280300
calls=1 0 
0 25
0 2

fn=(1528)
0 5
cob=(3)
cfi=(208)
cfn=(1302)
calls=1 69 
0 72
0 1

fn=(1530)
0 7
cfn=(1532)
calls=1 0 
0 5892
0 5
cob=(3)
cfi=(208)
cfn=(1302)
calls=1 69 
0 72
0 1

fn=(1712) QVariantPrivate::registerHandler(int, QVariant::Handler const*)
0 10

fn=(1804)
0 25408
cfn=(1580) qCalculateBlockSize(unsigned long, unsigned long, unsigned long)
calls=1084 0 
0 17344
0 2168
cob=(3)
cfi=(172)
cfn=(832)
calls=1084 3023 
0 52942
0 1084
0 261
cob=(3)
cfi=(172)
cfn=(832)
calls=261 3023 
0 15838
0 261
0 29851
cfn=(1578)
calls=261 0 
0 11745
0 783

fn=(1952) QMetaType::registerNormalizedType(QByteArray const&, void (*)(void*), void* (*)(void*, void const*), int, QFlags<QMetaType::TypeFlag>, QMetaObject const*)
0 16
cfn=(1954) 0x000000000029c220
calls=2 0 
0 5405
0 4

fn=(2014)
0 52

fn=(3712) 0x00000000000bcae0
0 36

fn=(4562)
0 19
cfn=(1550)
calls=1 0 
0 33
0 1
cfn=(4024)
calls=1 0 
0 9
0 8
cfn=(4566) 0x00000000002e7500
calls=1 0 
0 190
0 9
cfn=(1602)
calls=1 0 
0 16

fn=(4566)
0 15
cfn=(1576)
calls=1 0 
0 134
0 41

fn=(4644)
0 50
cfn=(4646)
calls=2 0 
0 516
0 22

fn=(4706)
0 14

fn=(4792)
0 40
cfn=(1728)
calls=2 0 
0 842
0 18
cfn=(1728)
calls=2 0 
0 842
0 16
cfn=(1728)
calls=2 0 
0 842
0 16
cfn=(1728)
calls=2 0 
0 842
0 14
cfn=(1728)
calls=2 0 
0 850
0 38
cfn=(1728)
calls=2 0 
0 858
0 28
cfn=(1728)
calls=2 0 
0 1156
0 52
cfn=(4864)
calls=2 0 
0 10
0 14
cfn=(4902) QLocale::QLocale(QString const&)
calls=2 0 
0 28577
0 12
cfn=(5096)
calls=2 0 
0 955
0 22
cfn=(4864)
calls=2 0 
0 10
0 12
cfn=(4902)
calls=2 0 
0 24852
0 12
cfn=(5096)
calls=2 0 
0 109
0 22
cfn=(4864)
calls=2 0 
0 10
0 12
cfn=(4902)
calls=2 0 
0 25089
0 12
cfn=(5096)
calls=2 0 
0 109
0 22
cfn=(4864)
calls=2 0 
0 10
0 10
cfn=(4902)
calls=2 0 
0 25029
0 12
cfn=(5096)
calls=2 0 
0 109
0 108
cfn=(2128)
calls=2 0 
0 34
0 176
cfn=(4880)
calls=2 0 
0 348
0 162
cfn=(4880)
calls=2 0 
0 348
0 162
cfn=(4880)
calls=2 0 
0 348
0 162
cfn=(4880)
calls=2 0 
0 348
0 8
cfn=(3360)
calls=1 0 
0 88
0 7
cfn=(3360)
calls=2 0 
0 176
0 8
cfn=(3360)
calls=2 0 
0 176
0 8
cfn=(3360)
calls=2 0 
0 176
0 8
cfn=(3360)
calls=2 0 
0 176
0 8
cfn=(2050) QByteArray::operator=(QByteArray const&)
calls=2 0 
0 52
0 8
cfn=(2050)
calls=2 0 
0 52
0 8
cfn=(2050)
calls=2 0 
0 52
0 8
cfn=(2050)
calls=2 0 
0 52
0 8
cfn=(2050)
calls=2 0 
0 52
0 8
cfn=(2030)
calls=2 0 
0 20
0 8

fn=(5252)
0 14
cfn=(5254) qEnvironmentVariable(char const*)
calls=1 0 
0 491
0 8
cfn=(4904)
calls=1 0 
0 8
0 24
cfn=(3360)
calls=1 0 
0 88
0 4
cfn=(5254)
calls=1 0 
0 495
0 16
cfn=(5254)
calls=1 0 
0 1357
0 18
cfn=(4904)
calls=1 0 
0 8
0 6
cfn=(5254)
calls=1 0 
0 526
0 7
cfn=(4902)
calls=1 0 
0 12644
0 6

fn=(5254)
0 52
cfn=(5256) qEnvironmentVariable(char const*, QString const&)
calls=4 0 
0 2761
0 56

fn=(5256)
0 52
cfn=(1728)
calls=4 0 
0 1798
0 8
cfn=(4864)
calls=4 0 
0 20
0 90
cfn=(4864)
calls=1 0 
0 5
0 82
cfn=(5258)
calls=1 0 
0 612
0 5
cfn=(3360)
calls=1 0 
0 88
0 1

fn=(5348) QString::QString(QChar)
0 99
cfn=(1804)
calls=9 0 
0 1150
0 108

fn=(5472)
0 32
cfn=(4904)
calls=1 0 
0 8
0 6
cfn=(4910)
calls=1 0 
0 24
0 4
cfn=(5482)
calls=1 0 
0 18
0 12
cfn=(5488) QStringRef::startsWith(QChar, Qt::CaseSensitivity) const
calls=1 0 
0 23
0 6
cfn=(5488)
calls=1 0 
0 23
0 6
cfn=(5506) QStringRef::toString() const
calls=1 0 
0 178
0 3
cfn=(5512) 0x00000000001d6170
calls=1 0 
0 1997
0 12
cfn=(3360)
calls=1 0 
0 88
0 6
cfn=(5494) QStringRef::mid(int, int) const
calls=1 0 
0 51
0 5

fn=(5494)
0 12
cfn=(5496)
calls=1 0 
0 24
0 15

fn=(5512)
0 32
cfn=(1550)
calls=1 0 
0 40
0 7
cfn=(5528)
calls=1 0 
0 445
0 5
cfn=(5614) QString::startsWith(QLatin1String, Qt::CaseSensitivity) const
calls=1 0 
0 83
0 39
cfn=(5648)
calls=5 0 
0 985
0 70
cfn=(1602)
calls=1 0 
0 19
0 27
cfn=(5708) 0x00000000001d3af0
calls=5 0 
0 235
0 10

fn=(5616) 0x000000000013c720
0 481

fn=(5914) 0x00000000001f3450
0 15

fn=(5982) 0x00000000000bad70
0 45
cfn=(1576)
calls=3 0 
0 396
0 102

fn=(6814)
0 62
cob=(24)
cfi=(207)
cfn=(3098)
calls=1 0 
0 59
cob=(1)
cfi=(132)
cfn=(390)
calls=1 67 
0 862
0 6
0 124

fn=(6834)
0 31
cob=(3)
cfi=(163)
cfn=(588)
calls=1 42 
0 16
0 1
0 5
cfn=(4880)
calls=1 0 
0 183
0 62
cfn=(6878) QLoggingCategory::setEnabled(QtMsgType, bool)
calls=1 0 
0 8
0 5
cfn=(6878)
calls=1 0 
0 8
0 5
cfn=(6878)
calls=1 0 
0 8
0 5
cfn=(6878)
calls=1 0 
0 5
0 60
cfn=(3360)
calls=1 0 
0 88
0 1

fn=(6924) qFormatLogMessage(QtMsgType, QMessageLogContext const&, QString const&)
0 38
cfn=(1550)
calls=2 0 
0 12
0 230
cfn=(1602)
calls=2 0 
0 18
0 34
cfn=(6494)
calls=2 0 
0 88
0 4
cob=(24)
cfi=(207)
cfn=(1324)
calls=1 0 
0 19
0 1
0 4
cfn=(6926)
calls=1 0 
0 12288
0 3
cob=(24)
cfi=(207)
cfn=(1330)
calls=1 0 
0 8
0 1
0 4
cob=(3)
cfi=(208)
cfn=(1302)
calls=1 69 
0 72
0 1
0 43

fn=(6950)
0 32
cfn=(5386)
calls=1 0 
0 14
0 4
cfn=(5386)
calls=1 0 
0 14
0 8
cfn=(6960) 0x00000000000bafd0
calls=1 0 
0 28
0 437
cfn=(4654) QString::append(QChar)
calls=41 0 
0 3298
0 312
cfn=(7020) 0x00000000000bab80
calls=1 0 
0 15
0 10
cob=(24)
cfi=(207)
cfn=(3098)
calls=1 0 
0 59
0 1
0 134
cfn=(5614)
calls=5 0 
0 410
0 26
cfn=(4660)
calls=4 0 
0 72
0 13
cob=(24)
cfi=(207)
cfn=(3098)
calls=1 0 
0 55
0 1
0 6
cfn=(7130) QString::toLatin1_helper(QString const&)
calls=1 0 
0 206
0 6
cob=(1)
cfi=(132)
cfn=(390)
calls=1 67 
0 1021
0 5
0 57
cfn=(5978) 0x00000000000baf00
calls=4 0 
0 379
0 68
cfn=(3360)
calls=1 0 
0 88
0 27
cfn=(4904)
calls=4 0 
0 32
0 24
cob=(24)
cfi=(207)
cfn=(3098)
calls=1 0 
0 59
0 1
0 8
cob=(3)
cfi=(194)
cfn=(1012)
calls=1 225 
0 13
0 1
0 17
cfn=(5386)
calls=1 0 
0 684
0 31
cfn=(4904)
calls=4 0 
0 108
0 46
cfn=(4654)
calls=4 0 
0 924
0 23
cfn=(4904)
calls=3 0 
0 94
0 16
cfn=(4904)
calls=2 0 
0 16
0 14
cfn=(4904)
calls=2 0 
0 16
0 14
cfn=(4904)
calls=2 0 
0 16
0 14
cfn=(4904)
calls=2 0 
0 16
0 14
cfn=(4904)
calls=2 0 
0 16
0 12
cfn=(4904)
calls=2 0 
0 16
0 7
cfn=(5978)
calls=1 0 
0 499
0 22
cfn=(4904)
calls=2 0 
0 16
0 14
cfn=(5614)
calls=2 0 
0 164
0 14
cfn=(5614)
calls=2 0 
0 93
0 14
cfn=(4904)
calls=2 0 
0 100
0 22
cfn=(4904)
calls=1 0 
0 8
0 7
cfn=(4904)
calls=1 0 
0 8
0 7
cfn=(4904)
calls=1 0 
0 8
0 7
cfn=(4904)
calls=1 0 
0 8
0 7
cfn=(4904)
calls=1 0 
0 8
0 8
cfn=(4904)
calls=1 0 
0 62
0 11

fn=(7020)
0 15

fn=(7130)
0 21
cfn=(6246) QByteArray::QByteArray(int, Qt::Initialization)
calls=1 0 
0 124
0 5
cfn=(7132) 0x000000000013c0a0
calls=1 0 
0 38
0 18

fn=(7132)
0 38

fn=(7372) 0x00000000001267f0
0 192
cfn=(5508)
calls=4 0 
0 1025
0 28

fn=(7390) 0x00000000001c5160
0 80
cfn=(4648)
calls=2 0 
0 340
0 56
cob=(3)
cfi=(194)
cfn=(1012)
calls=2 225 
0 30
0 2
0 30
cob=(3)
cfi=(194)
cfn=(1012)
calls=2 225 
0 34
0 2
0 26
cob=(3)
cfi=(194)
cfn=(1012)
calls=2 225 
0 34
0 2
0 28
cob=(3)
cfi=(194)
cfn=(1012)
calls=2 225 
0 34
0 2
0 16
cfn=(4664) QString::resize(int)
calls=2 0 
0 64
0 18

fn=(7458) QUrl::QUrl()
0 3

fn=(7544) 0x00000000001c4390
0 111
cfn=(7548) 0x0000000000126660
calls=12 0 
0 1764
0 354

fn=(8670) QMetaType::registerConverterFunction(QtPrivate::AbstractConverterFunction const*, int, int)
0 23
cfn=(2030)
calls=1 0 
0 10
0 31
cfn=(6828)
calls=1 0 
0 55
0 14
cfn=(2128)
calls=1 0 
0 17
0 7
cfn=(6766)
calls=1 0 
0 98
0 4
cfn=(2094) 0x00000000001241e0
calls=1 0 
0 9
0 8
cfn=(6814)
calls=1 0 
0 153
0 14

fn=(8768)
0 36
cfn=(8770) 0x00000000002ddcf0
calls=2 0 
0 74
0 20
cob=(3)
cfi=(262)
cfn=(8780)
calls=1 30 
0 28
cob=(1)
cfi=(132)
cfn=(391)
calls=1 67 
0 932
0 6
0 26

fn=(9092) 0x00000000001c5980
0 74
cfn=(3360)
calls=2 0 
0 216

fn=(9672)
0 9

fn=(9728)
0 7

fn=(10188)
0 3
cfn=(9572)
calls=1 0 
0 17
0 6

fn=(4596)
0 72
cfn=(4598)
calls=6 0 
0 762
0 36
cfn=(4602) 0x00000000002e1de0
calls=6 0 
0 725
0 30
cfn=(4638) QString::truncate(int)
calls=6 0 
0 30
0 42

fn=(1630)
0 76

fn=(1728)
0 208
cfn=(1550)
calls=26 0 
0 156
0 52
cob=(3)
cfi=(162)
cfn=(584)
calls=25 34 
0 9743
cob=(1)
cfi=(132)
cfn=(391)
calls=1 67 
0 1434
0 30
0 104
cfn=(1738)
calls=26 0 
0 1302
0 52
cfn=(1602)
calls=26 0 
0 234
0 130

fn=(1796)
0 140
cfn=(1550)
calls=10 0 
0 60
0 70
cfn=(1798) 0x00000000000aa0a0
calls=5 0 
0 2658
0 125
cfn=(1602)
calls=10 0 
0 90
0 2
cob=(24)
cfi=(207)
cfn=(1324)
calls=1 0 
0 19
0 1
0 7
cob=(24)
cfi=(207)
cfn=(1330)
calls=1 0 
0 8
0 1
0 4
cob=(3)
cfi=(208)
cfn=(1302)
calls=1 69 
0 72
0 1
0 4

fn=(1956)
0 37
cob=(24)
cfi=(207)
cfn=(1324)
calls=1 0 
0 19
0 1
0 10
cob=(24)
cfi=(207)
cfn=(1330)
calls=1 0 
0 8
0 1
0 4
cob=(3)
cfi=(208)
cfn=(1302)
calls=1 69 
0 1308
0 1
0 1

fn=(2036) 0x0000000000297b10
0 84

fn=(2070)
0 42
cfn=(2094)
calls=2 0 
0 20
0 13
cfn=(3360)
calls=1 0 
0 88
0 34
cfn=(1804)
calls=2 0 
0 408
0 76
cob=(3)
cfi=(194)
cfn=(1012)
calls=1 225 
0 22
0 1
0 5

fn=(2128)
0 374

fn=(2188)
0 35
cfn=(1804)
calls=1 0 
0 280
0 17
cob=(3)
cfi=(194)
cfn=(1012)
calls=1 225 
0 14
0 1
0 13

fn=(3646)
0 55
cob=(24)
cfi=(207)
cfn=(1544)
calls=5 0 
0 275
0 5
0 20
cfn=(3648)
calls=5 0 
0 140
0 30
cfn=(3650) 0x00000000000bde50
calls=5 0 
0 5873
0 15
cfn=(3712)
calls=5 0 
0 15
0 20
cfn=(3718)
calls=5 0 
0 10
0 5
0 40

fn=(3676)
0 4
cob=(1)
cfi=(132)
cfn=(391)
calls=1 67 
0 969
0 5

fn=(3706)
0 136
cfn=(3864)
calls=5 0 
0 25
0 24
cfn=(3650)
calls=6 0 
0 216
cfn=(3651) 0x00000000000bde50'2
calls=1 0 
0 36
0 21
cfn=(3712)
calls=7 0 
0 21
0 64
cfn=(3866) QObject::setParent(QObject*)
calls=5 0 
0 2036
0 14
cfn=(3718)
calls=6 0 
0 12
cob=(1)
cfi=(132)
cfn=(390)
calls=1 67 
0 744
0 11
0 84

fn=(3722)
0 2

fn=(4020)
0 90

fn=(4022) QTextCodec::codecForLocale()
0 39
cfn=(4024)
calls=13 0 
0 256
0 122
cfn=(1550)
calls=1 0 
0 40
0 1
cfn=(4042) 0x00000000002e98a0
calls=1 0 
0 12052
0 9
cfn=(1602)
calls=1 0 
0 19
0 5
cob=(24)
cfi=(207)
cfn=(1324)
calls=1 0 
0 19
0 1
0 5
cfn=(1538)
calls=1 0 
0 259
0 3
cob=(24)
cfi=(207)
cfn=(1330)
calls=1 0 
0 8
0 1
0 4
cob=(3)
cfi=(208)
cfn=(1302)
calls=1 69 
0 72
0 1
0 1

fn=(4652)
0 57
cfn=(4654)
calls=3 0 
0 84
0 27

fn=(4662)
0 16
cfn=(4664)
calls=2 0 
0 64

fn=(4664)
0 864

fn=(4686)
0 21
cob=(24)
cfi=(207)
cfn=(1324)
calls=1 0 
0 19
0 1
0 10
cfn=(1538)
calls=1 0 
0 14
0 10
cfn=(4698)
calls=1 0 
0 167747
0 3
cob=(24)
cfi=(207)
cfn=(1330)
calls=1 0 
0 8
0 1
0 4
cob=(3)
cfi=(208)
cfn=(1302)
calls=1 69 
0 72
0 1
0 1

fn=(4718)
0 46
cfn=(5850) QDir::isRelativePath(QString const&)
calls=1 0 
0 818
0 30
cob=(3)
cfi=(163)
cfn=(588)
calls=1 42 
0 20
0 1
0 4
cfn=(5258)
calls=1 0 
0 550
0 11
cob=(24)
cfi=(207)
cfn=(1324)
calls=1 0 
0 19
0 1
0 5
cfn=(4720) 0x00000000000b43c0
calls=1 0 
0 139567
0 3
cob=(24)
cfi=(207)
cfn=(1330)
calls=1 0 
0 8
0 1
0 4
cob=(3)
cfi=(208)
cfn=(1302)
calls=1 69 
0 72
0 1
0 5
cfn=(4719) QLibraryInfo::location(QLibraryInfo::LibraryLocation)'2
calls=1 0 
0 1282
0 17
cfn=(4598)
calls=1 0 
0 127
0 9
cob=(3)
cfi=(194)
cfn=(1012)
calls=1 225 
0 13
0 1
0 10
cob=(3)
cfi=(194)
cfn=(1012)
calls=1 225 
0 11
0 1
0 3
cfn=(5528)
calls=1 0 
0 435
0 33
cfn=(3360)
calls=1 0 
0 88
0 5
cfn=(3360)
calls=1 0 
0 88
0 1

fn=(4719)
0 46
cfn=(5850)
calls=1 0 
0 768
0 15
cob=(3)
cfi=(163)
cfn=(588)
calls=1 42 
0 20
0 1
0 4
cfn=(5258)
calls=1 0 
0 416
0 12

fn=(4882)
0 3719

fn=(4902)
0 126
cfn=(4904)
calls=9 0 
0 72
0 189
cfn=(4906) QLocalePrivate::getLangAndCountry(QString const&, QLocale::Language&, QLocale::Script&, QLocale::Country&)
calls=9 0 
0 41403
0 36
cfn=(5044)
calls=9 0 
0 72351
0 45
cob=(24)
cfi=(207)
cfn=(1544)
calls=9 0 
0 1915
0 9
0 45

fn=(4936) 0x000000000013edb0
0 51
cfn=(4944)
calls=2 0 
0 75
0 10

fn=(5038) QLocalePrivate::codeToScript(QStringView)
0 144

fn=(5418)
0 14

fn=(5544) QString::utf16() const
0 21

fn=(5614)
0 237
cfn=(5616)
calls=9 0 
0 481
0 49

fn=(5850)
0 22
cfn=(5852) QFileInfo::QFileInfo(QString const&)
calls=2 0 
0 892
0 4
cfn=(5868) QFileInfo::isRelative() const
calls=2 0 
0 74
0 6
cfn=(5756)
calls=2 0 
0 572
0 16

fn=(6184)
0 14
cfn=(6186) QFile::QFile(QString const&)
calls=1 0 
0 536
0 3
cfn=(6196) QFile::open(QFlags<QIODevice::OpenModeFlag>)
calls=1 0 
0 3916
0 6
cfn=(6400) QFile::~QFile()
calls=1 0 
0 1557
0 12

fn=(6192) QFileDevice::QFileDevice(QFileDevicePrivate&, QObject*)
0 4
cfn=(3862)
calls=1 0 
0 90
0 5

fn=(6350)
0 17
cfn=(4880)
calls=1 0 
0 183
0 10
cfn=(6364) QString::trimmed_helper(QString const&)
calls=1 0 
0 60
0 20

fn=(6468)
0 146
cfn=(3728)
calls=6 0 
0 24
0 104
cfn=(8938) 0x00000000000d1d50
calls=2 0 
0 28
0 18
cob=(24)
cfi=(207)
cfn=(3438)
calls=2 0 
0 180
0 2
0 12
cfn=(6470)
calls=6 0 
0 66
0 86
cfn=(6469) QObjectPrivate::~QObjectPrivate()'2
calls=5 0 
0 581
0 20
cob=(24)
cfi=(207)
cfn=(3438)
calls=5 0 
0 450
0 5

fn=(6469)
0 115
cfn=(3728)
calls=5 0 
0 20
0 40
cfn=(6470)
calls=5 0 
0 351
0 55

fn=(6498)
0 19
cfn=(6500) QStandardPaths::standardLocations(QStandardPaths::StandardLocation)
calls=1 0 
0 6044
0 74
cfn=(4598)
calls=3 0 
0 381
0 24
cob=(3)
cfi=(194)
cfn=(1012)
calls=3 225 
0 35
0 3
0 33
cob=(3)
cfi=(194)
cfn=(1012)
calls=3 225 
0 36
0 3
0 15
cfn=(5852)
calls=3 0 
0 1263
0 6
cfn=(6616) QFileInfo::isFile() const
calls=3 0 
0 4277
0 9
cfn=(5756)
calls=3 0 
0 1146
0 18
cfn=(3360)
calls=3 0 
0 264
0 8
cfn=(5386)
calls=1 0 
0 420
0 12

fn=(6500)
0 24
cfn=(6502) 0x000000000022d0c0
calls=1 0 
0 2861
0 7
cfn=(5386)
calls=1 0 
0 14
0 2
cfn=(5386)
calls=1 0 
0 14
0 4
cfn=(6568)
calls=1 0 
0 2662
0 32
cfn=(3844)
calls=1 0 
0 419
0 5

fn=(6502)
0 16
cfn=(1728)
calls=1 0 
0 800
0 2
cfn=(4864)
calls=1 0 
0 5
0 15
cfn=(6538) QString::split(QChar, QString::SplitBehavior, Qt::CaseSensitivity) const
calls=1 0 
0 933
0 7
cfn=(5386)
calls=1 0 
0 14
0 2
cfn=(5386)
calls=1 0 
0 14
0 23
cfn=(3360)
calls=1 0 
0 88
0 183
cfn=(5258)
calls=1 0 
0 659
0 8
cfn=(3360)
calls=1 0 
0 88
0 4

fn=(6538)
0 51
cfn=(4936)
calls=2 0 
0 136
0 16
cfn=(6540)
calls=1 0 
0 208
0 3
cfn=(5978)
calls=1 0 
0 211
0 19
cfn=(6540)
calls=1 0 
0 209
0 3
cfn=(5978)
calls=1 0 
0 56
0 21

fn=(6570)
0 3

fn=(6618) 0x0000000000227e10
0 102
cfn=(6224) 0x00000000001f3700
calls=3 0 
0 2885
0 48
cob=(3)
cfi=(246)
cfn=(6632)
calls=2 27 
0 30
cob=(1)
cfi=(132)
cfn=(390)
calls=1 67 
0 944
0 7
0 114
cob=(5)
cfi=(245)
cfn=(6330)
calls=3 25 
0 12
0 3
0 60

fn=(6780)
0 28
cfn=(1726)
calls=1 0 
0 19
0 19

fn=(6908) QLoggingCategory::isEnabled(QtMsgType) const
0 24

fn=(7326)
0 28
cfn=(7328)
calls=2 0 
0 584
0 12
cob=(24)
cfi=(207)
cfn=(3438)
calls=2 0 
0 180
0 2

fn=(7424)
0 194
cfn=(1804)
calls=2 0 
0 266
0 72
cfn=(3360)
calls=2 0 
0 10
0 14
cob=(3)
cfi=(194)
cfn=(1012)
calls=2 225 
0 28
0 2
0 10

fn=(7484) QString::replace(QChar, QLatin1String, Qt::CaseSensitivity)
0 17
cfn=(5538)
calls=1 0 
0 15
0 4
cfn=(4882)
calls=1 0 
0 29
0 7
cfn=(7486)
calls=1 0 
0 384
0 15

fn=(7548)
0 384
cob=(5)
cfi=(245)
cfn=(6330)
calls=12 25 
0 48
0 12
0 84
cfn=(7556)
calls=12 0 
0 1122
0 114

fn=(7676) QUrl::QUrl(QUrl const&)
0 7

fn=(7720)
0 78
cfn=(4598)
calls=2 0 
0 254
0 124
cfn=(3360)
calls=2 0 
0 176
0 258

fn=(7934) 0x00000000001c9940
0 68

fn=(8266)
0 68
cob=(32)
cfi=(223)
cfn=(8268) QTcpSocket::metaObject() const
calls=4 0 
0 24
0 84
cfn=(8270) QMetaObject::indexOfProperty(char const*) const
calls=4 0 
0 304
0 24

fn=(8478)
0 116
cfn=(8480) QCoreApplication::translate(char const*, char const*, char const*, int)
calls=4 0 
0 1452
0 40

fn=(8718)
0 18
cfn=(5310)
calls=2 0 
0 12
0 6

fn=(8736) QElapsedTimer::nsecsElapsed() const
0 40
cob=(3)
cfi=(238)
cfn=(3218)
calls=4 31 
0 84
0 4
0 44

fn=(8994) 0x0000000000313fe0
0 8

fn=(9664)
0 56
cfn=(9666) QBasicMutex::isRecursive() const
calls=7 0 
0 35
0 76
cfn=(9665) QMutex::~QMutex()'2
calls=3 0 
0 69
0 9
cob=(24)
cfi=(207)
cfn=(3438)
calls=3 0 
0 330
0 3
0 3

fn=(9665)
0 24
cfn=(9666)
calls=3 0 
0 15
0 30

fn=(9678)
0 12
cob=(24)
cfi=(207)
cfn=(3438)
calls=1 0 
0 110
0 1
0 6

fn=(10136)
0 12
cob=(1)
cfi=(132)
cfn=(390)
calls=1 67 
0 1095
0 5
0 4
cob=(1)
cfi=(132)
cfn=(390)
calls=1 67 
0 947
0 5
0 7
cob=(24)
cfi=(207)
cfn=(3438)
calls=1 0 
0 108
0 1
0 8

fn=(4598)
0 444
cfn=(1804)
calls=37 0 
0 3774
0 481

fn=(1724) qDetectCpuFeatures()
0 505
cfn=(1728)
calls=1 0 
0 1488
0 55
cfn=(1726)
calls=1 0 
0 32
0 5

fn=(1798)
0 143
cfn=(1804)
calls=1 0 
0 284
0 17
cob=(1)
cfi=(132)
cfn=(391)
calls=1 67 
0 1086
0 5
0 34
cob=(1)
cfi=(132)
cfn=(391)
calls=1 67 
0 975
0 5
0 34
cob=(3)
cfi=(182)
cfn=(676)
calls=4 167 
0 63
0 4
0 8

fn=(2050)
0 528

fn=(2060)
0 20

fn=(3868) QObjectPrivate::setParent_helper(QObject*)
0 298
cfn=(3892) QChildEvent::QChildEvent(QEvent::Type, QObject*)
calls=4 0 
0 104
0 12
cfn=(3896)
calls=4 0 
0 316
0 8
cfn=(3902) QChildEvent::~QChildEvent()
calls=4 0 
0 48
0 69
cfn=(3870) 0x00000000002bb7d0
calls=5 0 
0 1096
0 195
cfn=(3892)
calls=5 0 
0 130
0 15
cfn=(3896)
calls=5 0 
0 395
0 10
cfn=(3902)
calls=5 0 
0 60
0 108
cfn=(8148)
calls=4 0 
0 68
0 35

fn=(3870)
0 57
cfn=(3874)
calls=4 0 
0 983
0 26
cfn=(1756)
calls=1 0 
0 25
0 5

fn=(3902)
0 45
cfn=(3904) QEvent::~QEvent()
calls=9 0 
0 63

fn=(4016)
0 16
cob=(24)
cfi=(207)
cfn=(1544)
calls=2 0 
0 110
0 2
0 10
cfn=(4018) QTextStream::QTextStream(QString*, QFlags<QIODevice::OpenModeFlag>)
calls=2 0 
0 13372
0 38

fn=(4638)
0 145
cfn=(4664)
calls=23 0 
0 736

fn=(4660)
0 198

fn=(4666)
0 12
cfn=(4668) 0x00000000000b60e0
calls=2 0 
0 189501
0 22

fn=(4724)
0 2
cfn=(4726)
calls=1 0 
0 139501

fn=(4904)
0 300
cfn=(5620)
calls=5 0 
0 279
0 163

fn=(4908) 0x0000000000116210
0 225
cfn=(4910)
calls=9 0 
0 216
0 27
cfn=(4910)
calls=9 0 
0 216
0 207
cfn=(4598)
calls=9 0 
0 1143
0 63
cfn=(4598)
calls=9 0 
0 1143
0 684
cfn=(4934)
calls=18 0 
0 1188
0 252
cfn=(4934)
calls=36 0 
0 2358
0 972
cfn=(4638)
calls=18 0 
0 666
0 459
cfn=(4880)
calls=9 0 
0 10335
0 81
cfn=(4910)
calls=9 0 
0 234
0 225
cfn=(4934)
calls=9 0 
0 585
0 72
cfn=(4910)
calls=9 0 
0 234
0 54
cfn=(3360)
calls=9 0 
0 1422
0 9

fn=(4934)
0 1713
cfn=(4944)
calls=66 0 
0 1763
0 888

fn=(5258)
0 90
cfn=(4022)
calls=5 0 
0 105
0 45
cfn=(5260) 0x00000000002e2b10
calls=5 0 
0 2518
0 60

fn=(5262) 0x00000000002e2220
0 110
cfn=(4598)
calls=5 0 
0 635
0 830
cfn=(4638)
calls=5 0 
0 185
0 668

fn=(5310)
0 90

fn=(5312)
0 172

fn=(5320)
0 20

fn=(5346)
0 65
cfn=(5348)
calls=5 0 
0 625
0 80

fn=(5532)
0 114
cfn=(5538)
calls=3 0 
0 45
0 9
cfn=(5544)
calls=3 0 
0 21
0 785

fn=(5768) QDateTime::Data::~Data()
0 120

fn=(5884) 0x00000000001b1050
0 24
cfn=(5886) 0x0000000000135d20
calls=1 0 
0 9
0 6
cfn=(5894)
calls=1 0 
0 8
0 3
cfn=(5894)
calls=1 0 
0 8
0 10
cfn=(5906) 0x00000000001b5050
calls=1 0 
0 424
0 35
cfn=(4880)
calls=1 0 
0 161
0 9
cfn=(5978)
calls=1 0 
0 211
0 8
cfn=(5386)
calls=1 0 
0 14
0 2
cfn=(5386)
calls=1 0 
0 14
0 9

fn=(5906)
0 15
cfn=(4730)
calls=1 0 
0 10
0 4
cfn=(4660)
calls=1 0 
0 18
0 6
cfn=(5914)
calls=1 0 
0 15
0 27
cfn=(4736)
calls=1 0 
0 222
0 12
cfn=(5386)
calls=1 0 
0 14
0 2
cfn=(5386)
calls=1 0 
0 14
0 14
cfn=(5894)
calls=1 0 
0 8
0 43

fn=(6112)
0 49
cfn=(5386)
calls=1 0 
0 214
0 8
cfn=(5386)
calls=1 0 
0 14
0 8
cob=(24)
cfi=(207)
cfn=(3438)
calls=1 0 
0 90
0 1

fn=(6202) 0x00000000001bbae0
0 8
cfn=(6206) QAbstractFileEngine::create(QString const&)
calls=1 0 
0 581
0 3

fn=(6214)
0 35

fn=(6216)
0 2
cfn=(5356)
calls=1 0 
0 10
0 51
cfn=(6224)
calls=1 0 
0 985
0 4
cob=(1)
cfi=(132)
cfn=(390)
calls=1 67 
0 879
0 5
0 7
cob=(1)
cfi=(132)
cfn=(390)
calls=1 67 
0 775
0 5
0 17
cob=(5)
cfi=(245)
cfn=(6330)
calls=1 25 
0 4
0 1
0 6
cfn=(6348)
calls=1 0 
0 308
0 8
cfn=(6378)
calls=1 0 
0 33
0 12

fn=(6236) QString::toLocal8Bit_helper(QChar const*, int)
0 84
cfn=(4022)
calls=6 0 
0 126
0 42
cfn=(6238)
calls=6 0 
0 5023
0 54

fn=(6242) 0x00000000002e18e0
0 592
cfn=(6280) QByteArray::resize(int)
calls=6 0 
0 1910
0 1176
cfn=(6246)
calls=6 0 
0 1069
0 48

fn=(6406)
0 20
cfn=(6408)
calls=4 0 
0 9066

fn=(6408)
0 373
cfn=(1550)
calls=1 0 
0 6
0 264
cfn=(9018)
calls=4 0 
0 28
0 44
cfn=(1602)
calls=2 0 
0 18
0 6
cfn=(1602)
calls=2 0 
0 18
0 72
cob=(34)
cfi=(225)
cfn=(9024)
calls=1 0 
0 105
cob=(34)
cfi=(225)
cfn=(9020)
calls=3 0 
0 315
0 40
cfn=(9022)
calls=4 0 
0 64
0 12
cob=(24)
cfi=(207)
cfn=(3438)
calls=4 0 
0 360
0 4
0 181
cfn=(1602)
calls=4 0 
0 36
0 24
cfn=(1550)
calls=4 0 
0 24
0 69
cfn=(9026) QObjectPrivate::deleteChildren()
calls=1 0 
0 1140
0 20
cfn=(6414) qt_removeObject
calls=9 0 
0 18
cob=(1)
cfi=(132)
cfn=(390)
calls=1 67 
0 747
0 14
0 82
cfn=(3868)
calls=4 0 
0 900
0 60
cob=(32)
cfi=(223)
cfn=(9028) 0x00000000000f10b0
calls=3 0 
0 3615
cob=(32)
cfi=(223)
cfn=(8918) 0x00000000000fd050
calls=1 0 
0 1621
cfn=(6468)
calls=5 0 
0 1076
cfn=(6416)
calls=1 0 
0 681
0 210
cfn=(1602)
calls=1 0 
0 9
0 12
cob=(24)
cfi=(207)
cfn=(3438)
calls=1 0 
0 108
0 1
0 5
cfn=(3360)
calls=1 0 
0 88
0 1

fn=(6409)
0 43
cfn=(6414)
calls=1 0 
0 2
0 1
0 10
cfn=(3868)
calls=1 0 
0 46
0 6
cob=(32)
cfi=(223)
cfn=(8918)
calls=1 0 
0 574
0 21

fn=(6616)
0 57
cfn=(6618)
calls=3 0 
0 4205
0 15

fn=(7924) QIODevice::open(QFlags<QIODevice::OpenModeFlag>)
0 18
cfn=(7424)
calls=1 0 
0 29
0 7
cfn=(7424)
calls=1 0 
0 29
0 2
cfn=(7926)
calls=1 0 
0 10
0 3
cfn=(7422)
calls=1 0 
0 481
0 2
cfn=(7994)
calls=1 0 
0 11
0 3
cfn=(7434) QIODevicePrivate::setWriteChannelCount(int)
calls=1 0 
0 485
0 11

fn=(8270)
0 442

fn=(8648) QMetaType::hasRegisteredConverterFunction(int, int)
0 17
cfn=(5310)
calls=1 0 
0 6
0 7
cfn=(2128)
calls=1 0 
0 17
0 9
cob=(24)
cfi=(207)
cfn=(1324)
calls=1 0 
0 19
0 1
0 7
cfn=(2014)
calls=1 0 
0 13
0 5
cob=(24)
cfi=(207)
cfn=(1330)
calls=1 0 
0 8
0 1
0 4
cob=(3)
cfi=(208)
cfn=(1302)
calls=1 69 
0 72
0 1
0 1

fn=(8990)
0 23
cfn=(8992) QDebugStateSaver::QDebugStateSaver(QDebug&)
calls=1 0 
0 85
0 4
cfn=(8994)
calls=1 0 
0 8
0 9
cfn=(8996)
calls=1 0 
0 67
0 208
cfn=(9000) QChar::isPrint(unsigned int)
calls=18 0 
0 432
0 151
cfn=(8996)
calls=1 0 
0 67
0 2
cfn=(9002) QDebugStateSaver::~QDebugStateSaver()
calls=1 0 
0 126
0 14
cfn=(8996)
calls=1 0 
0 530
0 2

fn=(9540)
0 24
cfn=(2128)
calls=1 0 
0 17
0 9
cfn=(9572)
calls=1 0 
0 17
0 5
cfn=(9554) QHashData::free_helper(void (*)(QHashData::Node*))
calls=1 0 
0 1120
0 12
cfn=(2030)
calls=1 0 
0 10
0 1

fn=(1538)
0 132
cob=(24)
cfi=(207)
cfn=(1544)
calls=2 0 
0 274
cob=(1)
cfi=(132)
cfn=(390)
calls=1 67 
0 1018
0 7
0 21
cfn=(1539) QMutex::QMutex(QMutex::RecursionMode)'2
calls=3 0 
0 42
0 6

fn=(1539)
0 42

fn=(1550)
0 651
cfn=(1554)
calls=15 0 
0 1155
0 248

fn=(1574)
0 15
cfn=(1576)
calls=1 0 
0 1327
0 41

fn=(1954)
0 44
cfn=(1956)
calls=2 0 
0 1372
0 1427
cob=(3)
cfi=(222)
cfn=(1996)
calls=4 59 
0 96
cob=(1)
cfi=(132)
cfn=(391)
calls=1 67 
0 990
0 9
0 54
cfn=(2004)
calls=2 0 
0 148
0 18
cfn=(2030)
calls=2 0 
0 20
0 14
cfn=(2036)
calls=2 0 
0 84
0 66
cfn=(2050)
calls=2 0 
0 52
0 36
cfn=(2106)
calls=2 0 
0 20
0 14
cfn=(2128)
calls=2 0 
0 34
0 14
cfn=(2056)
calls=2 0 
0 891
0 2

fn=(3650)
0 220
cob=(1)
cfi=(242)
cfn=(3308)
calls=19 29 
0 228
cob=(1)
cfi=(132)
cfn=(390)
calls=1 67 
0 1395
0 24
0 244
cob=(24)
cfi=(207)
cfn=(1544)
calls=1 0 
0 55
0 1
0 4
cfn=(3664)
calls=1 0 
0 41
0 2
cob=(1)
cfi=(242)
cfn=(3308)
calls=1 29 
0 12
0 1
0 4
cob=(1)
cfi=(132)
cfn=(390)
calls=1 67 
0 1841
0 5
0 3
cob=(1)
cfi=(132)
cfn=(390)
calls=1 67 
0 951
0 5
0 2
cob=(24)
cfi=(207)
cfn=(1544)
calls=1 0 
0 129
0 1
0 4
cfn=(3692)
calls=1 0 
0 1218
0 5
cfn=(3728)
calls=1 0 
0 4
0 2
cob=(3)
cfi=(215)
cfn=(1560)
calls=1 24 
0 3
0 1
0 8

fn=(3651)
0 11
cob=(1)
cfi=(242)
cfn=(3308)
calls=1 29 
0 12
0 1
0 12

fn=(3904)
0 63

fn=(3970)
0 80

fn=(4018)
0 32
cob=(24)
cfi=(207)
cfn=(1544)
calls=2 0 
0 110
0 2
0 10
cfn=(3646)
calls=2 0 
0 324
0 52
cfn=(4020)
calls=2 0 
0 30
0 30
cfn=(4022)
calls=2 0 
0 12686
0 6
cfn=(4590)
calls=2 0 
0 14
0 12
cfn=(4590)
calls=2 0 
0 14
0 50

fn=(4602)
0 725

fn=(4654)
0 765
cfn=(4648)
calls=9 0 
0 2932
0 609

fn=(4682)
0 5
cfn=(4684)
calls=1 0 
0 170250

fn=(4720)
0 10
cfn=(4722)
calls=1 0 
0 139539
0 18

fn=(4730)
0 148

fn=(4788)
0 5

fn=(5034) QLocalePrivate::codeToLanguage(QStringView)
0 144
cfn=(5036)
calls=9 0 
0 225
0 36
cfn=(5036)
calls=9 0 
0 225
0 1989

fn=(5046)
0 71775

fn=(5356)
0 57
cfn=(3360)
calls=3 0 
0 264

fn=(5422)
0 8
cfn=(5382)
calls=1 0 
0 80
0 6
cfn=(4910)
calls=1 0 
0 24

fn=(5464)
0 6

fn=(5488)
0 46

fn=(5506)
0 18
cfn=(5508)
calls=1 0 
0 157
0 3

fn=(5508)
0 126
cfn=(1804)
calls=7 0 
0 1091
0 63
cob=(3)
cfi=(194)
cfn=(1012)
calls=7 225 
0 98
0 7
0 112

fn=(5708)
0 100
cfn=(5654)
calls=5 0 
0 25
0 110

fn=(5796)
0 45
cfn=(5804) QResource::~QResource()
calls=1 0 
0 231
0 12
cob=(24)
cfi=(207)
cfn=(3438)
calls=1 0 
0 90
0 1
0 37
cob=(24)
cfi=(207)
cfn=(3438)
calls=1 0 
0 90
0 1
0 3
cfn=(3360)
calls=1 0 
0 88
0 6

fn=(5804)
0 7
cfn=(5382)
calls=1 0 
0 86
0 2
cfn=(5386)
calls=1 0 
0 14
0 20
cfn=(5096)
calls=1 0 
0 7
0 4
cob=(24)
cfi=(207)
cfn=(3438)
calls=1 0 
0 90
0 1

fn=(5886)
0 9

fn=(6020)
0 14
cfn=(6022) 0x00000000001ac990
calls=1 0 
0 184
0 16
cfn=(6052) 0x00000000001b58f0
calls=1 0 
0 329
0 3
cfn=(4744)
calls=1 0 
0 33
0 17
cfn=(4660)
calls=1 0 
0 18
0 11
cfn=(4598)
calls=1 0 
0 127
0 8
cob=(3)
cfi=(194)
cfn=(1012)
calls=1 225 
0 11
0 1
0 10
cob=(3)
cfi=(194)
cfn=(1012)
calls=1 225 
0 11
0 1
0 1

fn=(6022)
0 13
cfn=(4934)
calls=1 0 
0 83
0 17
cfn=(4728)
calls=1 0 
0 28
0 2
cfn=(6030)
calls=1 0 
0 26
0 15

fn=(6066) 0x00000000001f4740
0 4
cfn=(6068) 0x00000000001f3840
calls=1 0 
0 22
0 159

fn=(6068)
0 22

fn=(6188) 0x00000000001bebb0
0 4
cfn=(3752)
calls=1 0 
0 59
0 9

fn=(6196)
0 14
cfn=(6198)
calls=1 0 
0 6
0 9
cfn=(6200)
calls=1 0 
0 8
0 5
cfn=(6202)
calls=1 0 
0 592
0 5
cfn=(6212)
calls=1 0 
0 3193
0 6
cfn=(6390) QAbstractFileEngine::error() const
calls=1 0 
0 4
0 7
cfn=(6392) QAbstractFileEngine::errorString() const
calls=1 0 
0 11
0 4
cfn=(6394) 0x00000000001bec50
calls=1 0 
0 32
0 20

fn=(6206)
0 13
cfn=(4728)
calls=1 0 
0 29
0 6
cfn=(4736)
calls=1 0 
0 222
0 32
cfn=(4744)
calls=1 0 
0 33
0 2
cob=(24)
cfi=(207)
cfn=(1544)
calls=1 0 
0 55
0 1
0 4
cfn=(6208) QFSFileEngine::QFSFileEngine(QString const&)
calls=1 0 
0 175
0 9

fn=(6280)
0 144
cfn=(1924)
calls=6 0 
0 1616
0 150

fn=(6466)
0 102
cfn=(6468)
calls=2 0 
0 114
0 2
cfn=(9092)
calls=1 0 
0 145
0 5
cfn=(9092)
calls=1 0 
0 145
0 10
cfn=(3360)
calls=2 0 
0 196
0 6
cfn=(6468)
calls=2 0 
0 114
0 6

fn=(6494)
0 55
cfn=(4648)
calls=1 0 
0 200
0 9
cob=(3)
cfi=(194)
cfn=(1012)
calls=1 225 
0 11
0 1
0 18
cfn=(4910)
calls=3 0 
0 78
0 20

fn=(6572)
0 8
cfn=(6574)
calls=1 0 
0 1511
0 7

fn=(6776)
0 3

fn=(6878)
0 29

fn=(7434)
0 87
cfn=(1804)
calls=1 0 
0 19
0 10
cfn=(7930)
calls=1 0 
0 384
0 14
cfn=(7424)
calls=1 0 
0 29
0 15

fn=(7482) QUrl::setHost(QString const&, QUrl::ParsingMode)
0 14
cfn=(7472)
calls=1 0 
0 19
0 21
cfn=(7520) 0x00000000001e56a0
calls=1 0 
0 2715
0 30
cfn=(7484)
calls=1 0 
0 471
0 4

fn=(7530) 0x00000000001c5100
0 45

fn=(7684) QUrl::host(QFlags<QUrl::ComponentFormattingOption>) const
0 29
cfn=(6494)
calls=1 0 
0 44
0 4
cfn=(5482)
calls=1 0 
0 18
0 11

fn=(7930)
0 76
cfn=(7934)
calls=2 0 
0 34
0 34
cfn=(7424)
calls=2 0 
0 480
0 36
cob=(3)
cfi=(194)
cfn=(1012)
calls=2 225 
0 28
0 2
0 12
cfn=(7934)
calls=2 0 
0 34
0 32

fn=(8148)
0 192
cob=(3)
cfi=(194)
cfn=(1012)
calls=1 225 
0 13
0 1
0 5

fn=(8682)
0 8

fn=(8734)
0 12
cfn=(8736)
calls=4 0 
0 172
0 36

fn=(8770)
0 16
cob=(3)
cfi=(238)
cfn=(3218)
calls=2 31 
0 42
0 2
0 14

fn=(8938)
0 28

fn=(9554)
0 250
cob=(24)
cfi=(207)
cfn=(9284)
calls=1 0 
0 162
cob=(1)
cfi=(132)
cfn=(390)
calls=1 67 
0 869
0 6
0 20
cob=(24)
cfi=(207)
cfn=(3438)
calls=2 0 
0 220
0 2

fn=(9666)
0 50

fn=(9778) 0x00000000002e7240
0 22

fn=(10238)
0 5
cfn=(5386)
calls=1 0 
0 14
0 10
cfn=(9664)
calls=1 0 
0 163
0 8
cfn=(6160)
calls=1 0 
0 105
0 1

fn=(10258)
0 25

fn=(1514)
0 12

fn=(1532)
0 144
cfn=(1550)
calls=6 0 
0 1305
0 30
cfn=(1602)
calls=6 0 
0 114
0 365
cob=(1)
cfi=(132)
cfn=(390)
calls=1 67 
0 982
0 5
0 8
cfn=(1538)
calls=1 0 
0 1062
0 6
cob=(1)
cfi=(132)
cfn=(390)
calls=1 67 
0 944
0 5
0 4
cob=(3)
cfi=(208)
cfn=(1302)
calls=1 69 
0 72
0 1
0 11
cob=(24)
cfi=(207)
cfn=(1544)
calls=5 0 
0 1010
0 5
0 75
cfn=(1570)
calls=5 0 
0 2923
0 5

fn=(1576)
0 234
cfn=(1578)
calls=13 0 
0 585
0 39
cob=(3)
cfi=(172)
cfn=(832)
calls=12 3023 
0 735
cob=(1)
cfi=(132)
cfn=(390)
calls=1 67 
0 1233
0 17
0 303

fn=(1578)
0 2023
cfn=(1580)
calls=289 0 
0 4624
0 6358

fn=(1580)
0 21968

fn=(1602)
0 912

fn=(2094)
0 29

fn=(3866)
0 15
cfn=(3868)
calls=5 0 
0 2021

fn=(3900)
0 36
cfn=(3650)
calls=9 0 
0 324
0 45

fn=(3932)
0 214

fn=(3934)
0 228
cfn=(1550)
calls=4 0 
0 24
0 16
cfn=(1550)
calls=4 0 
0 24
0 20
cob=(24)
cfi=(207)
cfn=(1544)
calls=4 0 
0 220
0 4
0 92
cfn=(3936)
calls=4 0 
0 759
0 28
cfn=(1602)
calls=4 0 
0 36
0 16
cfn=(1602)
calls=4 0 
0 36
0 16
cfn=(3972)
calls=4 0 
0 170
0 48
cfn=(3974)
calls=4 0 
0 28
0 56

fn=(3938)
0 66
cfn=(1804)
calls=1 0 
0 133
0 136

fn=(3996)
0 32

fn=(4736)
0 264
cfn=(4742) 0x00000000001f48f0
calls=8 0 
0 136316
0 237
cfn=(4910)
calls=8 0 
0 220
0 24
cfn=(2050)
calls=8 0 
0 192
0 54

fn=(4742)
0 144
cfn=(4744)
calls=8 0 
0 262
0 16
cfn=(4754)
calls=8 0 
0 40
0 365
cob=(24)
cfi=(207)
cfn=(1544)
calls=1 0 
0 285
0 1
0 4
cfn=(4774)
calls=1 0 
0 135194
0 5

fn=(4906)
0 261
cfn=(4908)
calls=9 0 
0 23070
0 90
cfn=(5034)
calls=9 0 
0 2619
0 81
cfn=(5038)
calls=9 0 
0 144
0 81
cfn=(5040)
calls=9 0 
0 13077
0 324
cfn=(3360)
calls=9 0 
0 792
0 63
cfn=(3360)
calls=9 0 
0 792
0 9

fn=(5260)
0 55
cfn=(5262)
calls=5 0 
0 2428
0 35

fn=(5468)
0 15
cfn=(5470)
calls=1 0 
0 2513
0 13

fn=(5766)
0 48
cfn=(5768)
calls=24 0 
0 120

fn=(5852)
0 75
cob=(24)
cfi=(207)
cfn=(1544)
calls=5 0 
0 275
0 5
0 25
cfn=(4730)
calls=5 0 
0 50
0 20
cfn=(4728)
calls=5 0 
0 145
0 70
cfn=(4736)
calls=5 0 
0 1160
0 80
cfn=(5462)
calls=5 0 
0 15
0 45
cfn=(5462)
calls=15 0 
0 45
0 145

fn=(5868)
0 74

fn=(5870) 0x00000000001f4050
0 26

fn=(5978)
0 105
cfn=(5982)
calls=3 0 
0 543
0 109
cfn=(1756)
calls=5 0 
0 568
0 31

fn=(6052)
0 40
cfn=(5870)
calls=1 0 
0 26
0 5
cfn=(6066)
calls=1 0 
0 185
0 5
cfn=(4910)
calls=1 0 
0 26
0 3
cfn=(2050)
calls=1 0 
0 24
0 6
cfn=(5356)
calls=1 0 
0 8
0 1

fn=(6224)
0 148
cfn=(6230) QDir::toNativeSeparators(QString const&)
calls=4 0 
0 40
0 36
cfn=(6236)
calls=4 0 
0 3566
0 80

fn=(6240)
0 66
cfn=(6242)
calls=6 0 
0 4795
0 42

fn=(6246)
0 77
cfn=(1804)
calls=7 0 
0 1039
0 77

fn=(6364)
0 60

fn=(6390)
0 4

fn=(6392)
0 11

fn=(6394)
0 6
cfn=(4910)
calls=1 0 
0 26

fn=(6414)
0 22

fn=(6922) 0x00000000000ba820
0 28
cfn=(6924)
calls=2 0 
0 12868
0 16
cfn=(6236)
calls=2 0 
0 1763
0 16
cob=(3)
cfi=(248)
cfn=(7252)
calls=1 25 
0 810
cob=(1)
cfi=(132)
cfn=(390)
calls=1 67 
0 2087
0 6
0 22
cob=(3)
cfi=(258)
cfn=(7302)
calls=1 32 
0 71
cob=(1)
cfi=(132)
cfn=(390)
calls=1 67 
0 982
0 6
0 40
cfn=(3360)
calls=2 0 
0 176
0 2

fn=(6960)
0 28

fn=(7504)
0 155

fn=(8890) QObject::disconnect(QObject const*, char const*, QObject const*, char const*)
0 31
cob=(32)
cfi=(223)
cfn=(8280) 0x0000000000166890
calls=1 0 
0 6
0 102
cfn=(8892)
calls=1 0 
0 65
0 11

fn=(9000)
0 432

fn=(9026)
0 33
cob=(32)
cfi=(223)
cfn=(8908) 0x00000000000fe730
calls=1 0 
0 993
0 26
cfn=(6160)
calls=1 0 
0 85
0 3

fn=(9506) QMetaType::unregisterConverterFunction(int, int)
0 24
cfn=(2030)
calls=1 0 
0 10
0 3
cfn=(9508)
calls=1 0 
0 177
0 2
cfn=(2128)
calls=1 0 
0 17
0 8

fn=(9612) 0x00000000001f8270
0 9
cfn=(1550)
calls=1 0 
0 6
0 12
cfn=(1602)
calls=1 0 
0 9
0 33
cfn=(9528)
calls=1 0 
0 109
0 15

fn=(9644)
0 58
cfn=(9664)
calls=1 0 
0 23
0 6
cfn=(9554)
calls=1 0 
0 409
0 10

fn=(9690)
0 31
cfn=(5096)
calls=1 0 
0 122
0 2
cfn=(5096)
calls=1 0 
0 122
0 2
cfn=(5096)
calls=1 0 
0 122
0 2
cfn=(5096)
calls=1 0 
0 122
0 2
cfn=(9572)
calls=1 0 
0 17
0 6
cfn=(3360)
calls=1 0 
0 108
0 10

fn=(10174)
0 14
cfn=(3360)
calls=1 0 
0 108
0 7

fn=(10194)
0 48
cfn=(3360)
calls=1 0 
0 88
0 16
cfn=(3360)
calls=2 0 
0 216
0 2

fn=(10220)
0 14
cfn=(3360)
calls=1 0 
0 88
0 7

fn=(4590)
0 56

fn=(1738)
0 275
cfn=(1804)
calls=8 0 
0 1144
0 72
cob=(3)
cfi=(194)
cfn=(1012)
calls=8 225 
0 100
0 8
0 80
cob=(3)
cfi=(163)
cfn=(588)
calls=8 42 
0 144
0 8
0 150

fn=(1756)
0 30
cfn=(1758) QListData::append(int)
calls=10 0 
0 2021

fn=(1758)
0 160
cfn=(1860)
calls=2 0 
0 1769
0 92

fn=(1860)
0 48
cfn=(1578)
calls=4 0 
0 180
0 16
cob=(3)
cfi=(172)
cfn=(992)
calls=3 3131 
0 922
cob=(1)
cfi=(132)
cfn=(390)
calls=1 67 
0 1267
0 8
0 36

fn=(2032)
0 49

fn=(3704)
0 8
cfn=(3706)
calls=1 0 
0 827
0 14

fn=(3892)
0 63
cfn=(3894)
calls=9 0 
0 99
0 72

fn=(4042)
0 3
cfn=(4024)
calls=1 0 
0 9
0 7
cob=(1)
cfi=(132)
cfn=(390)
calls=1 67 
0 1478
0 5
0 2
cfn=(4060)
calls=1 0 
0 10545
0 3

fn=(4062)
0 96
cob=(3)
cfi=(196)
cfn=(1032)
calls=11 79 
0 231
cob=(1)
cfi=(132)
cfn=(390)
calls=1 67 
0 945
0 16

fn=(4646)
0 102
cfn=(4648)
calls=3 0 
0 865
0 24
cob=(3)
cfi=(194)
cfn=(1012)
calls=3 225 
0 36
0 3
0 12
cob=(3)
cfi=(194)
cfn=(1012)
calls=2 225 
0 34
0 2
0 78

fn=(4668)
0 64
cfn=(4680)
calls=2 0 
0 170392
0 10
cfn=(6908)
calls=2 0 
0 24
0 10
cob=(1)
cfi=(242)
cfn=(3308)
calls=2 29 
0 24
0 2
0 32
cfn=(6922)
calls=2 0 
0 18893
0 4
cob=(1)
cfi=(242)
cfn=(3308)
calls=2 29 
0 24
0 2
0 20

fn=(4864)
0 90

fn=(5462)
0 72

fn=(5530)
0 9

fn=(5882)
0 15
cob=(24)
cfi=(207)
cfn=(1544)
calls=1 0 
0 55
0 1
0 8
cfn=(5884)
calls=1 0 
0 955
0 4
cfn=(5386)
calls=1 0 
0 14
0 9

fn=(6186)
0 8
cob=(24)
cfi=(207)
cfn=(1544)
calls=1 0 
0 309
0 1
0 3
cfn=(6188)
calls=1 0 
0 72
0 8
cfn=(6192)
calls=1 0 
0 99
0 10
cfn=(4910)
calls=1 0 
0 26

fn=(6208)
0 12
cob=(24)
cfi=(207)
cfn=(1544)
calls=1 0 
0 55
0 1
0 8
cfn=(5894)
calls=1 0 
0 8
0 17
cfn=(5418)
calls=1 0 
0 7
0 7
cfn=(4728)
calls=1 0 
0 29
0 31

fn=(6230)
0 40

fn=(6400)
0 5
cfn=(6402)
calls=1 0 
0 1552

fn=(6766)
0 38
cob=(24)
cfi=(207)
cfn=(1544)
calls=2 0 
0 110
0 2
0 47
cfn=(6768)
calls=1 0 
0 610
0 5

fn=(7370) QIPAddressUtils::toString(QString&, unsigned int)
0 42
cfn=(7372)
calls=2 0 
0 412
0 38
cfn=(7372)
calls=2 0 
0 833
0 70
cfn=(7390)
calls=2 0 
0 798
0 76
cfn=(3360)
calls=2 0 
0 176
0 14
cfn=(3360)
calls=2 0 
0 176
0 14
cfn=(3360)
calls=2 0 
0 176
0 14
cfn=(3360)
calls=2 0 
0 176
0 8
cfn=(5348)
calls=2 0 
0 332
0 10
cfn=(5348)
calls=2 0 
0 400
0 6

fn=(7472)
0 53
cob=(24)
cfi=(207)
cfn=(1544)
calls=1 0 
0 55
0 1
0 18

fn=(7520)
0 41
cfn=(7528)
calls=1 0 
0 904
0 18
cfn=(7370)
calls=1 0 
0 1751
0 1

fn=(7528)
0 48
cfn=(7530)
calls=3 0 
0 45
0 12
cfn=(7534)
calls=3 0 
0 306
0 63
cfn=(7544)
calls=3 0 
0 2229
0 9

fn=(7928)
0 8

fn=(8278)
0 34
cob=(32)
cfi=(223)
cfn=(8280)
calls=2 0 
0 12
0 44
cfn=(8270)
calls=2 0 
0 138
0 24
cfn=(1738)
calls=2 0 
0 338
0 10
cfn=(8284)
calls=2 0 
0 52
0 32
cfn=(3360)
calls=2 0 
0 176
0 28
cob=(24)
cfi=(207)
cfn=(1544)
calls=2 0 
0 110
0 2
0 16

fn=(8480)
0 156
cob=(3)
cfi=(163)
cfn=(588)
calls=4 42 
0 80
0 4
0 16
cfn=(4594)
calls=4 0 
0 1160
0 36

fn=(8986)
0 26

fn=(8992)
0 8
cob=(24)
cfi=(207)
cfn=(1544)
calls=1 0 
0 55
0 1
0 21

fn=(9002)
0 35
cob=(24)
cfi=(207)
cfn=(3438)
calls=1 0 
0 90
0 1

fn=(9580)
0 28
cob=(24)
cfi=(207)
cfn=(9284)
calls=1 0 
0 108
0 1
0 12
cob=(24)
cfi=(207)
cfn=(9284)
calls=1 0 
0 110
0 1
0 16
cob=(24)
cfi=(207)
cfn=(9284)
calls=1 0 
0 110
0 1
0 1

fn=(9608)
0 4
cfn=(4686)
calls=1 0 
0 9
0 5
cfn=(9612)
calls=1 0 
0 193
0 2

fn=(9740)
0 3
cfn=(9742)
calls=1 0 
0 441
0 6

fn=(9776)
0 15
cfn=(4024)
calls=1 0 
0 9
0 13
cfn=(9778)
calls=1 0 
0 22
0 20

fn=(9982)
0 10
cfn=(1550)
calls=2 0 
0 12
0 48
cfn=(1602)
calls=2 0 
0 18

ob=(32)
fl=(223)
fn=(3774) 0x00000000000eb090
0 48
cob=(2)
cfi=(18)
cfn=(3800)
calls=2 0 
0 905
0 24
cfn=(3812) 0x00000000000eb510
calls=1 0 
0 1275
0 6
cob=(2)
cfi=(18)
cfn=(3834)
calls=1 0 
0 884
0 2
cob=(2)
cfi=(18)
cfn=(3840)
calls=1 0 
0 2328
0 6
cob=(2)
cfi=(18)
cfn=(3834)
calls=1 0 
0 11
0 2
cob=(2)
cfi=(18)
cfn=(3766)
calls=1 0 
0 21
0 8
cob=(2)
cfi=(18)
cfn=(3770)
calls=1 0 
0 16
0 3
cob=(2)
cfi=(18)
cfn=(3786)
calls=1 0 
0 997
0 4
cob=(2)
cfi=(18)
cfn=(2216)
calls=1 0 
0 74
0 1

fn=(3856) QAbstractSocket::QAbstractSocket(QAbstractSocket::SocketType, QAbstractSocketPrivate&, QObject*)
0 27
cob=(2)
cfi=(18)
cfn=(3858)
calls=3 0 
0 2671
0 27

fn=(7670) QNetworkProxyQuery::url() const
0 8
cob=(2)
cfi=(18)
cfn=(7672)
calls=1 0 
0 790
0 3

fn=(7866) QNetworkProxyQuery::~QNetworkProxyQuery()
0 14
cob=(2)
cfi=(18)
cfn=(7688)
calls=1 0 
0 252
0 4
cob=(2)
cfi=(18)
cfn=(7844)
calls=1 0 
0 92

fn=(8156) QHostAddress::protocol() const
0 56

fn=(8170) QAbstractSocket::socketType() const
0 16

fn=(8344) 0x00000000000fefd0
0 22

fn=(8534) 0x00000000000fec70
0 38

fn=(8744) 0x00000000000fe8a0
0 60
cfn=(8754) 0x0000000000100dc0
calls=2 0 
0 2307
0 30
cfn=(8526) 0x00000000000ead00
calls=2 0 
0 8
0 14
cfn=(8384) 0x00000000000fda70
calls=2 0 
0 1520
0 6

fn=(8756) 0x0000000000100cd0
0 74
cob=(2)
cfi=(18)
cfn=(8764)
calls=2 0 
0 2167
0 32

fn=(8840) 0x00000000000fe5f0
0 46
cfn=(8850) 0x0000000000100a80
calls=2 0 
0 817
0 14
cfn=(7354) QHostAddress::clear()
calls=2 0 
0 28
0 6
cfn=(7354)
calls=1 0 
0 14
0 12
cfn=(7354)
calls=3 0 
0 226
0 36

fn=(9010)
0 12
cfn=(9011) QTcpSocket::~QTcpSocket()'2
calls=3 0 
0 8496
0 12
cob=(2)
cfi=(18)
cfn=(7844)
calls=3 0 
0 276

fn=(9011)
0 15
cfn=(9012) QAbstractSocket::~QAbstractSocket()
calls=3 0 
0 8481

fn=(9824) 0x00000000000f9d70
0 6
cfn=(9826) 0x00000000000eae40
calls=1 0 
0 128
0 4
cob=(2)
cfi=(18)
cfn=(7844)
calls=1 0 
0 112

fn=(2220)
0 5
cob=(2)
cfi=(18)
cfn=(2180)
calls=1 0 
0 74
0 5
cob=(2)
cfi=(18)
cfn=(2216)
calls=1 0 
0 74

fn=(3756) QHostAddress::QHostAddress()
0 75
cob=(2)
cfi=(18)
cfn=(3742)
calls=15 0 
0 855
0 165

fn=(3764) QNetworkProxy::QNetworkProxy()
0 56
cob=(2)
cfi=(18)
cfn=(3766)
calls=1 0 
0 1038
0 5
cob=(2)
cfi=(18)
cfn=(3770)
calls=1 0 
0 1094
0 7
cob=(2)
cfi=(18)
cfn=(3742)
calls=1 0 
0 214
0 4
cfn=(3774)
calls=1 0 
0 4226
0 6
cob=(2)
cfi=(18)
cfn=(3742)
calls=1 0 
0 214
0 4
cfn=(3774)
calls=1 0 
0 2389
0 7
cob=(2)
cfi=(18)
cfn=(3786)
calls=1 0 
0 10
0 5
cob=(2)
cfi=(18)
cfn=(2216)
calls=1 0 
0 74

fn=(7362) QHostAddress::toIPv4Address() const
0 15
cfn=(7364) QHostAddress::toIPv4Address(bool*) const
calls=5 0 
0 75

fn=(7412) QAbstractSocket::connectToHost(QString const&, unsigned short, QFlags<QIODevice::OpenModeFlag>, QAbstractSocket::NetworkLayerProtocol)
0 26
cob=(2)
cfi=(18)
cfn=(7414)
calls=1 0 
0 915
0 4
cob=(2)
cfi=(18)
cfn=(7418)
calls=1 0 
0 1231
0 3
cob=(2)
cfi=(18)
cfn=(7430)
calls=1 0 
0 1245
0 9
cfn=(7354)
calls=1 0 
0 14
0 4
cfn=(7354)
calls=1 0 
0 14
0 3
cob=(2)
cfi=(18)
cfn=(7414)
calls=1 0 
0 28
0 8
cfn=(7436) 0x00000000000eeb20
calls=1 0 
0 20993
0 2
cfn=(7438) QNetworkProxy::type() const
calls=1 0 
0 7
0 9
cob=(2)
cfi=(18)
cfn=(7920)
calls=1 0 
0 2201
0 5
cfn=(7996) QAbstractSocket::stateChanged(QAbstractSocket::SocketState)
calls=1 0 
0 1226
0 2
cfn=(3756)
calls=1 0 
0 73
0 3
cfn=(7712) QHostAddress::setAddress(QString const&)
calls=1 0 
0 1514
0 7
cfn=(8006) QHostInfo::QHostInfo(int)
calls=1 0 
0 1313
0 5
cfn=(8012) 0x00000000000e83f0
calls=1 0 
0 270
0 3
cfn=(8036) QHostInfo::setAddresses(QList<QHostAddress> const&)
calls=1 0 
0 55
0 2
cfn=(8044) 0x00000000000d6320
calls=1 0 
0 20
0 3
cfn=(8052) 0x00000000000ef690
calls=1 0 
0 16153
0 2
cfn=(8552) QHostInfo::~QHostInfo()
calls=1 0 
0 440
0 2
cfn=(7830)
calls=1 0 
0 9
0 14

fn=(7780) 0x000000000004d850
0 18
cob=(2)
cfi=(18)
cfn=(3814)
calls=1 0 
0 134
0 36

fn=(8032) QHostAddress::QHostAddress(QHostAddress const&)
0 63

fn=(8118) QAbstractSocket::hostFound()
0 5
cob=(2)
cfi=(18)
cfn=(7998)
calls=1 0 
0 88

fn=(8160) 0x00000000000edf60
0 30
cfn=(8162) 0x00000000000ebd90
calls=2 0 
0 5176
0 4
cfn=(8170)
calls=2 0 
0 8
0 8
cfn=(8174) 0x00000000000ea670
calls=2 0 
0 4563
0 18
cob=(2)
cfi=(18)
cfn=(8262)
calls=2 0 
0 1184
0 8
cob=(2)
cfi=(18)
cfn=(8274)
calls=2 0 
0 2141
0 4
cob=(2)
cfi=(18)
cfn=(8292)
calls=2 0 
0 866
0 10
cfn=(8170)
calls=2 0 
0 8
0 8
cfn=(8300) 0x00000000000fd7b0
calls=2 0 
0 2277
0 48

fn=(8162)
0 16
cfn=(8840)
calls=1 0 
0 955
0 5
cob=(2)
cfi=(18)
cfn=(8886)
calls=1 0 
0 1275
0 5
cfn=(8908)
calls=1 0 
0 2908
0 12

fn=(8174)
0 26
cfn=(7438)
calls=2 0 
0 14
0 32
cob=(2)
cfi=(18)
cfn=(3800)
calls=2 0 
0 16
0 132
cfn=(8208) 0x00000000000f65d0
calls=2 0 
0 46
cfn=(8196) 0x00000000000fb9b0
calls=2 0 
0 50
0 16
cob=(2)
cfi=(18)
cfn=(3834)
calls=2 0 
0 22
0 24
cfn=(7438)
calls=2 0 
0 14
0 8
cob=(2)
cfi=(18)
cfn=(3742)
calls=2 0 
0 114
0 8
cfn=(8222) 0x00000000000fd730
calls=2 0 
0 4039
0 2

fn=(8400) 0x00000000000fd610
0 60
cfn=(8032)
calls=4 0 
0 28
0 44
cfn=(8156)
calls=4 0 
0 16
0 36

fn=(8908)
0 14
cfn=(8840)
calls=2 0 
0 244
0 10
cob=(2)
cfi=(18)
cfn=(8914)
calls=2 0 
0 3441
0 8
cob=(2)
cfi=(18)
cfn=(7844)
calls=2 0 
0 184

fn=(9826)
0 54
cob=(2)
cfi=(18)
cfn=(3800)
calls=2 0 
0 16
0 22
cfn=(9842) 0x00000000000eb3b0
calls=2 0 
0 118
0 4
cob=(2)
cfi=(18)
cfn=(3834)
calls=2 0 
0 22
0 14

fn=(3740)
0 24
cob=(2)
cfi=(18)
cfn=(3742)
calls=3 0 
0 1064
0 9
cfn=(3746) 0x00000000000ebc70
calls=3 0 
0 11338
0 27
cfn=(3856)
calls=3 0 
0 2725
0 27

fn=(7354)
0 130
cfn=(8868) 0x00000000000d2040
calls=2 0 
0 176
0 4

fn=(7448) 0x00000000000db3b0
0 64
cob=(2)
cfi=(18)
cfn=(3742)
calls=1 0 
0 159
0 4
cob=(2)
cfi=(18)
cfn=(7454)
calls=1 0 
0 783
0 3

fn=(7996)
0 39
cob=(2)
cfi=(18)
cfn=(7998)
calls=3 0 
0 1384
0 15

fn=(8016) 0x00000000000da6b0
0 34
cob=(2)
cfi=(18)
cfn=(3814)
calls=2 0 
0 268
0 27
cob=(2)
cfi=(18)
cfn=(3742)
calls=1 0 
0 53
0 4
cfn=(8032)
calls=1 0 
0 7
0 62

fn=(8300)
0 52
cfn=(8306) 0x00000000000ff150
calls=2 0 
0 1009
0 24
cfn=(8328) 0x00000000000feb50
calls=2 0 
0 1168
0 24

fn=(8384)
0 96
cfn=(7760) QHostAddress::isLoopback() const
calls=4 0 
0 64
0 36
cfn=(8396) QHostAddress::operator=(QHostAddress const&)
calls=4 0 
0 270
0 20
cfn=(8400)
calls=4 0 
0 184
0 16
cfn=(8420) 0x00000000000ff460
calls=4 0 
0 6323
0 12
cfn=(7830)
calls=4 0 
0 36
0 56

fn=(8602) 0x0000000000051db0
0 24
cob=(2)
cfi=(18)
cfn=(8606)
calls=1 0 
0 3221
0 17
cob=(2)
cfi=(18)
cfn=(8644)
calls=1 0 
0 1342
0 9
cob=(2)
cfi=(18)
cfn=(8666)
calls=1 0 
0 2039
0 3
cob=(2)
cfi=(18)
cfn=(3766)
calls=1 0 
0 21
0 6
cob=(2)
cfi=(18)
cfn=(3786)
calls=1 0 
0 10
0 4
cob=(2)
cfi=(18)
cfn=(2216)
calls=1 0 
0 74
0 1

fn=(9498)
0 13
cob=(2)
cfi=(18)
cfn=(9502)
calls=1 0 
0 1373
0 7

fn=(2172)
0 12

fn=(7438)
0 69

fn=(7776) 0x000000000004d970
0 16
cfn=(7780)
calls=1 0 
0 188
0 3
cfn=(7794) QNetworkProxy::QNetworkProxy(QNetworkProxy const&)
calls=1 0 
0 7
0 7

fn=(7794)
0 7

fn=(7856) 0x000000000004c2d0
0 14
cfn=(7802) QNetworkProxy::~QNetworkProxy()
calls=1 0 
0 9
0 7
cob=(2)
cfi=(18)
cfn=(7912)
calls=1 0 
0 1088
0 27

fn=(8012)
0 12
cfn=(8016)
calls=1 0 
0 186
0 3
cob=(2)
cfi=(18)
cfn=(3742)
calls=1 0 
0 53
0 4
cfn=(8032)
calls=1 0 
0 7
0 5

fn=(8036)
0 14
cfn=(8038) 0x00000000000d63c0
calls=1 0 
0 10
0 6
cfn=(8044)
calls=1 0 
0 18
0 7

fn=(8038)
0 20

fn=(8082) 0x00000000000f0da0
0 26
cfn=(8016)
calls=1 0 
0 269
0 14
cob=(2)
cfi=(18)
cfn=(3742)
calls=1 0 
0 250
0 4
cfn=(8032)
calls=1 0 
0 7
0 14

fn=(8222)
0 16
cob=(2)
cfi=(18)
cfn=(3742)
calls=2 0 
0 114
0 6
cfn=(8226) 0x00000000000ea560
calls=2 0 
0 1731
0 20
cfn=(8242) 0x00000000000ea650
calls=2 0 
0 2138
0 14

fn=(8420)
0 60
cfn=(8156)
calls=4 0 
0 16
0 16
cfn=(8156)
calls=4 0 
0 16
0 40
cob=(2)
cfi=(18)
cfn=(8448)
calls=4 0 
0 904
0 28
cob=(2)
cfi=(18)
cfn=(8438)
calls=4 0 
0 818
0 100
cfn=(7362)
calls=4 0 
0 72
0 20
cfn=(8460) 0x00000000000fd5f0
calls=2 0 
0 3211
0 14
cfn=(8460)
calls=2 0 
0 1002
0 6

fn=(8980) QAbstractSocket::error(QAbstractSocket::SocketError)
0 13
cob=(2)
cfi=(18)
cfn=(7998)
calls=1 0 
0 88
0 5

fn=(9030) 0x00000000000eea00
0 27
cfn=(7802)
calls=3 0 
0 171
0 6
cfn=(7802)
calls=3 0 
0 21
0 26
cfn=(7830)
calls=3 0 
0 362
0 6
cfn=(7830)
calls=3 0 
0 362
0 6
cfn=(8044)
calls=3 0 
0 170
0 6
cfn=(7830)
calls=3 0 
0 362
0 26
cob=(2)
cfi=(18)
cfn=(9088)
calls=2 0 
0 172
0 4
cob=(2)
cfi=(18)
cfn=(8500)
calls=1 0 
0 90
0 3
cob=(2)
cfi=(18)
cfn=(9088)
calls=1 0 
0 1483

fn=(9884)
0 5
cob=(2)
cfi=(18)
cfn=(9876)
calls=1 0 
0 25
0 13
cob=(2)
cfi=(18)
cfn=(7912)
calls=1 0 
0 105
0 4

fn=(3746)
0 18
cob=(2)
cfi=(18)
cfn=(3748)
calls=3 0 
0 1196
0 33
cfn=(3756)
calls=3 0 
0 219
0 15
cfn=(3756)
calls=3 0 
0 219
0 6
cfn=(3756)
calls=3 0 
0 219
0 15
cfn=(3764)
calls=3 0 
0 9326
0 6
cfn=(3764)
calls=3 0 
0 27
0 39

fn=(7886) QNetworkProxy::capabilities() const
0 7

fn=(8052)
0 17
cfn=(8054) 0x00000000000f0d40
calls=1 0 
0 55
0 15
cfn=(8082)
calls=1 0 
0 584
0 8
cfn=(7996)
calls=1 0 
0 106
0 2
cfn=(8118)
calls=1 0 
0 93
0 2
cfn=(8122) 0x00000000000ef080
calls=1 0 
0 15190
0 15
cfn=(8072) QHostInfo::addresses() const
calls=1 0 
0 19
0 8
cfn=(8044)
calls=1 0 
0 18
0 2
cfn=(8044)
calls=1 0 
0 18
0 1

fn=(8226)
0 10
cob=(2)
cfi=(18)
cfn=(8228)
calls=2 0 
0 1015
0 14
cob=(2)
cfi=(18)
cfn=(8008)
calls=2 0 
0 368
0 12
cfn=(3756)
calls=2 0 
0 146
0 8
cfn=(3756)
calls=2 0 
0 146
0 12

fn=(8280)
0 18

fn=(8830) 0x00000000000eab70
0 16

fn=(8850)
0 12
cob=(2)
cfi=(18)
cfn=(8854)
calls=2 0 
0 797
0 8

fn=(8868)
0 14
cob=(2)
cfi=(18)
cfn=(3742)
calls=2 0 
0 114
0 48

fn=(8962) 0x00000000000eab80
0 11

fn=(9012)
0 27
cob=(2)
cfi=(18)
cfn=(9014)
calls=3 0 
0 8454

fn=(9028)
0 24
cfn=(9030)
calls=3 0 
0 3303
0 12
cob=(2)
cfi=(18)
cfn=(7844)
calls=3 0 
0 276

fn=(9816)
0 16
cfn=(9824)
calls=1 0 
0 250
0 5
cfn=(9870) 0x00000000000fcf90
calls=1 0 
0 244
0 2
cob=(2)
cfi=(18)
cfn=(9876)
calls=1 0 
0 937
0 8

fn=(9870)
0 6
cfn=(9826)
calls=1 0 
0 122
0 4
cob=(2)
cfi=(18)
cfn=(7844)
calls=1 0 
0 112

fn=(9976)
0 2
cob=(2)
cfi=(18)
cfn=(9978)
calls=1 0 
0 1008

fn=(2178)
0 5
cob=(2)
cfi=(18)
cfn=(2180)
calls=1 0 
0 1552
0 5
cob=(2)
cfi=(18)
cfn=(2216)
calls=1 0 
0 1159

fn=(7446) QNetworkProxyQuery::QNetworkProxyQuery(QString const&, int, QString const&, QNetworkProxyQuery::QueryType)
0 13
cfn=(7448)
calls=1 0 
0 968
0 4
cob=(2)
cfi=(18)
cfn=(7466)
calls=1 0 
0 1117
0 2
cfn=(7448)
calls=1 0 
0 15
0 5
cob=(2)
cfi=(18)
cfn=(7478)
calls=1 0 
0 4407
0 2
cfn=(7448)
calls=1 0 
0 15
0 4
cob=(2)
cfi=(18)
cfn=(7650)
calls=1 0 
0 950
0 2
cfn=(7448)
calls=1 0 
0 15
0 8

fn=(7712)
0 32
cob=(2)
cfi=(18)
cfn=(7716)
calls=2 0 
0 1929
0 54
cob=(2)
cfi=(18)
cfn=(7726)
calls=2 0 
0 1403
0 22
cob=(2)
cfi=(18)
cfn=(7734)
calls=2 0 
0 2926
0 22
cfn=(7356) 0x00000000000cffe0
calls=2 0 
0 8
0 30

fn=(7760)
0 15
cfn=(7762) 0x00000000000d03d0
calls=5 0 
0 50
0 15

fn=(7830)
0 424
cob=(2)
cfi=(18)
cfn=(7844)
calls=16 0 
0 2401
0 9

fn=(8054)
0 12
cfn=(8044)
calls=1 0 
0 18
0 2
cfn=(8044)
calls=1 0 
0 18
0 5

fn=(8268)
0 24

fn=(8396)
0 78
cob=(2)
cfi=(18)
cfn=(7844)
calls=2 0 
0 184
0 8

fn=(8568)
0 30
cfn=(8570) QAbstractSocket::state() const
calls=2 0 
0 8
0 26
cob=(2)
cfi=(18)
cfn=(8572)
calls=2 0 
0 1021
0 8
cob=(2)
cfi=(18)
cfn=(8262)
calls=2 0 
0 256
0 10
cob=(2)
cfi=(18)
cfn=(8678)
calls=2 0 
0 961
0 20
cob=(2)
cfi=(18)
cfn=(8684)
calls=2 0 
0 1618
0 11
cfn=(8570)
calls=1 0 
0 4
0 4
cfn=(8570)
calls=2 0 
0 8
0 14
cob=(2)
cfi=(18)
cfn=(8730)
calls=2 0 
0 1137
0 8
cob=(2)
cfi=(18)
cfn=(8730)
calls=2 0 
0 114
0 6
cob=(2)
cfi=(18)
cfn=(8738)
calls=2 0 
0 1047
0 20
cfn=(8744)
calls=2 0 
0 3945
0 36
cob=(2)
cfi=(18)
cfn=(8576)
calls=1 0 
0 997
0 5
cob=(2)
cfi=(18)
cfn=(8580)
calls=1 0 
0 1062
0 13
cob=(2)
cfi=(18)
cfn=(8584)
calls=1 0 
0 1553
0 6
cob=(2)
cfi=(18)
cfn=(8588)
calls=1 0 
0 1014
0 3
cob=(2)
cfi=(18)
cfn=(8594)
calls=1 0 
0 958
0 3
cob=(2)
cfi=(18)
cfn=(8598)
calls=1 0 
0 1025
0 3
cob=(2)
cfi=(18)
cfn=(8594)
calls=1 0 
0 33
0 5
cfn=(8602)
calls=1 0 
0 6771
0 13
cfn=(8570)
calls=1 0 
0 4
0 4
cfn=(8570)
calls=1 0 
0 4
0 14
cfn=(8820) 0x00000000000efd70
calls=2 0 
0 8753
0 14
cob=(2)
cfi=(18)
cfn=(8292)
calls=2 0 
0 20
0 10
cfn=(8570)
calls=2 0 
0 8
0 8

fn=(8754)
0 24
cfn=(8756)
calls=2 0 
0 2273
0 10

fn=(8820)
0 44
cfn=(8032)
calls=1 0 
0 7
0 15
cfn=(7830)
calls=1 0 
0 9
0 3
cob=(2)
cfi=(18)
cfn=(7844)
calls=1 0 
0 92
0 4
cob=(2)
cfi=(18)
cfn=(8142)
calls=1 0 
0 41
0 6
cfn=(7830)
calls=1 0 
0 9
0 7
cfn=(8384)
calls=1 0 
0 958
0 4
cfn=(8526)
calls=1 0 
0 4
0 32
cfn=(8534)
calls=1 0 
0 19
0 3
cfn=(8156)
calls=1 0 
0 4
0 3
cfn=(8160)
calls=1 0 
0 7133
0 8
cfn=(8830)
calls=1 0 
0 4
0 7
cfn=(8962)
calls=1 0 
0 11
0 2
cfn=(8830)
calls=1 0 
0 4
0 4
cob=(2)
cfi=(18)
cfn=(7414)
calls=1 0 
0 28
0 12
cfn=(7996)
calls=1 0 
0 106
0 3
cfn=(8980)
calls=1 0 
0 106
0 21
cfn=(8526)
calls=2 0 
0 8
0 8
cfn=(8830)
calls=2 0 
0 8
0 16

fn=(8918)
0 14
cfn=(7830)
calls=2 0 
0 228
0 4
cfn=(7830)
calls=2 0 
0 248
0 20
cob=(2)
cfi=(18)
cfn=(8934)
calls=2 0 
0 1394
0 8
cob=(2)
cfi=(18)
cfn=(7844)
calls=2 0 
0 184
0 4
cob=(2)
cfi=(18)
cfn=(8500)
calls=1 0 
0 90
0 1

fn=(9984)
0 2
cob=(2)
cfi=(18)
cfn=(9978)
calls=1 0 
0 46

fn=(9988) 0x0000000000042600
0 5

fn=(3812)
0 15
cob=(2)
cfi=(18)
cfn=(3814)
calls=1 0 
0 1219
0 41

fn=(3914)
0 64

fn=(7352) QHostAddress::setAddress(QHostAddress::SpecialAddress)
0 10
cfn=(7354)
calls=1 0 
0 14
0 9
cfn=(7356)
calls=1 0 
0 4
0 13

fn=(7358)
0 18
cfn=(7360) QHostAddress::toString() const
calls=1 0 
0 3192
0 6
cfn=(7412)
calls=1 0 
0 47837
0 19

fn=(7360)
0 18
cfn=(7362)
calls=1 0 
0 18
0 3
cob=(2)
cfi=(18)
cfn=(7366)
calls=1 0 
0 3144
0 9

fn=(7436)
0 18
cfn=(7438)
calls=1 0 
0 6
0 15
cfn=(7446)
calls=1 0 
0 7527
0 10
cfn=(7662) QNetworkProxyFactory::proxyForQuery(QNetworkProxyQuery const&)
calls=1 0 
0 11825
0 7
cfn=(7856)
calls=1 0 
0 8
0 3
cfn=(7856)
calls=1 0 
0 8
0 2
cfn=(7866)
calls=1 0 
0 362
0 18
cfn=(7896) QNetworkProxy::operator=(QNetworkProxy const&)
calls=1 0 
0 30
0 2
cfn=(7856)
calls=1 0 
0 1129
0 12
cfn=(7886)
calls=1 0 
0 7
0 4

fn=(7662)
0 27
cfn=(7664) 0x00000000000de040
calls=1 0 
0 11789
0 9

fn=(7772) QNetworkProxy::QNetworkProxy(QNetworkProxy::ProxyType, QString const&, unsigned short, QString const&, QString const&)
0 16
cob=(2)
cfi=(18)
cfn=(3742)
calls=1 0 
0 57
0 52

fn=(7802)
0 111
cob=(2)
cfi=(18)
cfn=(7844)
calls=1 0 
0 92
0 7

fn=(8122)
0 26
cfn=(8032)
calls=1 0 
0 7
0 15
cfn=(7830)
calls=1 0 
0 9
0 3
cob=(2)
cfi=(18)
cfn=(7844)
calls=1 0 
0 92
0 4
cob=(2)
cfi=(18)
cfn=(8142)
calls=1 0 
0 984
0 6
cfn=(7830)
calls=1 0 
0 114
0 7
cfn=(8384)
calls=1 0 
0 4635
0 4
cfn=(8526)
calls=1 0 
0 4
0 21
cfn=(8534)
calls=1 0 
0 19
0 3
cfn=(8156)
calls=1 0 
0 4
0 3
cfn=(8160)
calls=1 0 
0 9228
0 2

fn=(8242)
0 8
cob=(2)
cfi=(18)
cfn=(8244)
calls=2 0 
0 2120
0 10

fn=(8306)
0 48
cob=(2)
cfi=(18)
cfn=(8310)
calls=2 0 
0 933
0 28

fn=(9968)
0 9
cob=(2)
cfi=(18)
cfn=(9974)
calls=1 0 
0 1485
0 1
cfn=(9988)
calls=1 0 
0 5
0 3

fn=(7664)
0 18
cob=(2)
cfi=(18)
cfn=(3800)
calls=1 0 
0 42
0 5
cfn=(3756)
calls=1 0 
0 73
0 3
cfn=(7670)
calls=1 0 
0 801
0 4
cob=(2)
cfi=(18)
cfn=(7680)
calls=1 0 
0 1336
0 2
cob=(2)
cfi=(18)
cfn=(7688)
calls=1 0 
0 779
0 4
cob=(2)
cfi=(18)
cfn=(7696)
calls=1 0 
0 1034
0 7
cob=(2)
cfi=(18)
cfn=(7704)
calls=1 0 
0 1343
0 13
cfn=(7772)
calls=1 0 
0 125
0 3
cfn=(7776)
calls=1 0 
0 221
0 2
cfn=(7802)
calls=1 0 
0 9
0 30
cfn=(7830)
calls=1 0 
0 963
0 2
cob=(2)
cfi=(18)
cfn=(3834)
calls=1 0 
0 21
0 15
cfn=(7712)
calls=1 0 
0 4912
0 4
cfn=(7760)
calls=1 0 
0 16
0 2

fn=(7762)
0 50

fn=(8044)
0 197
cfn=(7830)
calls=1 0 
0 9
0 3
cob=(2)
cfi=(18)
cfn=(7844)
calls=1 0 
0 92
0 16
cob=(2)
cfi=(18)
cfn=(7912)
calls=2 0 
0 192

fn=(8072)
0 6
cfn=(8038)
calls=1 0 
0 10
0 3

fn=(8196)
0 20
cfn=(7438)
calls=2 0 
0 14
0 16

fn=(8208)
0 18
cfn=(7438)
calls=2 0 
0 14
0 14

fn=(8328)
0 32
cfn=(8332) 0x00000000000fcfc0
calls=2 0 
0 10
0 28
cfn=(8344)
calls=2 0 
0 22
0 16
cob=(2)
cfi=(18)
cfn=(8354)
calls=2 0 
0 1040
0 20

fn=(8526)
0 24

fn=(8552)
0 11

ob=(4)
fl=(104)
fn=(306)
27 1
fi=(292) /build/glibc-B3wQXB/glibc-2.31/math/../sysdeps/x86_64/fpu/multiarch/ifunc-avx-fma4.h
+6 5
-1 2
fe=(104)
-5 1

fl=(109)
fn=(316)
30 2
fi=(293) /build/glibc-B3wQXB/glibc-2.31/math/../sysdeps/x86_64/fpu/multiarch/ifunc-fma.h
-1 1
+1 2
-1 3
fe=(109)
+1 1

fl=(113)
fn=(330)
27 1
fi=(114) /build/glibc-B3wQXB/glibc-2.31/math/../sysdeps/x86_64/fpu/multiarch/ifunc-fma4.h
+5 5
-1 2
fe=(113)
-4 1

fn=(324)
35 1
fi=(114)
-3 5
-1 2
+4 1
fe=(113)

fl=(116)
fn=(332)
27 1
fi=(293)
+3 1
-1 1
+1 2
-1 3
fe=(116)
-2 1

fl=(112)
fn=(322)
27 1
fi=(292)
+6 5
-1 2
fe=(112)
-5 1

fl=(126)
fn=(358)
26 1
fi=(292)
+7 5
-1 2
fe=(126)
-6 1

fl=(103)
fn=(304)
26 1
fi=(293)
+4 1
-1 1
+1 2
-1 3
fe=(103)
-3 1

fl=(110)
fn=(318)
27 1
fi=(114)
+5 5
-1 2
fe=(110)
-4 1

fl=(158)
fn=(10810) 0x000000000000d3d0
0 5

fn=(538)
0 12

fn=(10800)
0 9
cob=(2)
cfi=(18)
cfn=(10806)
calls=1 0 
0 383
0 1
cfn=(10810)
calls=1 0 
0 5
0 3

fl=(117)
fn=(334)
26 1
fi=(292)
+7 5
-1 2
fe=(117)
-6 1

fl=(105)
fn=(308)
27 1
fi=(293)
+3 1
-1 1
+1 2
-1 3
fe=(105)
-2 1

fl=(127)
fn=(360)
26 1
fi=(292)
+7 5
-1 2
fe=(127)
-6 1

fl=(115)
fn=(328)
26 1
fi=(293)
+4 1
-1 1
+1 2
-1 3
fe=(115)
-3 1

fl=(108)
fn=(314)
26 1
fi=(293)
+4 1
-1 1
+1 2
-1 3
fe=(108)
-3 1

fl=(107)
fn=(312)
27 1
fi=(293)
+3 1
-1 1
+1 2
-1 3
fe=(107)
-2 1

fl=(106)
fn=(336)
27 2
fi=(292)
+6 10
-1 4
fe=(106)
-5 2

fn=(310)
34 2
fi=(292)
-1 10
-1 4
fe=(106)
+2 2

fl=(111)
fn=(320)
27 1
fi=(293)
+3 1
-1 1
+1 2
-1 3
fe=(111)
-2 1

ob=(14)
fl=(159)
fn=(548)
0 12

fn=(10792) 0x0000000000005520
0 5

fn=(10782)
0 9
cob=(2)
cfi=(18)
cfn=(10788)
calls=1 0 
0 383
0 1
cfn=(10792)
calls=1 0 
0 5
0 3

ob=(27)
fl=(212)
fn=(4056) ucnv_getDefaultName_66
0 3

fn=(4106) void std::call_once<void (&)()>(std::once_flag&, void (&)())
0 30
cob=(2)
cfi=(18)
cfn=(4108)
calls=3 0 
0 42
0 12
cob=(2)
cfi=(18)
cfn=(4108)
calls=3 0 
0 42
0 21
cob=(2)
cfi=(18)
cfn=(4110)
calls=3 0 
0 163
0 24

fn=(4114)
0 10
cob=(2)
cfi=(18)
cfn=(4118)
calls=1 0 
0 8
0 6
cfn=(4124) ucln_common_registerCleanup_66
calls=1 0 
0 13
0 4
cob=(2)
cfi=(18)
cfn=(4108)
calls=1 0 
0 14
0 4

fn=(4270) UDataMemory_normalizeDataPointer_66
0 7

fn=(4280) 0x000000000006d470
0 10
cfn=(4282) UDataMemory_createNewInstance_66
calls=1 0 
0 82
0 8
cfn=(4292) UDatamemory_assign_66
calls=1 0 
0 12
0 2
cfn=(4132) umtx_lock_66
calls=1 0 
0 47
0 10
cfn=(4136) umtx_unlock_66
calls=1 0 
0 29
0 3
cfn=(4124)
calls=1 0 
0 95
0 7

fn=(10306)
0 9
cob=(2)
cfi=(18)
cfn=(10312)
calls=1 0 
0 383
0 1
cfn=(10316) 0x0000000000069770
calls=1 0 
0 5
0 3

fn=(4130) 0x000000000007bd10
0 8
cfn=(4124)
calls=1 0 
0 264
0 7
cfn=(4140) udata_openChoice_66
calls=1 0 
0 4887
0 6
cfn=(4426) udata_getMemory_66
calls=1 0 
0 21
0 71

fn=(4140)
0 52
cfn=(4156) icu_66::CharString::append(char const*, int, UErrorCode&)
calls=1 0 
0 103
0 6
cfn=(4156)
calls=1 0 
0 101
0 6
cfn=(4156)
calls=1 0 
0 101
0 9
cfn=(4170) icu_66::CharString::append(char, UErrorCode&)
calls=1 0 
0 53
0 4
cfn=(4148) icu_66::StringPiece::StringPiece(char const*)
calls=1 0 
0 34
0 5
cfn=(4156)
calls=1 0 
0 103
0 4
cfn=(4170)
calls=1 0 
0 53
0 4
cfn=(4148)
calls=1 0 
0 34
0 5
cfn=(4156)
calls=1 0 
0 103
0 14
cfn=(4206) u_getDataDirectory_66
calls=1 0 
0 1816
0 48
cfn=(4148)
calls=1 0 
0 38
0 6
cfn=(4148)
calls=1 0 
0 34
0 5
cfn=(4156)
calls=1 0 
0 106
0 4
cfn=(4148)
calls=1 0 
0 34
0 5
cfn=(4156)
calls=1 0 
0 107
0 3
cfn=(4148)
calls=1 0 
0 34
0 5
cfn=(4156)
calls=1 0 
0 106
0 4
cfn=(4148)
calls=1 0 
0 34
0 5
cfn=(4156)
calls=1 0 
0 107
0 15
cfn=(4244) 0x000000000006e2b0
calls=1 0 
0 1560
0 17

fn=(4244)
0 30
cfn=(4246) 0x000000000006e020
calls=1 0 
0 603
0 12
cfn=(4320) 0x000000000006f180
calls=1 0 
0 774
0 18
cfn=(4388) 0x000000000007bb20
calls=1 0 
0 13
0 7
cfn=(4282)
calls=1 0 
0 82
0 21

fn=(4246)
0 19
cfn=(4250) UDataMemory_init_66
calls=1 0 
0 8
0 8
cfn=(4132)
calls=1 0 
0 47
0 22
cfn=(4136)
calls=1 0 
0 29
0 2
cfn=(4250)
calls=1 0 
0 8
0 3
cfn=(4268) UDataMemory_setData_66
calls=1 0 
0 15
0 3
cfn=(4274) udata_checkCommonData_66
calls=1 0 
0 48
0 4
cfn=(4280)
calls=1 0 
0 305
0 2
cfn=(4132)
calls=1 0 
0 47
0 3
cfn=(4136)
calls=1 0 
0 29
0 1

fn=(4268)
0 5
cfn=(4270)
calls=1 0 
0 7
0 3

fn=(4274)
0 23
cfn=(4276) udata_getHeaderSize_66
calls=1 0 
0 7
0 18

fn=(4292)
0 12

fn=(4104) icu_66::umtx_initImplPreInit(icu_66::UInitOnce&)
0 26
cfn=(4106)
calls=2 0 
0 269
0 18
cob=(2)
cfi=(18)
cfn=(4126)
calls=2 0 
0 62
0 56
cob=(2)
cfi=(18)
cfn=(4128)
calls=2 0 
0 42
0 2

fn=(4148)
0 63
cob=(2)
cfi=(18)
cfn=(4150)
calls=7 0 
0 158
0 21

fn=(4426)
0 9
cfn=(4276)
calls=1 0 
0 7
0 5

fn=(4132)
0 72
cob=(2)
cfi=(18)
cfn=(4126)
calls=6 0 
0 186
0 25
cfn=(4134) icu_66::UMutex::getMutex()
calls=1 0 
0 167
0 1

fn=(4134)
0 14
cfn=(4106)
calls=1 0 
0 65
0 6
cob=(2)
cfi=(18)
cfn=(4126)
calls=1 0 
0 31
0 10
cob=(2)
cfi=(18)
cfn=(4128)
calls=1 0 
0 21
0 20

fn=(4156)
0 419
cfn=(4158) icu_66::CharString::ensureCapacity(int, int, UErrorCode&)
calls=9 0 
0 243
0 63
cob=(2)
cfi=(18)
cfn=(4160)
calls=9 0 
0 149
0 63

fn=(4276)
0 14

fn=(4282)
0 22
cfn=(4284) uprv_malloc_66
calls=2 0 
0 104
0 10
cfn=(4250)
calls=2 0 
0 16
0 12

fn=(4442) 0x000000000007c2d0
0 16
cfn=(4446) 0x000000000007c0a0
calls=1 0 
0 441
0 7
cob=(2)
cfi=(18)
cfn=(4150)
calls=1 0 
0 22
0 6
cfn=(4470) ucnv_io_stripASCIIForCompare_66
calls=1 0 
0 98
0 162
cob=(2)
cfi=(18)
cfn=(4480)
calls=10 0 
0 230
0 73

fn=(4136)
0 48
cob=(2)
cfi=(18)
cfn=(4128)
calls=6 0 
0 126

fn=(4250)
0 32

fn=(4320)
0 774

fn=(10316)
0 5

fn=(4158)
0 297

fn=(4170)
0 22
cfn=(4158)
calls=2 0 
0 54
0 30

fn=(4206)
0 7
cfn=(4104)
calls=1 0 
0 168
0 6
cfn=(4212) icu_66::umtx_initImplPostInit(icu_66::UInitOnce&)
calls=1 0 
0 1132
0 5
cob=(2)
cfi=(18)
cfn=(4208)
calls=1 0 
0 377
0 5
cfn=(4210) u_setDataDirectory_66
calls=1 0 
0 115
0 1

fn=(4210)
0 20
cfn=(4124)
calls=1 0 
0 95

fn=(4212)
0 26
cob=(2)
cfi=(18)
cfn=(4126)
calls=2 0 
0 62
0 14
cob=(2)
cfi=(18)
cfn=(4128)
calls=2 0 
0 42
0 10
cob=(2)
cfi=(18)
cfn=(4214)
calls=2 0 
0 1088

fn=(4284)
0 16
cob=(2)
cfi=(18)
cfn=(4286)
calls=2 0 
0 88

fn=(4452) uprv_stricmp_66
0 105
cfn=(4454) uprv_asciitolower_66
calls=9 0 
0 54
0 27
cfn=(4454)
calls=9 0 
0 54
0 118

fn=(4102) ucnv_getStandardName_66
0 19
cfn=(4104)
calls=1 0 
0 307
0 4
cfn=(4130)
calls=1 0 
0 5264
0 4
cfn=(4212)
calls=1 0 
0 110
0 11
cfn=(4442)
calls=1 0 
0 1055
0 12

fn=(4388)
0 13

fn=(4446)
0 66
cfn=(4452)
calls=6 0 
0 358
0 17

fn=(1494)
0 12

fn=(4124)
0 32

ob=(32)
fl=(223)
fn=(8552)
0 2
cfn=(8044)
calls=1 0 
0 229
0 12
cob=(2)
cfi=(18)
cfn=(8500)
calls=1 0 
0 90
0 4
cob=(2)
cfi=(18)
cfn=(7844)
calls=1 0 
0 92

fn=(8570)
0 36

fn=(9842)
0 118

fn=(7350)
0 8
cob=(2)
cfi=(18)
cfn=(3742)
calls=1 0 
0 57
0 15
cfn=(7352)
calls=1 0 
0 50

fn=(7356)
0 12

fn=(7364)
0 75

fn=(7896)
0 30

fn=(8006)
0 8
cob=(2)
cfi=(18)
cfn=(3742)
calls=1 0 
0 57
0 5
cob=(2)
cfi=(18)
cfn=(8008)
calls=1 0 
0 1232
0 11

fn=(8332)
0 10

fn=(8460)
0 86
cob=(2)
cfi=(18)
cfn=(8474)
calls=4 0 
0 2593
0 64
cob=(2)
cfi=(18)
cfn=(8500)
calls=4 0 
0 1422
0 12

ob=(27)
fl=(212)
fn=(4124)
0 9
cfn=(4132)
calls=3 0 
0 310
0 12
cfn=(4136)
calls=3 0 
0 87
0 17

fn=(4454)
0 108

fn=(4470)
0 98

ob=(32)
fl=(223)
fn=(8460)
0 36

totals: 15811256
